customer_id,identity_segment,engagement_tier,age,income,cost_preference,preferred_price_tier,group_size,explore_prob,preferred_rest_type,order_frequency_days,base_churn_hazard,location
1000001,Couple,occasional,43,59373,631.0,Mid-range,1,0.3,Fine Dining,27.8,0.06,Whitefield
1000002,Office Worker,occasional,36,87255,365.0,Budget,2,0.2,Cafe,4.2,0.06,HSR
1000003,Couple,regular,28,102362,902.0,Mid-range,3,0.3,Cafe,4.8,0.03,Koramangala 5th Block
1000004,Family,power_user,55,178855,666.0,Mid-range,7,0.15,Casual Dining,1.3,0.01,Indiranagar
1000005,Student,regular,24,20379,324.0,Budget,3,0.35,Beverage Shop,6.2,0.03,Bannerghatta Road
1000006,Food Explorer,regular,22,106654,735.0,Mid-range,3,0.7,Confectionery,1.0,0.03,BTM
1000007,Couple,regular,24,83088,898.0,Mid-range,3,0.3,Microbrewery,2.3,0.03,Koramangala 1st Block
1000008,Couple,trial_only,29,94388,963.0,Mid-range,1,0.3,Cafe,16.7,0.15,Koramangala 7th Block
1000009,Student,regular,23,18670,387.0,Budget,1,0.35,Quick Bites,3.4,0.03,Koramangala 1st Block
1000010,Office Worker,regular,33,62845,621.0,Mid-range,2,0.2,Casual Dining,1.7,0.03,Koramangala 4th Block
1000011,Office Worker,occasional,32,43400,576.0,Mid-range,2,0.2,Quick Bites,5.0,0.06,BTM
1000012,Food Explorer,occasional,29,80265,188.0,Budget,1,0.7,Quick Bites,27.2,0.06,Ejipura
1000013,Family,power_user,37,160800,1038.0,Premium,5,0.15,Casual Dining,5.3,0.01,JP Nagar
1000014,Couple,regular,38,65566,1756.0,Premium,4,0.3,Fine Dining,9.5,0.03,Bellandur
1000015,Office Worker,trial_only,24,77574,280.0,Budget,1,0.2,Casual Dining,38.3,0.15,Cunningham Road
1000016,Student,regular,22,31361,387.0,Budget,2,0.35,Quick Bites,5.9,0.03,Frazer Town
1000017,Family,occasional,27,64183,845.0,Mid-range,6,0.15,Fine Dining,7.7,0.06,Frazer Town
1000018,Student,occasional,23,26895,274.0,Budget,3,0.35,Quick Bites,12.1,0.06,Rajajinagar
1000019,Couple,regular,28,98515,1232.0,Premium,3,0.3,Fine Dining,6.4,0.03,City Market
1000020,Family,occasional,22,136552,889.0,Mid-range,4,0.15,Casual Dining,9.0,0.06,BTM
1000021,Couple,regular,33,79465,1547.0,Premium,2,0.3,Pub,8.8,0.03,Mysore Road
1000022,Office Worker,regular,30,43220,561.0,Mid-range,1,0.2,Casual Dining,16.4,0.03,Thippasandra
1000023,Food Explorer,regular,31,62963,223.0,Budget,2,0.7,Quick Bites,1.5,0.03,HSR
1000024,Couple,trial_only,42,65316,1005.0,Premium,1,0.3,Cafe,16.7,0.15,Indiranagar
1000025,Couple,regular,39,90548,1228.0,Premium,1,0.3,Lounge,4.9,0.03,MG Road
1000026,Student,regular,20,31826,426.0,Budget,2,0.35,Cafe,6.7,0.03,Ejipura
1000027,Office Worker,trial_only,36,76719,177.0,Budget,1,0.2,Quick Bites,26.2,0.15,Koramangala 7th Block
1000028,Student,regular,21,14485,251.0,Budget,1,0.35,Quick Bites,18.9,0.03,Brigade Road
1000029,Student,trial_only,19,23953,178.0,Budget,1,0.35,Dessert Parlor,30.3,0.15,HSR
1000030,Family,occasional,20,68846,526.0,Mid-range,3,0.15,Casual Dining,13.7,0.06,Basavanagudi
1000031,Family,occasional,20,67142,997.0,Mid-range,5,0.15,Casual Dining,6.5,0.06,Brigade Road
1000032,Food Explorer,occasional,26,90049,467.0,Budget,1,0.7,Meat Shop,22.1,0.06,HSR
1000033,Office Worker,occasional,37,48151,217.0,Budget,1,0.2,Quick Bites,5.7,0.06,Vasanth Nagar
1000034,Office Worker,regular,31,72261,434.0,Budget,1,0.2,Casual Dining,9.6,0.03,JP Nagar
1000035,Office Worker,trial_only,31,39354,654.0,Mid-range,2,0.2,Quick Bites,35.5,0.15,Koramangala 7th Block
1000036,Student,trial_only,20,12990,155.0,Budget,1,0.35,Cafe,24.6,0.15,Shanti Nagar
1000037,Student,trial_only,19,27876,343.0,Budget,2,0.35,Food Court,8.9,0.15,Kalyan Nagar
1000038,Office Worker,occasional,35,42411,607.0,Mid-range,2,0.2,Delivery,25.4,0.06,JP Nagar
1000039,Student,occasional,18,11453,296.0,Budget,1,0.35,Quick Bites,14.4,0.06,Central Bangalore
1000040,Family,occasional,42,154652,1186.0,Premium,3,0.15,Casual Dining,9.9,0.06,BTM
1000041,Office Worker,power_user,39,72324,384.0,Budget,2,0.2,Delivery,4.2,0.01,Rajajinagar
1000042,Couple,occasional,43,142959,1634.0,Premium,3,0.3,Lounge,5.7,0.06,Electronic City
1000043,Family,occasional,33,131883,1042.0,Premium,3,0.15,Casual Dining,21.6,0.06,BTM
1000044,Office Worker,occasional,38,58589,447.0,Budget,1,0.2,Delivery,7.4,0.06,Whitefield
1000045,Couple,regular,29,117043,754.0,Mid-range,3,0.3,Microbrewery,7.9,0.03,BTM
1000046,Couple,occasional,29,129201,899.0,Mid-range,2,0.3,Cafe,13.4,0.06,JP Nagar
1000047,Office Worker,occasional,29,67752,216.0,Budget,1,0.2,Delivery,15.9,0.06,Ejipura
1000048,Office Worker,regular,23,49164,509.0,Mid-range,2,0.2,Cafe,12.8,0.03,Indiranagar
1000049,Family,trial_only,29,166774,895.0,Mid-range,3,0.15,Dessert Parlor,31.5,0.15,Ulsoor
1000050,Student,occasional,23,27581,306.0,Budget,3,0.35,Quick Bites,20.2,0.06,JP Nagar
1000051,Student,power_user,23,31933,290.0,Budget,3,0.35,Quick Bites,0.2,0.01,Whitefield
1000052,Student,power_user,20,23931,409.0,Budget,2,0.35,Cafe,1.6,0.01,Jayanagar
1000053,Couple,occasional,30,94991,1289.0,Premium,2,0.3,Cafe,23.1,0.06,Basaveshwara Nagar
1000054,Family,regular,32,161186,689.0,Mid-range,1,0.15,Fine Dining,21.3,0.03,JP Nagar
1000055,Family,trial_only,24,133394,829.0,Mid-range,3,0.15,Fine Dining,24.8,0.15,MG Road
1000056,Couple,regular,27,127590,1814.0,Premium,2,0.3,Cafe,11.6,0.03,Marathahalli
1000057,Office Worker,power_user,40,83396,512.0,Mid-range,3,0.2,Delivery,1.6,0.01,HSR
1000058,Family,regular,44,94096,722.0,Mid-range,3,0.15,Casual Dining,9.2,0.03,Koramangala 6th Block
1000059,Student,occasional,22,14825,296.0,Budget,2,0.35,Bakery,33.3,0.06,Marathahalli
1000060,Student,trial_only,19,13736,337.0,Budget,1,0.35,Cafe,29.5,0.15,Old Airport Road
1000061,Family,trial_only,50,131988,716.0,Mid-range,3,0.15,Casual Dining,38.3,0.15,Bommanahalli
1000062,Office Worker,occasional,26,78460,399.0,Budget,1,0.2,Delivery,4.9,0.06,Sarjapur Road
1000063,Family,trial_only,54,177145,798.0,Mid-range,4,0.15,Casual Dining,44.4,0.15,Indiranagar
1000064,Couple,power_user,35,53279,1656.0,Premium,1,0.3,Cafe,8.8,0.01,Koramangala 7th Block
1000065,Family,occasional,31,60199,958.0,Mid-range,1,0.15,Casual Dining,7.2,0.06,Ejipura
1000066,Family,trial_only,47,141485,718.0,Mid-range,5,0.15,Fine Dining,8.4,0.15,Kalyan Nagar
1000067,Family,regular,35,92348,974.0,Mid-range,6,0.15,Cafe,6.7,0.03,BTM
1000068,Office Worker,trial_only,27,58555,451.0,Budget,1,0.2,Casual Dining,22.8,0.15,BTM
1000069,Student,regular,22,11967,328.0,Budget,1,0.35,Quick Bites,1.7,0.03,Koramangala 5th Block
1000070,Office Worker,regular,35,34518,475.0,Budget,1,0.2,Food Court,2.4,0.03,Koramangala 6th Block
1000071,Student,occasional,22,23202,131.0,Budget,1,0.35,Cafe,26.3,0.06,Koramangala 5th Block
1000072,Office Worker,trial_only,31,71314,145.0,Budget,1,0.2,Casual Dining,53.5,0.15,Whitefield
1000073,Couple,regular,31,138624,1268.0,Premium,2,0.3,Lounge,13.0,0.03,Koramangala 7th Block
1000074,Student,trial_only,20,22072,232.0,Budget,1,0.35,Quick Bites,23.8,0.15,Koramangala 6th Block
1000075,Student,regular,24,26139,169.0,Budget,1,0.35,Dessert Parlor,7.9,0.03,Lavelle Road
1000076,Office Worker,occasional,29,81606,368.0,Budget,1,0.2,Casual Dining,11.1,0.06,Bellandur
1000077,Office Worker,occasional,40,55912,542.0,Mid-range,1,0.2,Quick Bites,12.8,0.06,New BEL Road
1000078,Family,regular,25,85036,872.0,Mid-range,3,0.15,Casual Dining,1.5,0.03,BTM
1000079,Family,occasional,25,159050,954.0,Mid-range,2,0.15,Dessert Parlor,7.0,0.06,Koramangala 7th Block
1000080,Couple,occasional,31,50229,1336.0,Premium,2,0.3,Pub,7.2,0.06,Bellandur
1000081,Family,occasional,20,93115,616.0,Mid-range,5,0.15,Casual Dining,11.5,0.06,Bommanahalli
1000082,Office Worker,regular,38,37829,528.0,Mid-range,1,0.2,Quick Bites,11.1,0.03,Frazer Town
1000083,Couple,regular,31,114349,1376.0,Premium,1,0.3,Cafe,5.0,0.03,Richmond Road
1000084,Student,trial_only,18,16740,291.0,Budget,1,0.35,Quick Bites,73.5,0.15,Koramangala 8th Block
1000085,Student,occasional,22,18607,305.0,Budget,1,0.35,Cafe,4.0,0.06,Whitefield
1000086,Student,trial_only,24,26306,363.0,Budget,2,0.35,Dessert Parlor,20.0,0.15,Brookefield
1000087,Family,occasional,55,95547,650.0,Mid-range,4,0.15,Casual Dining,0.7,0.06,Domlur
1000088,Office Worker,trial_only,24,51758,559.0,Mid-range,1,0.2,Casual Dining,33.1,0.15,Koramangala
1000089,Student,regular,23,22480,345.0,Budget,3,0.35,Cafe,5.8,0.03,Bellandur
1000090,Office Worker,occasional,29,37094,450.0,Budget,1,0.2,Quick Bites,18.2,0.06,Kalyan Nagar
1000091,Student,occasional,23,33380,422.0,Budget,1,0.35,Dessert Parlor,7.1,0.06,Koramangala 5th Block
1000092,Family,regular,41,177789,541.0,Mid-range,3,0.15,Fine Dining,2.4,0.03,Koramangala 6th Block
1000093,Office Worker,regular,36,72781,404.0,Budget,1,0.2,Cafe,3.0,0.03,Bellandur
1000094,Office Worker,occasional,38,36493,382.0,Budget,1,0.2,Cafe,16.9,0.06,HSR
1000095,Office Worker,trial_only,39,58346,486.0,Budget,1,0.2,Delivery,8.1,0.15,Jeevan Bhima Nagar
1000096,Family,occasional,25,102614,1036.0,Premium,1,0.15,Fine Dining,9.2,0.06,St. Marks Road
1000097,Office Worker,power_user,36,39981,352.0,Budget,1,0.2,Delivery,0.6,0.01,HBR Layout
1000098,Student,trial_only,18,31915,564.0,Mid-range,3,0.35,Cafe,26.9,0.15,Koramangala 5th Block
1000099,Student,regular,24,20376,247.0,Budget,1,0.35,Quick Bites,2.2,0.03,BTM
1000100,Food Explorer,regular,33,92209,690.0,Mid-range,2,0.7,Beverage Shop,3.3,0.03,Residency Road
1000101,Food Explorer,trial_only,25,95291,601.0,Mid-range,1,0.7,Food Court,9.3,0.15,Whitefield
1000102,Family,occasional,30,98376,809.0,Mid-range,2,0.15,Cafe,45.1,0.06,Banashankari
1000103,Office Worker,trial_only,39,50919,371.0,Budget,1,0.2,Casual Dining,33.1,0.15,Koramangala 7th Block
1000104,Food Explorer,trial_only,34,117628,867.0,Mid-range,2,0.7,Bakery,65.2,0.15,Sarjapur Road
1000105,Couple,occasional,29,132460,944.0,Mid-range,2,0.3,Cafe,23.9,0.06,Koramangala 1st Block
1000106,Family,regular,49,120132,446.0,Budget,1,0.15,Casual Dining,5.3,0.03,BTM
1000107,Office Worker,regular,35,62014,338.0,Budget,2,0.2,Casual Dining,3.8,0.03,Whitefield
1000108,Office Worker,trial_only,24,30486,595.0,Mid-range,1,0.2,Cafe,22.5,0.15,Wilson Garden
1000109,Student,trial_only,19,15106,400.0,Budget,1,0.35,Quick Bites,12.7,0.15,Bannerghatta Road
1000110,Food Explorer,regular,38,40493,100.0,Budget,2,0.7,Dessert Parlor,0.7,0.03,Indiranagar
1000111,Office Worker,regular,29,78356,531.0,Mid-range,2,0.2,Casual Dining,1.5,0.03,BTM
1000112,Student,regular,18,33526,141.0,Budget,1,0.35,Beverage Shop,9.8,0.03,Marathahalli
1000113,Office Worker,regular,33,39730,447.0,Budget,2,0.2,Food Court,1.7,0.03,JP Nagar
1000114,Family,trial_only,52,93741,558.0,Mid-range,3,0.15,Casual Dining,14.2,0.15,Brigade Road
1000115,Student,power_user,21,18806,371.0,Budget,1,0.35,Quick Bites,2.2,0.01,Richmond Road
1000116,Couple,regular,45,131207,1366.0,Premium,1,0.3,Microbrewery,2.3,0.03,BTM
1000117,Couple,trial_only,26,90726,1494.0,Premium,2,0.3,Pub,39.2,0.15,Frazer Town
1000118,Family,occasional,44,65227,741.0,Mid-range,5,0.15,Cafe,27.1,0.06,BTM
1000119,Office Worker,occasional,34,65151,431.0,Budget,1,0.2,Cafe,3.7,0.06,Richmond Road
1000120,Family,regular,55,77630,500.0,Budget,3,0.15,Cafe,1.6,0.03,Koramangala 5th Block
1000121,Family,power_user,38,137420,594.0,Mid-range,2,0.15,Cafe,1.7,0.01,Jayanagar
1000122,Family,regular,49,162814,990.0,Mid-range,5,0.15,Cafe,10.3,0.03,HSR
1000123,Student,power_user,19,11691,329.0,Budget,1,0.35,Dessert Parlor,4.4,0.01,Koramangala 6th Block
1000124,Office Worker,regular,23,89646,460.0,Budget,1,0.2,Cafe,1.4,0.03,Kammanahalli
1000125,Student,regular,23,26579,401.0,Budget,2,0.35,Food Court,8.3,0.03,Koramangala 6th Block
1000126,Office Worker,regular,23,33115,320.0,Budget,1,0.2,Food Court,5.2,0.03,Koramangala 8th Block
1000127,Office Worker,power_user,38,43200,522.0,Mid-range,1,0.2,Casual Dining,5.9,0.01,BTM
1000128,Student,trial_only,18,14191,206.0,Budget,1,0.35,Beverage Shop,11.8,0.15,Jayanagar
1000129,Student,regular,22,32092,418.0,Budget,1,0.35,Quick Bites,2.2,0.03,Marathahalli
1000130,Family,regular,36,146750,909.0,Mid-range,4,0.15,Casual Dining,10.6,0.03,Indiranagar
1000131,Student,trial_only,22,19323,377.0,Budget,2,0.35,Quick Bites,6.3,0.15,Bannerghatta Road
1000132,Food Explorer,regular,33,82360,425.0,Budget,1,0.7,Beverage Shop,6.7,0.03,Sarjapur Road
1000133,Family,occasional,35,101806,1236.0,Premium,2,0.15,Casual Dining,12.0,0.06,Koramangala 5th Block
1000134,Office Worker,trial_only,31,54358,650.0,Mid-range,1,0.2,Food Court,17.3,0.15,JP Nagar
1000135,Family,occasional,38,136575,886.0,Mid-range,4,0.15,Casual Dining,10.1,0.06,HSR
1000136,Student,regular,22,14861,394.0,Budget,2,0.35,Food Court,6.7,0.03,Indiranagar
1000137,Food Explorer,occasional,35,100776,525.0,Mid-range,2,0.7,Beverage Shop,1.7,0.06,Banashankari
1000138,Office Worker,occasional,31,86727,323.0,Budget,1,0.2,Quick Bites,6.0,0.06,Brigade Road
1000139,Couple,regular,31,147404,1439.0,Premium,2,0.3,Cafe,1.0,0.03,Indiranagar
1000140,Student,power_user,18,14306,226.0,Budget,1,0.35,Cafe,0.2,0.01,HBR Layout
1000141,Office Worker,power_user,37,54705,581.0,Mid-range,1,0.2,Food Court,0.6,0.01,Banashankari
1000142,Office Worker,trial_only,27,45915,555.0,Mid-range,2,0.2,Quick Bites,23.3,0.15,Whitefield
1000143,Food Explorer,regular,30,90797,659.0,Mid-range,1,0.7,Delivery,9.2,0.03,BTM
1000144,Family,regular,55,98916,836.0,Mid-range,4,0.15,Dessert Parlor,12.6,0.03,JP Nagar
1000145,Office Worker,occasional,37,53680,549.0,Mid-range,1,0.2,Casual Dining,25.6,0.06,Koramangala 1st Block
1000146,Office Worker,trial_only,29,38315,477.0,Budget,1,0.2,Casual Dining,29.4,0.15,JP Nagar
1000147,Office Worker,power_user,31,63597,410.0,Budget,1,0.2,Casual Dining,0.3,0.01,Jayanagar
1000148,Office Worker,power_user,28,62174,299.0,Budget,1,0.2,Cafe,0.6,0.01,Sanjay Nagar
1000149,Office Worker,regular,34,63095,546.0,Mid-range,1,0.2,Casual Dining,9.0,0.03,Thippasandra
1000150,Student,occasional,19,18533,329.0,Budget,2,0.35,Dessert Parlor,5.3,0.06,Brigade Road
1000151,Couple,occasional,44,125584,2027.0,Luxury,2,0.3,Pub,26.2,0.06,Shanti Nagar
1000152,Couple,trial_only,45,110785,1171.0,Premium,2,0.3,Cafe,13.5,0.15,Whitefield
1000153,Student,power_user,20,14413,324.0,Budget,1,0.35,Dessert Parlor,3.6,0.01,Residency Road
1000154,Family,regular,28,104143,865.0,Mid-range,6,0.15,Dessert Parlor,8.3,0.03,Commercial Street
1000155,Student,regular,21,26517,352.0,Budget,1,0.35,Quick Bites,14.5,0.03,Lavelle Road
1000156,Family,regular,43,73970,607.0,Mid-range,5,0.15,Casual Dining,5.8,0.03,Banashankari
1000157,Office Worker,occasional,34,51133,442.0,Budget,1,0.2,Cafe,12.4,0.06,Lavelle Road
1000158,Family,occasional,21,164712,966.0,Mid-range,4,0.15,Fine Dining,13.6,0.06,BTM
1000159,Family,regular,45,113010,733.0,Mid-range,3,0.15,Casual Dining,11.9,0.03,Marathahalli
1000160,Couple,occasional,25,100965,1437.0,Premium,2,0.3,Microbrewery,5.7,0.06,Banaswadi
1000161,Student,regular,20,27036,308.0,Budget,2,0.35,Quick Bites,4.8,0.03,Bannerghatta Road
1000162,Food Explorer,occasional,35,65748,700.0,Mid-range,2,0.7,Beverage Shop,12.7,0.06,Koramangala 5th Block
1000163,Student,regular,24,30662,392.0,Budget,2,0.35,Quick Bites,1.5,0.03,Banaswadi
1000164,Student,occasional,22,10409,282.0,Budget,2,0.35,Bakery,9.4,0.06,Ulsoor
1000165,Family,regular,25,116718,510.0,Mid-range,2,0.15,Casual Dining,8.2,0.03,Koramangala 7th Block
1000166,Office Worker,trial_only,35,65871,423.0,Budget,1,0.2,Cafe,8.0,0.15,Jayanagar
1000167,Couple,trial_only,24,73904,952.0,Mid-range,2,0.3,Microbrewery,43.8,0.15,BTM
1000168,Couple,trial_only,29,128251,562.0,Mid-range,3,0.3,Cafe,27.1,0.15,Domlur
1000169,Office Worker,trial_only,25,34766,439.0,Budget,1,0.2,Quick Bites,57.1,0.15,JP Nagar
1000170,Food Explorer,regular,40,92005,650.0,Mid-range,1,0.7,Pub,13.2,0.03,Banashankari
1000171,Office Worker,occasional,29,68002,552.0,Mid-range,1,0.2,Quick Bites,36.6,0.06,Indiranagar
1000172,Office Worker,regular,33,77263,336.0,Budget,1,0.2,Casual Dining,6.3,0.03,JP Nagar
1000173,Office Worker,trial_only,37,42424,459.0,Budget,3,0.2,Casual Dining,40.1,0.15,Bellandur
1000174,Food Explorer,regular,40,52399,882.0,Mid-range,1,0.7,Meat Shop,6.9,0.03,Basavanagudi
1000175,Student,regular,24,24512,254.0,Budget,2,0.35,Quick Bites,4.8,0.03,JP Nagar
1000176,Student,occasional,19,34293,343.0,Budget,3,0.35,Bakery,11.7,0.06,BTM
1000177,Office Worker,power_user,30,77097,610.0,Mid-range,2,0.2,Cafe,1.6,0.01,Koramangala 1st Block
1000178,Food Explorer,occasional,29,56906,134.0,Budget,1,0.7,Beverage Shop,4.7,0.06,Koramangala 6th Block
1000179,Couple,regular,41,90789,1282.0,Premium,3,0.3,Cafe,5.9,0.03,MG Road
1000180,Family,occasional,32,92013,1033.0,Premium,4,0.15,Cafe,15.5,0.06,Electronic City
1000181,Couple,trial_only,29,127987,1095.0,Premium,3,0.3,Fine Dining,17.0,0.15,Marathahalli
1000182,Couple,occasional,40,101233,1616.0,Premium,2,0.3,Fine Dining,8.8,0.06,Koramangala 5th Block
1000183,Office Worker,regular,31,56248,513.0,Mid-range,2,0.2,Quick Bites,17.4,0.03,Indiranagar
1000184,Office Worker,power_user,36,30311,627.0,Mid-range,1,0.2,Cafe,2.0,0.01,Whitefield
1000185,Couple,power_user,32,113368,1375.0,Premium,2,0.3,Cafe,0.7,0.01,HSR
1000186,Family,power_user,37,113094,1171.0,Premium,4,0.15,Casual Dining,2.5,0.01,Majestic
1000187,Office Worker,occasional,23,32379,480.0,Budget,2,0.2,Cafe,12.0,0.06,Koramangala 5th Block
1000188,Student,regular,18,14893,191.0,Budget,1,0.35,Beverage Shop,5.6,0.03,Sarjapur Road
1000189,Family,regular,20,147174,674.0,Mid-range,2,0.15,Casual Dining,6.2,0.03,Bannerghatta Road
1000190,Office Worker,regular,26,74941,552.0,Mid-range,1,0.2,Cafe,4.3,0.03,Koramangala 6th Block
1000191,Food Explorer,trial_only,28,79503,850.0,Mid-range,1,0.7,Bar,13.3,0.15,Sarjapur Road
1000192,Student,regular,18,28944,275.0,Budget,2,0.35,Quick Bites,0.8,0.03,Brigade Road
1000193,Student,regular,19,28460,444.0,Budget,2,0.35,Quick Bites,2.1,0.03,Jayanagar
1000194,Couple,occasional,42,111574,1094.0,Premium,4,0.3,Pub,18.1,0.06,Jayanagar
1000195,Student,power_user,23,15211,337.0,Budget,4,0.35,Cafe,7.3,0.01,Koramangala 5th Block
1000196,Student,trial_only,20,20542,335.0,Budget,2,0.35,Bakery,13.3,0.15,Bannerghatta Road
1000197,Family,power_user,54,157966,534.0,Mid-range,4,0.15,Casual Dining,1.8,0.01,Marathahalli
1000198,Couple,occasional,26,81023,1167.0,Premium,2,0.3,Lounge,12.3,0.06,Koramangala
1000199,Student,occasional,18,26502,490.0,Budget,2,0.35,Cafe,44.9,0.06,BTM
1000200,Office Worker,trial_only,29,79648,358.0,Budget,1,0.2,Cafe,24.4,0.15,Sarjapur Road
1000201,Couple,occasional,29,103325,1388.0,Premium,3,0.3,Microbrewery,48.0,0.06,Sanjay Nagar
1000202,Food Explorer,occasional,23,80567,311.0,Budget,1,0.7,Takeaway,1.7,0.06,Bommanahalli
1000203,Office Worker,regular,38,41258,357.0,Budget,3,0.2,Delivery,1.0,0.03,Richmond Road
1000204,Student,occasional,24,22412,187.0,Budget,1,0.35,Quick Bites,33.3,0.06,Bannerghatta Road
1000205,Student,occasional,19,11045,375.0,Budget,1,0.35,Dessert Parlor,4.9,0.06,Basavanagudi
1000206,Student,occasional,20,12835,230.0,Budget,2,0.35,Beverage Shop,10.5,0.06,Thippasandra
1000207,Student,occasional,23,23549,401.0,Budget,2,0.35,Quick Bites,10.0,0.06,Koramangala 7th Block
1000208,Family,regular,53,86206,694.0,Mid-range,5,0.15,Casual Dining,1.3,0.03,Jayanagar
1000209,Student,regular,20,18685,310.0,Budget,2,0.35,Cafe,5.0,0.03,BTM
1000210,Office Worker,regular,35,51629,491.0,Budget,1,0.2,Cafe,26.0,0.03,Brigade Road
1000211,Family,power_user,20,116787,477.0,Budget,2,0.15,Casual Dining,4.9,0.01,BTM
1000212,Family,regular,40,143863,841.0,Mid-range,3,0.15,Casual Dining,1.5,0.03,Indiranagar
1000213,Student,power_user,24,21152,328.0,Budget,1,0.35,Quick Bites,0.5,0.01,Ulsoor
1000214,Couple,occasional,34,134527,1542.0,Premium,3,0.3,Fine Dining,18.9,0.06,Whitefield
1000215,Family,occasional,43,117862,608.0,Mid-range,1,0.15,Casual Dining,38.1,0.06,JP Nagar
1000216,Family,occasional,44,179144,637.0,Mid-range,3,0.15,Dessert Parlor,47.0,0.06,Koramangala 4th Block
1000217,Student,occasional,22,34987,353.0,Budget,1,0.35,Cafe,17.4,0.06,BTM
1000218,Student,power_user,22,20686,413.0,Budget,2,0.35,Quick Bites,0.6,0.01,Bommanahalli
1000219,Food Explorer,power_user,38,101240,452.0,Budget,2,0.7,Mess,3.5,0.01,CV Raman Nagar
1000220,Office Worker,occasional,23,57192,326.0,Budget,1,0.2,Quick Bites,4.9,0.06,Sanjay Nagar
1000221,Office Worker,trial_only,38,82509,418.0,Budget,2,0.2,Cafe,31.1,0.15,BTM
1000222,Office Worker,occasional,39,75964,349.0,Budget,1,0.2,Delivery,21.7,0.06,BTM
1000223,Family,occasional,52,100608,880.0,Mid-range,3,0.15,Fine Dining,6.9,0.06,HSR
1000224,Food Explorer,occasional,28,65698,330.0,Budget,2,0.7,Cafe,31.2,0.06,Jeevan Bhima Nagar
1000225,Office Worker,occasional,33,82846,547.0,Mid-range,2,0.2,Casual Dining,11.1,0.06,Domlur
1000226,Food Explorer,occasional,28,83241,653.0,Mid-range,1,0.7,Irani Cafe,10.3,0.06,BTM
1000227,Student,occasional,23,27370,380.0,Budget,1,0.35,Quick Bites,6.6,0.06,BTM
1000228,Family,power_user,34,141242,315.0,Budget,4,0.15,Cafe,3.7,0.01,Indiranagar
1000229,Family,power_user,31,79903,448.0,Budget,2,0.15,Casual Dining,4.1,0.01,Whitefield
1000230,Student,regular,22,15906,403.0,Budget,1,0.35,Bakery,15.2,0.03,BTM
1000231,Student,occasional,18,32510,242.0,Budget,1,0.35,Cafe,9.8,0.06,BTM
1000232,Office Worker,occasional,29,46775,303.0,Budget,1,0.2,Casual Dining,15.0,0.06,Kalyan Nagar
1000233,Food Explorer,regular,25,109475,549.0,Mid-range,1,0.7,Bar,4.8,0.03,Koramangala 4th Block
1000234,Family,regular,33,102743,848.0,Mid-range,4,0.15,Casual Dining,7.8,0.03,Jayanagar
1000235,Food Explorer,occasional,30,107730,560.0,Mid-range,2,0.7,Dhaba,22.5,0.06,Whitefield
1000236,Couple,regular,25,107769,1340.0,Premium,3,0.3,Lounge,5.9,0.03,Electronic City
1000237,Office Worker,trial_only,38,35957,483.0,Budget,1,0.2,Food Court,19.9,0.15,Banashankari
1000238,Couple,regular,33,77041,1284.0,Premium,2,0.3,Cafe,5.6,0.03,Indiranagar
1000239,Student,regular,20,33817,408.0,Budget,1,0.35,Food Court,7.9,0.03,HSR
1000240,Student,regular,19,15204,299.0,Budget,3,0.35,Quick Bites,5.9,0.03,Jeevan Bhima Nagar
1000241,Couple,regular,45,72754,1187.0,Premium,3,0.3,Microbrewery,7.7,0.03,HSR
1000242,Couple,power_user,42,64950,1441.0,Premium,2,0.3,Cafe,2.9,0.01,Shanti Nagar
1000243,Student,regular,21,25241,344.0,Budget,1,0.35,Cafe,5.9,0.03,Koramangala 6th Block
1000244,Office Worker,regular,29,78559,360.0,Budget,1,0.2,Cafe,5.6,0.03,Electronic City
1000245,Family,regular,36,172346,782.0,Mid-range,4,0.15,Casual Dining,5.6,0.03,Whitefield
1000246,Couple,occasional,45,138598,1331.0,Premium,1,0.3,Microbrewery,9.8,0.06,Malleshwaram
1000247,Family,power_user,27,166068,683.0,Mid-range,5,0.15,Dessert Parlor,1.4,0.01,Koramangala 1st Block
1000248,Office Worker,regular,35,84284,396.0,Budget,1,0.2,Casual Dining,4.8,0.03,HSR
1000249,Office Worker,power_user,39,64065,311.0,Budget,2,0.2,Quick Bites,2.5,0.01,Church Street
1000250,Office Worker,trial_only,36,79298,162.0,Budget,1,0.2,Quick Bites,40.8,0.15,Richmond Road
1000251,Family,occasional,51,136167,725.0,Mid-range,3,0.15,Casual Dining,21.5,0.06,Banaswadi
1000252,Couple,trial_only,44,63729,1238.0,Premium,1,0.3,Lounge,70.0,0.15,JP Nagar
1000253,Office Worker,trial_only,24,31463,340.0,Budget,1,0.2,Quick Bites,32.2,0.15,Jayanagar
1000254,Student,regular,19,12443,410.0,Budget,2,0.35,Cafe,0.6,0.03,Jayanagar
1000255,Student,occasional,19,18644,216.0,Budget,2,0.35,Quick Bites,11.3,0.06,Koramangala 5th Block
1000256,Family,regular,40,119900,983.0,Mid-range,4,0.15,Dessert Parlor,5.5,0.03,Ejipura
1000257,Couple,trial_only,32,113846,1326.0,Premium,3,0.3,Cafe,18.9,0.15,Marathahalli
1000258,Student,regular,18,23036,474.0,Budget,1,0.35,Dessert Parlor,0.7,0.03,Indiranagar
1000259,Student,regular,21,19158,343.0,Budget,1,0.35,Cafe,9.7,0.03,Koramangala 1st Block
1000260,Family,trial_only,23,147939,511.0,Mid-range,1,0.15,Casual Dining,29.3,0.15,Majestic
1000261,Student,trial_only,20,31532,384.0,Budget,1,0.35,Dessert Parlor,18.0,0.15,Marathahalli
1000262,Couple,trial_only,32,72288,1709.0,Premium,3,0.3,Cafe,9.6,0.15,Koramangala 3rd Block
1000263,Office Worker,power_user,39,45698,273.0,Budget,1,0.2,Cafe,2.4,0.01,Koramangala 3rd Block
1000264,Student,regular,22,33274,351.0,Budget,2,0.35,Quick Bites,24.7,0.03,Indiranagar
1000265,Food Explorer,regular,33,117641,815.0,Mid-range,1,0.7,Beverage Shop,6.8,0.03,Koramangala 4th Block
1000266,Student,regular,23,17748,283.0,Budget,1,0.35,Beverage Shop,6.1,0.03,Banashankari
1000267,Office Worker,occasional,26,60567,208.0,Budget,1,0.2,Quick Bites,5.0,0.06,Indiranagar
1000268,Student,regular,19,24445,276.0,Budget,2,0.35,Quick Bites,8.3,0.03,Koramangala
1000269,Student,occasional,23,25869,254.0,Budget,1,0.35,Quick Bites,8.2,0.06,Koramangala 4th Block
1000270,Student,regular,23,31606,422.0,Budget,3,0.35,Dessert Parlor,8.5,0.03,Frazer Town
1000271,Student,occasional,18,12644,293.0,Budget,1,0.35,Dessert Parlor,2.1,0.06,Richmond Road
1000272,Student,trial_only,19,23086,267.0,Budget,1,0.35,Quick Bites,11.2,0.15,JP Nagar
1000273,Student,occasional,19,15412,253.0,Budget,3,0.35,Cafe,7.9,0.06,Koramangala 4th Block
1000274,Family,regular,20,150427,865.0,Mid-range,3,0.15,Cafe,4.7,0.03,Domlur
1000275,Family,regular,43,131581,811.0,Mid-range,1,0.15,Cafe,15.6,0.03,Brookefield
1000276,Office Worker,regular,23,74942,371.0,Budget,1,0.2,Delivery,12.9,0.03,Electronic City
1000277,Office Worker,occasional,38,84320,476.0,Budget,1,0.2,Quick Bites,16.2,0.06,Koramangala 7th Block
1000278,Office Worker,occasional,33,77402,394.0,Budget,1,0.2,Quick Bites,5.0,0.06,Banashankari
1000279,Couple,power_user,40,135414,422.0,Budget,1,0.3,Fine Dining,1.0,0.01,Marathahalli
1000280,Couple,trial_only,34,131105,1400.0,Premium,1,0.3,Fine Dining,51.3,0.15,Jayanagar
1000281,Student,occasional,24,25635,346.0,Budget,3,0.35,Dessert Parlor,9.6,0.06,Bellandur
1000282,Student,trial_only,19,19811,316.0,Budget,2,0.35,Food Court,14.0,0.15,Uttarahalli
1000283,Student,regular,21,18406,265.0,Budget,1,0.35,Dessert Parlor,4.1,0.03,Malleshwaram
1000284,Student,trial_only,18,19089,294.0,Budget,2,0.35,Cafe,22.6,0.15,HSR
1000285,Family,regular,49,132887,964.0,Mid-range,4,0.15,Fine Dining,7.1,0.03,HSR
1000286,Office Worker,regular,33,78210,387.0,Budget,2,0.2,Quick Bites,5.1,0.03,HSR
1000287,Student,trial_only,19,19178,369.0,Budget,1,0.35,Cafe,3.0,0.15,Ejipura
1000288,Office Worker,trial_only,37,64783,303.0,Budget,4,0.2,Quick Bites,26.9,0.15,HSR
1000289,Office Worker,occasional,40,54830,467.0,Budget,2,0.2,Cafe,16.0,0.06,Electronic City
1000290,Student,regular,18,25193,302.0,Budget,2,0.35,Dessert Parlor,7.3,0.03,Banashankari
1000291,Couple,regular,42,131876,1501.0,Premium,2,0.3,Microbrewery,5.1,0.03,Rajajinagar
1000292,Student,occasional,23,20298,226.0,Budget,2,0.35,Cafe,4.6,0.06,Jayanagar
1000293,Food Explorer,trial_only,28,71753,398.0,Budget,1,0.7,Beverage Shop,6.4,0.15,JP Nagar
1000294,Student,regular,22,15040,188.0,Budget,1,0.35,Quick Bites,4.1,0.03,HSR
1000295,Couple,power_user,41,99864,1030.0,Premium,2,0.3,Microbrewery,4.2,0.01,BTM
1000296,Food Explorer,occasional,31,76554,664.0,Mid-range,2,0.7,Cafe,7.1,0.06,Koramangala 5th Block
1000297,Food Explorer,occasional,34,52810,151.0,Budget,1,0.7,Dessert Parlor,71.6,0.06,Richmond Road
1000298,Couple,regular,25,146965,1067.0,Premium,2,0.3,Cafe,11.0,0.03,BTM
1000299,Couple,occasional,44,135964,1383.0,Premium,2,0.3,Pub,9.2,0.06,MG Road
1000300,Family,trial_only,53,94904,779.0,Mid-range,1,0.15,Casual Dining,17.0,0.15,Cunningham Road
1000301,Couple,regular,28,144440,1223.0,Premium,1,0.3,Fine Dining,4.7,0.03,Brigade Road
1000302,Student,occasional,21,16800,180.0,Budget,2,0.35,Dessert Parlor,12.4,0.06,Nagawara
1000303,Office Worker,occasional,27,55132,440.0,Budget,1,0.2,Casual Dining,4.1,0.06,Electronic City
1000304,Office Worker,occasional,30,37847,453.0,Budget,1,0.2,Casual Dining,7.7,0.06,Electronic City
1000305,Couple,trial_only,30,111207,1151.0,Premium,2,0.3,Cafe,66.6,0.15,Koramangala 5th Block
1000306,Office Worker,occasional,38,58871,465.0,Budget,1,0.2,Quick Bites,17.6,0.06,Banashankari
1000307,Office Worker,occasional,35,46040,419.0,Budget,1,0.2,Quick Bites,9.9,0.06,Brookefield
1000308,Family,regular,50,94623,709.0,Mid-range,4,0.15,Food Court,7.4,0.03,JP Nagar
1000309,Office Worker,occasional,37,86116,346.0,Budget,3,0.2,Quick Bites,10.4,0.06,Ulsoor
1000310,Student,regular,23,27178,378.0,Budget,1,0.35,Quick Bites,10.4,0.03,Bannerghatta Road
1000311,Office Worker,power_user,25,39178,327.0,Budget,1,0.2,Quick Bites,8.2,0.01,Kaggadasapura
1000312,Office Worker,occasional,37,38107,466.0,Budget,1,0.2,Casual Dining,12.2,0.06,BTM
1000313,Student,occasional,23,11750,445.0,Budget,2,0.35,Quick Bites,4.2,0.06,Marathahalli
1000314,Office Worker,trial_only,25,44838,560.0,Mid-range,2,0.2,Delivery,10.0,0.15,Bannerghatta Road
1000315,Office Worker,occasional,24,74287,501.0,Mid-range,1,0.2,Delivery,25.5,0.06,Electronic City
1000316,Office Worker,trial_only,36,33711,475.0,Budget,1,0.2,Casual Dining,80.4,0.15,Indiranagar
1000317,Office Worker,regular,30,44955,437.0,Budget,2,0.2,Delivery,3.4,0.03,Indiranagar
1000318,Family,occasional,31,64976,620.0,Mid-range,3,0.15,Casual Dining,7.0,0.06,Jayanagar
1000319,Office Worker,trial_only,30,68970,425.0,Budget,1,0.2,Casual Dining,35.8,0.15,Koramangala 5th Block
1000320,Food Explorer,regular,38,105132,744.0,Mid-range,1,0.7,Cafe,1.8,0.03,HSR
1000321,Food Explorer,trial_only,28,82328,697.0,Mid-range,1,0.7,Dessert Parlor,35.8,0.15,Commercial Street
1000322,Office Worker,occasional,29,84353,529.0,Mid-range,1,0.2,Casual Dining,19.6,0.06,Brigade Road
1000323,Office Worker,regular,30,71309,572.0,Mid-range,1,0.2,Cafe,3.1,0.03,New BEL Road
1000324,Office Worker,occasional,23,75834,434.0,Budget,2,0.2,Delivery,2.2,0.06,Jayanagar
1000325,Couple,regular,24,81367,1258.0,Premium,4,0.3,Microbrewery,3.0,0.03,Koramangala 3rd Block
1000326,Family,power_user,34,163820,420.0,Budget,2,0.15,Casual Dining,4.2,0.01,Church Street
1000327,Couple,regular,24,113111,1877.0,Premium,1,0.3,Lounge,7.8,0.03,Infantry Road
1000328,Office Worker,regular,36,35195,409.0,Budget,2,0.2,Delivery,5.2,0.03,Banaswadi
1000329,Family,regular,35,69916,930.0,Mid-range,4,0.15,Casual Dining,12.4,0.03,Frazer Town
1000330,Office Worker,trial_only,32,83888,409.0,Budget,1,0.2,Casual Dining,31.4,0.15,Koramangala 4th Block
1000331,Family,regular,32,93023,712.0,Mid-range,6,0.15,Fine Dining,6.7,0.03,Kammanahalli
1000332,Student,trial_only,23,21651,281.0,Budget,2,0.35,Quick Bites,6.5,0.15,Indiranagar
1000333,Family,occasional,35,151250,551.0,Mid-range,5,0.15,Fine Dining,16.4,0.06,BTM
1000334,Couple,power_user,24,126865,456.0,Budget,2,0.3,Fine Dining,4.2,0.01,Marathahalli
1000335,Student,regular,21,10676,393.0,Budget,1,0.35,Quick Bites,18.3,0.03,Banaswadi
1000336,Family,trial_only,26,133891,909.0,Mid-range,7,0.15,Food Court,15.1,0.15,HSR
1000337,Student,occasional,22,32829,227.0,Budget,1,0.35,Quick Bites,11.2,0.06,Commercial Street
1000338,Family,trial_only,40,101984,890.0,Mid-range,4,0.15,Food Court,59.5,0.15,Koramangala 7th Block
1000339,Student,regular,21,23568,366.0,Budget,1,0.35,Cafe,9.1,0.03,Kammanahalli
1000340,Food Explorer,occasional,29,61184,427.0,Budget,1,0.7,Bar,18.3,0.06,Brigade Road
1000341,Student,occasional,22,28030,333.0,Budget,1,0.35,Quick Bites,5.3,0.06,Shanti Nagar
1000342,Food Explorer,trial_only,34,49450,852.0,Mid-range,1,0.7,Microbrewery,22.5,0.15,Magadi Road
1000343,Couple,power_user,43,101944,768.0,Mid-range,1,0.3,Cafe,4.1,0.01,Rajajinagar
1000344,Family,trial_only,54,109518,907.0,Mid-range,2,0.15,Casual Dining,12.8,0.15,Old Airport Road
1000345,Couple,regular,25,114117,1309.0,Premium,2,0.3,Fine Dining,6.3,0.03,Church Street
1000346,Couple,trial_only,38,99410,1764.0,Premium,4,0.3,Microbrewery,21.4,0.15,Electronic City
1000347,Food Explorer,occasional,23,118534,739.0,Mid-range,1,0.7,Dessert Parlor,19.0,0.06,Jayanagar
1000348,Office Worker,occasional,30,88987,409.0,Budget,2,0.2,Casual Dining,15.8,0.06,Koramangala 6th Block
1000349,Family,regular,46,94098,741.0,Mid-range,3,0.15,Cafe,0.8,0.03,JP Nagar
1000350,Student,trial_only,21,10932,462.0,Budget,1,0.35,Cafe,21.8,0.15,Bellandur
1000351,Family,regular,49,119126,729.0,Mid-range,2,0.15,Casual Dining,16.8,0.03,HSR
1000352,Student,occasional,24,24754,347.0,Budget,2,0.35,Cafe,24.2,0.06,Indiranagar
1000353,Family,occasional,55,150204,752.0,Mid-range,3,0.15,Casual Dining,10.5,0.06,Malleshwaram
1000354,Family,occasional,44,122999,1016.0,Premium,5,0.15,Casual Dining,21.9,0.06,BTM
1000355,Office Worker,occasional,35,65184,563.0,Mid-range,1,0.2,Quick Bites,9.1,0.06,Wilson Garden
1000356,Office Worker,occasional,37,31373,448.0,Budget,3,0.2,Cafe,18.9,0.06,BTM
1000357,Couple,occasional,29,126263,1078.0,Premium,6,0.3,Cafe,7.3,0.06,Whitefield
1000358,Couple,occasional,30,82974,1071.0,Premium,3,0.3,Lounge,42.7,0.06,HBR Layout
1000359,Office Worker,occasional,29,53064,277.0,Budget,1,0.2,Casual Dining,10.8,0.06,Domlur
1000360,Family,occasional,46,110751,820.0,Mid-range,2,0.15,Casual Dining,13.2,0.06,BTM
1000361,Food Explorer,trial_only,28,45729,620.0,Mid-range,2,0.7,Sweet Shop,52.9,0.15,Old Airport Road
1000362,Student,occasional,18,22357,235.0,Budget,1,0.35,Bakery,12.9,0.06,Shivajinagar
1000363,Student,regular,23,19530,153.0,Budget,1,0.35,Cafe,6.8,0.03,Koramangala 1st Block
1000364,Student,occasional,23,15836,317.0,Budget,2,0.35,Dessert Parlor,14.5,0.06,Domlur
1000365,Family,power_user,41,89503,867.0,Mid-range,5,0.15,Fine Dining,3.3,0.01,Koramangala 1st Block
1000366,Office Worker,regular,38,32046,489.0,Budget,1,0.2,Quick Bites,2.4,0.03,HSR
1000367,Couple,occasional,41,138770,903.0,Mid-range,1,0.3,Fine Dining,17.6,0.06,JP Nagar
1000368,Family,regular,52,95261,879.0,Mid-range,4,0.15,Casual Dining,4.0,0.03,Jayanagar
1000369,Office Worker,occasional,27,82474,432.0,Budget,1,0.2,Food Court,7.7,0.06,Jayanagar
1000370,Couple,trial_only,26,133637,1459.0,Premium,3,0.3,Fine Dining,20.4,0.15,Residency Road
1000371,Couple,regular,31,95744,908.0,Mid-range,2,0.3,Lounge,1.9,0.03,JP Nagar
1000372,Office Worker,power_user,37,78472,565.0,Mid-range,1,0.2,Quick Bites,2.0,0.01,Residency Road
1000373,Office Worker,regular,39,42679,601.0,Mid-range,1,0.2,Casual Dining,2.2,0.03,Koramangala 6th Block
1000374,Office Worker,regular,24,40845,462.0,Budget,2,0.2,Quick Bites,0.7,0.03,Koramangala 4th Block
1000375,Student,occasional,23,32476,332.0,Budget,1,0.35,Cafe,21.7,0.06,Frazer Town
1000376,Student,occasional,21,26158,363.0,Budget,1,0.35,Cafe,10.1,0.06,Kammanahalli
1000377,Food Explorer,occasional,37,95134,344.0,Budget,1,0.7,Kiosk,15.2,0.06,Marathahalli
1000378,Office Worker,regular,35,85419,401.0,Budget,1,0.2,Casual Dining,9.0,0.03,Richmond Road
1000379,Office Worker,occasional,24,30837,468.0,Budget,1,0.2,Quick Bites,30.3,0.06,BTM
1000380,Family,power_user,37,80653,1205.0,Premium,2,0.15,Fine Dining,2.1,0.01,Banaswadi
1000381,Family,occasional,23,175401,561.0,Mid-range,5,0.15,Casual Dining,12.7,0.06,Brookefield
1000382,Food Explorer,occasional,28,50294,1009.0,Premium,3,0.7,Pop Up,18.3,0.06,"ITPL Main Road, Whitefield"
1000383,Couple,power_user,40,94853,1142.0,Premium,4,0.3,Lounge,0.6,0.01,Koramangala 5th Block
1000384,Office Worker,trial_only,35,31328,447.0,Budget,1,0.2,Cafe,18.4,0.15,HSR
1000385,Office Worker,occasional,35,49546,572.0,Mid-range,1,0.2,Food Court,12.3,0.06,Wilson Garden
1000386,Food Explorer,regular,34,53793,1105.0,Premium,1,0.7,Delivery,3.7,0.03,Jayanagar
1000387,Family,occasional,20,90696,885.0,Mid-range,3,0.15,Fine Dining,7.9,0.06,Koramangala 4th Block
1000388,Food Explorer,occasional,33,105117,891.0,Mid-range,2,0.7,Kiosk,6.5,0.06,Hennur
1000389,Student,regular,21,16894,226.0,Budget,1,0.35,Cafe,30.4,0.03,Kalyan Nagar
1000390,Couple,regular,35,131399,1041.0,Premium,4,0.3,Fine Dining,5.7,0.03,Whitefield
1000391,Family,occasional,27,167385,530.0,Mid-range,2,0.15,Dessert Parlor,6.2,0.06,HSR
1000392,Student,trial_only,22,23511,259.0,Budget,1,0.35,Cafe,20.9,0.15,Jayanagar
1000393,Family,occasional,41,124628,913.0,Mid-range,3,0.15,Dessert Parlor,5.8,0.06,Kalyan Nagar
1000394,Family,occasional,34,100028,842.0,Mid-range,4,0.15,Fine Dining,13.1,0.06,Seshadripuram
1000395,Student,occasional,18,26667,438.0,Budget,2,0.35,Dessert Parlor,15.3,0.06,BTM
1000396,Office Worker,regular,24,78407,655.0,Mid-range,1,0.2,Casual Dining,14.3,0.03,Bellandur
1000397,Couple,power_user,31,136317,1159.0,Premium,2,0.3,Cafe,0.7,0.01,Rajajinagar
1000398,Office Worker,regular,32,41701,382.0,Budget,1,0.2,Food Court,11.2,0.03,Old Airport Road
1000399,Office Worker,trial_only,40,71172,566.0,Mid-range,1,0.2,Delivery,25.7,0.15,Cunningham Road
1000400,Office Worker,trial_only,36,38391,576.0,Mid-range,1,0.2,Casual Dining,42.1,0.15,New BEL Road
1000401,Office Worker,trial_only,31,59414,494.0,Budget,1,0.2,Casual Dining,49.8,0.15,Koramangala 5th Block
1000402,Food Explorer,regular,27,47136,776.0,Mid-range,1,0.7,Club,13.2,0.03,Jayanagar
1000403,Couple,occasional,27,105000,1365.0,Premium,1,0.3,Cafe,4.7,0.06,Koramangala 4th Block
1000404,Student,occasional,18,31283,221.0,Budget,2,0.35,Quick Bites,19.1,0.06,HSR
1000405,Food Explorer,regular,23,105362,295.0,Budget,1,0.7,Sweet Shop,2.9,0.03,Marathahalli
1000406,Couple,regular,44,121485,1185.0,Premium,2,0.3,Cafe,2.9,0.03,JP Nagar
1000407,Office Worker,occasional,23,64652,430.0,Budget,1,0.2,Casual Dining,16.9,0.06,Indiranagar
1000408,Couple,occasional,43,112459,1283.0,Premium,1,0.3,Lounge,17.4,0.06,Kammanahalli
1000409,Student,occasional,22,12495,290.0,Budget,1,0.35,Cafe,20.2,0.06,Richmond Road
1000410,Food Explorer,regular,33,98198,174.0,Budget,3,0.7,Microbrewery,4.0,0.03,BTM
1000411,Family,occasional,54,141781,378.0,Budget,3,0.15,Casual Dining,15.5,0.06,Thippasandra
1000412,Family,power_user,48,77217,947.0,Mid-range,2,0.15,Casual Dining,3.3,0.01,Koramangala 7th Block
1000413,Student,regular,19,25809,247.0,Budget,1,0.35,Cafe,5.0,0.03,MG Road
1000414,Couple,occasional,45,88479,1130.0,Premium,1,0.3,Fine Dining,26.5,0.06,Ulsoor
1000415,Student,regular,19,22731,255.0,Budget,1,0.35,Beverage Shop,1.1,0.03,BTM
1000416,Student,trial_only,21,30353,227.0,Budget,2,0.35,Cafe,11.6,0.15,Ejipura
1000417,Student,occasional,22,18052,225.0,Budget,1,0.35,Dessert Parlor,26.4,0.06,Richmond Road
1000418,Couple,power_user,29,141677,1506.0,Premium,1,0.3,Microbrewery,3.4,0.01,Whitefield
1000419,Student,power_user,22,20421,281.0,Budget,1,0.35,Quick Bites,9.8,0.01,BTM
1000420,Food Explorer,occasional,34,81048,759.0,Mid-range,1,0.7,Club,19.7,0.06,East Bangalore
1000421,Family,regular,55,63463,954.0,Mid-range,2,0.15,Casual Dining,3.5,0.03,Thippasandra
1000422,Student,regular,24,13051,325.0,Budget,2,0.35,Food Court,11.6,0.03,Frazer Town
1000423,Student,regular,20,17042,364.0,Budget,2,0.35,Quick Bites,13.1,0.03,Koramangala 7th Block
1000424,Student,regular,22,34463,301.0,Budget,1,0.35,Cafe,7.4,0.03,Koramangala 4th Block
1000425,Family,occasional,49,91187,1073.0,Premium,3,0.15,Casual Dining,5.3,0.06,Koramangala 1st Block
1000426,Couple,occasional,24,89503,1447.0,Premium,1,0.3,Lounge,15.6,0.06,Cunningham Road
1000427,Student,regular,22,31351,377.0,Budget,1,0.35,Quick Bites,4.3,0.03,Residency Road
1000428,Couple,occasional,44,81899,918.0,Mid-range,2,0.3,Cafe,7.9,0.06,BTM
1000429,Student,regular,18,30323,321.0,Budget,2,0.35,Quick Bites,6.7,0.03,Jayanagar
1000430,Couple,occasional,40,61999,649.0,Mid-range,3,0.3,Fine Dining,2.5,0.06,Basavanagudi
1000431,Food Explorer,power_user,23,50654,950.0,Mid-range,1,0.7,Dhaba,2.3,0.01,Vijay Nagar
1000432,Couple,occasional,32,51262,1013.0,Premium,2,0.3,Cafe,7.5,0.06,Brookefield
1000433,Family,regular,49,74985,703.0,Mid-range,3,0.15,Casual Dining,2.5,0.03,Koramangala 1st Block
1000434,Couple,occasional,45,110367,790.0,Mid-range,3,0.3,Cafe,9.9,0.06,Banaswadi
1000435,Student,regular,23,12270,297.0,Budget,1,0.35,Food Court,4.1,0.03,Basavanagudi
1000436,Student,trial_only,23,25311,279.0,Budget,1,0.35,Quick Bites,49.5,0.15,Frazer Town
1000437,Student,regular,19,24978,446.0,Budget,1,0.35,Quick Bites,5.7,0.03,Basaveshwara Nagar
1000438,Office Worker,trial_only,37,44054,536.0,Mid-range,1,0.2,Quick Bites,33.9,0.15,Ulsoor
1000439,Family,trial_only,43,64460,697.0,Mid-range,3,0.15,Casual Dining,59.9,0.15,Brigade Road
1000440,Family,regular,53,79438,467.0,Budget,2,0.15,Fine Dining,3.5,0.03,Residency Road
1000441,Couple,regular,37,64311,515.0,Mid-range,2,0.3,Microbrewery,5.9,0.03,Ejipura
1000442,Student,regular,18,23200,218.0,Budget,3,0.35,Quick Bites,8.7,0.03,Ulsoor
1000443,Family,trial_only,38,171718,534.0,Mid-range,4,0.15,Cafe,27.7,0.15,BTM
1000444,Student,occasional,23,20885,328.0,Budget,1,0.35,Dessert Parlor,11.3,0.06,BTM
1000445,Office Worker,occasional,37,68025,436.0,Budget,1,0.2,Cafe,10.4,0.06,Lavelle Road
1000446,Family,power_user,33,96438,803.0,Mid-range,3,0.15,Dessert Parlor,3.2,0.01,Brigade Road
1000447,Food Explorer,trial_only,25,47341,363.0,Budget,2,0.7,Cafe,12.9,0.15,Sanjay Nagar
1000448,Family,power_user,51,86188,830.0,Mid-range,5,0.15,Casual Dining,1.2,0.01,JP Nagar
1000449,Student,power_user,23,21981,186.0,Budget,2,0.35,Cafe,6.7,0.01,Malleshwaram
1000450,Family,regular,51,163117,782.0,Mid-range,3,0.15,Fine Dining,1.0,0.03,Bannerghatta Road
1000451,Student,occasional,22,16213,366.0,Budget,1,0.35,Quick Bites,6.8,0.06,BTM
1000452,Couple,trial_only,42,148383,1090.0,Premium,1,0.3,Microbrewery,39.8,0.15,Marathahalli
1000453,Family,occasional,34,136659,889.0,Mid-range,3,0.15,Casual Dining,25.0,0.06,Koramangala 5th Block
1000454,Student,regular,23,18889,142.0,Budget,1,0.35,Food Court,1.9,0.03,Koramangala 7th Block
1000455,Student,regular,21,25560,135.0,Budget,2,0.35,Cafe,12.5,0.03,Domlur
1000456,Student,occasional,23,27453,326.0,Budget,1,0.35,Bakery,70.3,0.06,Koramangala
1000457,Food Explorer,occasional,24,94874,862.0,Mid-range,1,0.7,Dessert Parlor,31.0,0.06,Koramangala 6th Block
1000458,Office Worker,regular,28,81933,426.0,Budget,1,0.2,Casual Dining,5.5,0.03,Koramangala 3rd Block
1000459,Couple,regular,28,116193,1844.0,Premium,1,0.3,Lounge,5.5,0.03,Old Airport Road
1000460,Family,occasional,34,63232,511.0,Mid-range,3,0.15,Casual Dining,15.0,0.06,JP Nagar
1000461,Family,trial_only,49,105271,664.0,Mid-range,3,0.15,Dessert Parlor,11.5,0.15,BTM
1000462,Student,occasional,18,32702,311.0,Budget,2,0.35,Cafe,8.9,0.06,Cunningham Road
1000463,Food Explorer,power_user,35,56567,716.0,Mid-range,3,0.7,Bakery,2.3,0.01,Sarjapur Road
1000464,Office Worker,occasional,37,59949,392.0,Budget,3,0.2,Cafe,21.4,0.06,New BEL Road
1000465,Family,regular,44,120029,588.0,Mid-range,6,0.15,Casual Dining,9.5,0.03,Banashankari
1000466,Family,trial_only,43,126810,924.0,Mid-range,2,0.15,Fine Dining,10.6,0.15,JP Nagar
1000467,Family,regular,24,164276,827.0,Mid-range,4,0.15,Casual Dining,5.0,0.03,Electronic City
1000468,Food Explorer,regular,33,83190,514.0,Mid-range,1,0.7,Meat Shop,2.0,0.03,Jayanagar
1000469,Student,occasional,19,10012,340.0,Budget,3,0.35,Dessert Parlor,28.0,0.06,Richmond Road
1000470,Office Worker,regular,27,44575,436.0,Budget,1,0.2,Food Court,4.8,0.03,BTM
1000471,Office Worker,regular,38,67861,436.0,Budget,1,0.2,Casual Dining,7.4,0.03,Bellandur
1000472,Office Worker,occasional,34,76935,432.0,Budget,1,0.2,Quick Bites,12.4,0.06,Whitefield
1000473,Student,occasional,24,26168,234.0,Budget,2,0.35,Cafe,19.9,0.06,Malleshwaram
1000474,Student,trial_only,21,28309,226.0,Budget,2,0.35,Dessert Parlor,10.3,0.15,Electronic City
1000475,Office Worker,regular,29,44445,397.0,Budget,1,0.2,Casual Dining,1.4,0.03,Malleshwaram
1000476,Office Worker,power_user,40,35747,453.0,Budget,1,0.2,Delivery,0.7,0.01,Kammanahalli
1000477,Office Worker,occasional,34,86909,263.0,Budget,1,0.2,Food Court,5.3,0.06,Banaswadi
1000478,Family,regular,51,127535,989.0,Mid-range,2,0.15,Food Court,2.1,0.03,Wilson Garden
1000479,Family,regular,21,148616,804.0,Mid-range,5,0.15,Casual Dining,3.3,0.03,BTM
1000480,Office Worker,trial_only,32,87422,343.0,Budget,2,0.2,Quick Bites,16.0,0.15,BTM
1000481,Office Worker,trial_only,37,40952,612.0,Mid-range,2,0.2,Quick Bites,4.6,0.15,JP Nagar
1000482,Student,power_user,23,31779,303.0,Budget,1,0.35,Food Court,2.5,0.01,Electronic City
1000483,Family,occasional,45,103956,533.0,Mid-range,3,0.15,Cafe,16.7,0.06,Brigade Road
1000484,Office Worker,occasional,25,67554,607.0,Mid-range,1,0.2,Quick Bites,4.7,0.06,Commercial Street
1000485,Student,regular,21,19667,408.0,Budget,1,0.35,Cafe,6.2,0.03,RT Nagar
1000486,Office Worker,occasional,24,41921,359.0,Budget,1,0.2,Food Court,5.8,0.06,Jayanagar
1000487,Office Worker,regular,37,82767,418.0,Budget,1,0.2,Quick Bites,12.2,0.03,Seshadripuram
1000488,Student,power_user,22,18680,263.0,Budget,3,0.35,Cafe,3.2,0.01,Whitefield
1000489,Family,trial_only,26,62974,422.0,Budget,2,0.15,Fine Dining,58.7,0.15,Koramangala 5th Block
1000490,Family,occasional,46,78043,865.0,Mid-range,4,0.15,Casual Dining,34.2,0.06,Richmond Road
1000491,Family,regular,45,175380,969.0,Mid-range,3,0.15,Casual Dining,0.8,0.03,Marathahalli
1000492,Family,occasional,21,158632,931.0,Mid-range,3,0.15,Dessert Parlor,12.3,0.06,Kammanahalli
1000493,Family,trial_only,23,139749,807.0,Mid-range,4,0.15,Casual Dining,55.5,0.15,Koramangala 8th Block
1000494,Office Worker,regular,26,76721,544.0,Mid-range,1,0.2,Cafe,11.0,0.03,Sarjapur Road
1000495,Couple,trial_only,25,114865,859.0,Mid-range,1,0.3,Pub,13.6,0.15,Domlur
1000496,Office Worker,trial_only,32,84622,632.0,Mid-range,1,0.2,Casual Dining,16.9,0.15,Indiranagar
1000497,Office Worker,regular,38,35979,373.0,Budget,1,0.2,Quick Bites,5.5,0.03,BTM
1000498,Family,occasional,22,67607,668.0,Mid-range,1,0.15,Cafe,30.1,0.06,Koramangala 6th Block
1000499,Office Worker,occasional,34,71692,392.0,Budget,1,0.2,Casual Dining,23.5,0.06,Race Course Road
1000500,Office Worker,occasional,30,87883,385.0,Budget,2,0.2,Casual Dining,32.6,0.06,Ulsoor
1000501,Family,regular,50,129760,761.0,Mid-range,3,0.15,Casual Dining,12.3,0.03,Basavanagudi
1000502,Couple,power_user,34,146643,1131.0,Premium,2,0.3,Microbrewery,2.5,0.01,Vasanth Nagar
1000503,Food Explorer,regular,34,72073,632.0,Mid-range,1,0.7,Mess,20.5,0.03,New BEL Road
1000504,Office Worker,occasional,39,70465,368.0,Budget,1,0.2,Quick Bites,3.9,0.06,Koramangala 4th Block
1000505,Office Worker,occasional,25,60545,467.0,Budget,2,0.2,Quick Bites,10.8,0.06,Church Street
1000506,Couple,occasional,30,138175,873.0,Mid-range,1,0.3,Pub,11.3,0.06,Jayanagar
1000507,Office Worker,occasional,27,68835,523.0,Mid-range,1,0.2,Delivery,25.7,0.06,Sarjapur Road
1000508,Couple,power_user,27,93844,1416.0,Premium,2,0.3,Fine Dining,1.7,0.01,Ejipura
1000509,Office Worker,power_user,34,44680,449.0,Budget,1,0.2,Cafe,7.7,0.01,Bannerghatta Road
1000510,Student,occasional,18,17835,248.0,Budget,1,0.35,Quick Bites,18.8,0.06,Church Street
1000511,Student,occasional,20,11869,325.0,Budget,1,0.35,Quick Bites,9.7,0.06,Basavanagudi
1000512,Couple,occasional,26,65436,934.0,Mid-range,2,0.3,Microbrewery,5.1,0.06,Jayanagar
1000513,Student,regular,22,22722,303.0,Budget,3,0.35,Cafe,0.6,0.03,MG Road
1000514,Office Worker,regular,36,31894,435.0,Budget,1,0.2,Quick Bites,0.7,0.03,Bellandur
1000515,Office Worker,trial_only,31,58279,713.0,Mid-range,1,0.2,Casual Dining,22.1,0.15,Jayanagar
1000516,Student,regular,21,11049,202.0,Budget,2,0.35,Cafe,25.2,0.03,Malleshwaram
1000517,Office Worker,power_user,31,39719,183.0,Budget,1,0.2,Food Court,3.7,0.01,Koramangala 5th Block
1000518,Family,occasional,27,142988,672.0,Mid-range,2,0.15,Casual Dining,21.9,0.06,MG Road
1000519,Student,occasional,20,10721,163.0,Budget,1,0.35,Dessert Parlor,6.6,0.06,Koramangala 5th Block
1000520,Couple,trial_only,44,83657,982.0,Mid-range,1,0.3,Lounge,13.6,0.15,Koramangala 1st Block
1000521,Couple,trial_only,24,69040,811.0,Mid-range,1,0.3,Lounge,4.1,0.15,Brookefield
1000522,Office Worker,occasional,37,33243,360.0,Budget,1,0.2,Cafe,26.7,0.06,Kalyan Nagar
1000523,Student,power_user,19,15205,215.0,Budget,2,0.35,Dessert Parlor,0.2,0.01,Marathahalli
1000524,Family,occasional,24,73464,993.0,Mid-range,2,0.15,Casual Dining,14.1,0.06,Bellandur
1000525,Student,trial_only,19,12014,296.0,Budget,2,0.35,Quick Bites,23.9,0.15,Whitefield
1000526,Office Worker,regular,27,69917,558.0,Mid-range,1,0.2,Food Court,5.9,0.03,Bannerghatta Road
1000527,Food Explorer,trial_only,28,49995,610.0,Mid-range,2,0.7,Club,60.6,0.15,Koramangala 8th Block
1000528,Food Explorer,occasional,38,115095,832.0,Mid-range,1,0.7,Confectionery,13.4,0.06,Shanti Nagar
1000529,Couple,regular,43,98662,1109.0,Premium,2,0.3,Cafe,2.9,0.03,BTM
1000530,Office Worker,occasional,35,54479,609.0,Mid-range,1,0.2,Casual Dining,23.6,0.06,Koramangala 5th Block
1000531,Family,occasional,25,165095,894.0,Mid-range,7,0.15,Casual Dining,26.0,0.06,BTM
1000532,Family,power_user,54,153319,644.0,Mid-range,3,0.15,Casual Dining,1.4,0.01,Bannerghatta Road
1000533,Office Worker,regular,38,55227,512.0,Mid-range,2,0.2,Casual Dining,2.7,0.03,Lavelle Road
1000534,Family,occasional,22,176830,805.0,Mid-range,4,0.15,Fine Dining,8.7,0.06,Sarjapur Road
1000535,Student,regular,20,23267,284.0,Budget,2,0.35,Beverage Shop,3.7,0.03,JP Nagar
1000536,Student,regular,23,27708,308.0,Budget,1,0.35,Cafe,8.7,0.03,Bannerghatta Road
1000537,Office Worker,occasional,24,88179,525.0,Mid-range,2,0.2,Food Court,9.3,0.06,BTM
1000538,Student,occasional,18,28075,131.0,Budget,1,0.35,Quick Bites,14.4,0.06,Marathahalli
1000539,Student,occasional,22,24773,272.0,Budget,1,0.35,Quick Bites,52.8,0.06,Marathahalli
1000540,Couple,trial_only,31,111590,1405.0,Premium,2,0.3,Cafe,22.1,0.15,Whitefield
1000541,Food Explorer,trial_only,30,92327,662.0,Mid-range,1,0.7,Irani Cafe,16.6,0.15,JP Nagar
1000542,Family,occasional,47,177322,575.0,Mid-range,6,0.15,Food Court,31.6,0.06,JP Nagar
1000543,Couple,regular,35,120109,490.0,Budget,2,0.3,Cafe,25.9,0.03,HSR
1000544,Food Explorer,occasional,35,63984,1025.0,Premium,2,0.7,Meat Shop,33.5,0.06,HSR
1000545,Student,regular,18,10549,285.0,Budget,2,0.35,Dessert Parlor,5.5,0.03,Koramangala 2nd Block
1000546,Office Worker,trial_only,23,76980,601.0,Mid-range,1,0.2,Quick Bites,46.3,0.15,MG Road
1000547,Office Worker,occasional,27,59289,529.0,Mid-range,2,0.2,Casual Dining,36.5,0.06,Banashankari
1000548,Student,regular,19,20377,237.0,Budget,1,0.35,Quick Bites,3.8,0.03,Marathahalli
1000549,Couple,occasional,31,143514,450.0,Budget,5,0.3,Fine Dining,14.8,0.06,Koramangala 5th Block
1000550,Office Worker,occasional,37,39325,404.0,Budget,1,0.2,Delivery,7.3,0.06,Koramangala 1st Block
1000551,Office Worker,trial_only,25,32251,446.0,Budget,3,0.2,Quick Bites,9.0,0.15,Marathahalli
1000552,Student,regular,18,28485,336.0,Budget,1,0.35,Food Court,9.6,0.03,Whitefield
1000553,Student,trial_only,19,33105,211.0,Budget,2,0.35,Dessert Parlor,21.5,0.15,Brookefield
1000554,Food Explorer,power_user,28,106352,645.0,Mid-range,2,0.7,Club,1.1,0.01,JP Nagar
1000555,Student,occasional,19,31777,314.0,Budget,1,0.35,Cafe,5.5,0.06,Frazer Town
1000556,Student,trial_only,19,31590,379.0,Budget,1,0.35,Cafe,50.9,0.15,HSR
1000557,Office Worker,regular,33,71134,419.0,Budget,1,0.2,Cafe,9.6,0.03,Koramangala 1st Block
1000558,Office Worker,power_user,25,85313,494.0,Budget,2,0.2,Casual Dining,4.3,0.01,Kalyan Nagar
1000559,Family,trial_only,25,100953,858.0,Mid-range,5,0.15,Casual Dining,16.2,0.15,Richmond Road
1000560,Office Worker,trial_only,38,74695,538.0,Mid-range,1,0.2,Food Court,61.3,0.15,Hosur Road
1000561,Student,regular,18,12302,234.0,Budget,2,0.35,Quick Bites,12.6,0.03,Electronic City
1000562,Student,occasional,18,23190,100.0,Budget,2,0.35,Cafe,32.0,0.06,Marathahalli
1000563,Couple,trial_only,25,79065,1129.0,Premium,1,0.3,Cafe,9.0,0.15,Residency Road
1000564,Family,regular,39,172644,754.0,Mid-range,3,0.15,Fine Dining,8.3,0.03,BTM
1000565,Family,occasional,45,112338,568.0,Mid-range,3,0.15,Casual Dining,17.7,0.06,Koramangala 1st Block
1000566,Family,regular,44,85148,498.0,Budget,3,0.15,Casual Dining,3.4,0.03,Domlur
1000567,Couple,regular,39,106935,1028.0,Premium,2,0.3,Cafe,5.5,0.03,Whitefield
1000568,Student,trial_only,18,11932,291.0,Budget,1,0.35,Beverage Shop,32.1,0.15,Brigade Road
1000569,Office Worker,regular,29,37606,460.0,Budget,1,0.2,Quick Bites,14.5,0.03,Koramangala 5th Block
1000570,Office Worker,trial_only,34,55897,221.0,Budget,2,0.2,Casual Dining,28.7,0.15,Basaveshwara Nagar
1000571,Office Worker,occasional,35,67854,275.0,Budget,1,0.2,Casual Dining,19.5,0.06,Shivajinagar
1000572,Couple,occasional,31,108222,1539.0,Premium,1,0.3,Cafe,3.2,0.06,Banaswadi
1000573,Office Worker,regular,38,33324,431.0,Budget,2,0.2,Food Court,4.5,0.03,HSR
1000574,Couple,regular,42,117999,1199.0,Premium,1,0.3,Cafe,4.9,0.03,Brigade Road
1000575,Couple,trial_only,40,55766,800.0,Mid-range,2,0.3,Microbrewery,56.6,0.15,JP Nagar
1000576,Office Worker,occasional,37,78926,450.0,Budget,1,0.2,Quick Bites,28.8,0.06,Jeevan Bhima Nagar
1000577,Food Explorer,occasional,40,43130,506.0,Mid-range,2,0.7,Dhaba,4.4,0.06,Koramangala 3rd Block
1000578,Family,regular,48,63210,676.0,Mid-range,7,0.15,Cafe,3.5,0.03,Basavanagudi
1000579,Couple,regular,36,101760,761.0,Mid-range,3,0.3,Cafe,7.9,0.03,MG Road
1000580,Office Worker,power_user,30,78123,363.0,Budget,1,0.2,Delivery,2.3,0.01,Whitefield
1000581,Office Worker,occasional,29,75902,647.0,Mid-range,1,0.2,Casual Dining,9.9,0.06,BTM
1000582,Office Worker,regular,37,66008,415.0,Budget,1,0.2,Casual Dining,4.2,0.03,Shanti Nagar
1000583,Student,occasional,20,14463,363.0,Budget,1,0.35,Quick Bites,16.0,0.06,JP Nagar
1000584,Office Worker,occasional,34,87177,430.0,Budget,1,0.2,Quick Bites,16.0,0.06,Whitefield
1000585,Food Explorer,regular,31,41643,522.0,Mid-range,2,0.7,Microbrewery,3.9,0.03,Whitefield
1000586,Family,occasional,33,101748,673.0,Mid-range,8,0.15,Casual Dining,9.2,0.06,Jayanagar
1000587,Student,occasional,21,28853,408.0,Budget,1,0.35,Quick Bites,11.8,0.06,Jayanagar
1000588,Office Worker,trial_only,24,67019,487.0,Budget,1,0.2,Casual Dining,27.4,0.15,Whitefield
1000589,Student,regular,22,29761,237.0,Budget,1,0.35,Quick Bites,0.5,0.03,HSR
1000590,Student,occasional,18,29164,268.0,Budget,1,0.35,Quick Bites,7.0,0.06,New BEL Road
1000591,Food Explorer,power_user,23,115172,869.0,Mid-range,2,0.7,Bhojanalya,1.6,0.01,Nagawara
1000592,Office Worker,trial_only,27,60984,166.0,Budget,2,0.2,Quick Bites,22.8,0.15,Koramangala 5th Block
1000593,Office Worker,occasional,32,79257,481.0,Budget,2,0.2,Casual Dining,15.8,0.06,Sarjapur Road
1000594,Family,regular,30,78709,908.0,Mid-range,3,0.15,Fine Dining,3.4,0.03,Bellandur
1000595,Student,trial_only,24,14351,240.0,Budget,1,0.35,Food Court,21.6,0.15,Bellandur
1000596,Office Worker,occasional,39,32988,465.0,Budget,1,0.2,Casual Dining,2.0,0.06,Brookefield
1000597,Family,regular,34,84542,900.0,Mid-range,4,0.15,Casual Dining,15.0,0.03,Brookefield
1000598,Family,occasional,55,73368,554.0,Mid-range,4,0.15,Casual Dining,3.9,0.06,BTM
1000599,Food Explorer,power_user,23,105940,810.0,Mid-range,2,0.7,Mess,8.4,0.01,Commercial Street
1000600,Family,trial_only,25,119389,859.0,Mid-range,1,0.15,Casual Dining,29.9,0.15,BTM
1000601,Office Worker,occasional,29,56652,435.0,Budget,2,0.2,Cafe,23.2,0.06,Bellandur
1000602,Couple,occasional,44,113961,1231.0,Premium,2,0.3,Cafe,12.2,0.06,BTM
1000603,Food Explorer,trial_only,31,68765,777.0,Mid-range,1,0.7,Kiosk,32.3,0.15,Kalyan Nagar
1000604,Family,occasional,45,128463,1263.0,Premium,5,0.15,Cafe,16.0,0.06,Bannerghatta Road
1000605,Food Explorer,regular,34,40282,752.0,Mid-range,1,0.7,Dessert Parlor,11.6,0.03,HSR
1000606,Couple,regular,34,121292,1443.0,Premium,2,0.3,Fine Dining,8.2,0.03,Jayanagar
1000607,Couple,regular,44,137151,1258.0,Premium,2,0.3,Cafe,1.7,0.03,Whitefield
1000608,Student,trial_only,24,10974,452.0,Budget,1,0.35,Quick Bites,5.3,0.15,MG Road
1000609,Family,trial_only,36,69662,507.0,Mid-range,5,0.15,Casual Dining,10.6,0.15,Kalyan Nagar
1000610,Office Worker,occasional,35,38180,276.0,Budget,2,0.2,Casual Dining,12.4,0.06,Koramangala 6th Block
1000611,Family,regular,42,132968,831.0,Mid-range,6,0.15,Casual Dining,11.9,0.03,New BEL Road
1000612,Family,regular,41,151337,932.0,Mid-range,6,0.15,Cafe,3.4,0.03,BTM
1000613,Food Explorer,trial_only,23,105835,100.0,Budget,2,0.7,Mess,7.1,0.15,MG Road
1000614,Food Explorer,regular,25,102495,599.0,Mid-range,2,0.7,Pub,2.3,0.03,MG Road
1000615,Office Worker,occasional,40,64626,432.0,Budget,2,0.2,Food Court,43.6,0.06,Electronic City
1000616,Family,regular,28,144275,949.0,Mid-range,5,0.15,Fine Dining,11.2,0.03,Shanti Nagar
1000617,Family,regular,43,93592,886.0,Mid-range,3,0.15,Cafe,2.3,0.03,BTM
1000618,Office Worker,occasional,39,74726,269.0,Budget,1,0.2,Casual Dining,9.7,0.06,Brookefield
1000619,Student,trial_only,22,14573,214.0,Budget,2,0.35,Dessert Parlor,26.9,0.15,Indiranagar
1000620,Student,occasional,19,34086,235.0,Budget,2,0.35,Cafe,17.6,0.06,BTM
1000621,Couple,occasional,42,54176,1422.0,Premium,3,0.3,Lounge,64.7,0.06,BTM
1000622,Office Worker,regular,23,86654,487.0,Budget,1,0.2,Quick Bites,5.8,0.03,Whitefield
1000623,Food Explorer,trial_only,35,76845,445.0,Budget,3,0.7,Meat Shop,12.7,0.15,Sarjapur Road
1000624,Office Worker,occasional,27,68669,464.0,Budget,3,0.2,Casual Dining,33.1,0.06,Ulsoor
1000625,Food Explorer,occasional,34,52784,335.0,Budget,1,0.7,Club,47.3,0.06,HSR
1000626,Office Worker,occasional,31,49160,655.0,Mid-range,2,0.2,Cafe,11.2,0.06,Indiranagar
1000627,Couple,regular,36,136225,1372.0,Premium,2,0.3,Fine Dining,8.6,0.03,HSR
1000628,Student,power_user,20,10352,363.0,Budget,1,0.35,Cafe,2.4,0.01,Shanti Nagar
1000629,Family,trial_only,39,83000,1075.0,Premium,3,0.15,Fine Dining,37.4,0.15,Cunningham Road
1000630,Couple,occasional,44,113161,1505.0,Premium,2,0.3,Lounge,22.4,0.06,JP Nagar
1000631,Food Explorer,regular,37,104336,608.0,Mid-range,1,0.7,Meat Shop,7.4,0.03,St. Marks Road
1000632,Couple,regular,33,93130,1145.0,Premium,2,0.3,Fine Dining,14.1,0.03,BTM
1000633,Student,trial_only,24,12188,403.0,Budget,1,0.35,Cafe,31.3,0.15,Koramangala 7th Block
1000634,Office Worker,occasional,39,38821,453.0,Budget,1,0.2,Food Court,6.2,0.06,Frazer Town
1000635,Student,occasional,22,32259,240.0,Budget,1,0.35,Quick Bites,28.5,0.06,Bannerghatta Road
1000636,Student,power_user,22,15381,457.0,Budget,1,0.35,Dessert Parlor,6.0,0.01,BTM
1000637,Family,trial_only,21,129438,613.0,Mid-range,3,0.15,Casual Dining,2.7,0.15,Banaswadi
1000638,Family,trial_only,38,172384,453.0,Budget,2,0.15,Casual Dining,100.7,0.15,New BEL Road
1000639,Couple,occasional,28,87560,1498.0,Premium,2,0.3,Cafe,5.6,0.06,Jayanagar
1000640,Couple,regular,27,56622,981.0,Mid-range,3,0.3,Lounge,5.2,0.03,BTM
1000641,Family,occasional,50,157562,887.0,Mid-range,4,0.15,Casual Dining,9.5,0.06,Wilson Garden
1000642,Couple,trial_only,29,128747,1745.0,Premium,3,0.3,Lounge,13.8,0.15,BTM
1000643,Student,occasional,22,26277,190.0,Budget,2,0.35,Cafe,16.9,0.06,Whitefield
1000644,Student,trial_only,24,32552,297.0,Budget,2,0.35,Quick Bites,8.3,0.15,Bellandur
1000645,Family,occasional,41,153094,1097.0,Premium,3,0.15,Food Court,14.1,0.06,Bellandur
1000646,Couple,regular,41,118835,1405.0,Premium,2,0.3,Cafe,11.0,0.03,Brigade Road
1000647,Student,occasional,23,18337,286.0,Budget,2,0.35,Quick Bites,12.7,0.06,JP Nagar
1000648,Office Worker,trial_only,31,33680,689.0,Mid-range,2,0.2,Casual Dining,66.5,0.15,Marathahalli
1000649,Family,regular,53,147112,781.0,Mid-range,4,0.15,Casual Dining,1.9,0.03,Koramangala 3rd Block
1000650,Student,regular,24,31147,332.0,Budget,1,0.35,Dessert Parlor,4.3,0.03,Ejipura
1000651,Office Worker,occasional,29,71706,615.0,Mid-range,1,0.2,Quick Bites,6.2,0.06,BTM
1000652,Couple,regular,42,115329,1494.0,Premium,4,0.3,Lounge,10.3,0.03,New BEL Road
1000653,Family,trial_only,26,146198,1064.0,Premium,2,0.15,Casual Dining,26.7,0.15,Koramangala 6th Block
1000654,Student,regular,18,16926,228.0,Budget,2,0.35,Dessert Parlor,4.6,0.03,BTM
1000655,Couple,regular,35,61693,1568.0,Premium,2,0.3,Cafe,11.2,0.03,Kammanahalli
1000656,Office Worker,regular,33,67779,467.0,Budget,1,0.2,Quick Bites,18.2,0.03,Koramangala 5th Block
1000657,Couple,occasional,36,144309,976.0,Mid-range,2,0.3,Lounge,18.4,0.06,Whitefield
1000658,Office Worker,occasional,37,38192,472.0,Budget,1,0.2,Quick Bites,26.8,0.06,BTM
1000659,Family,occasional,34,68544,838.0,Mid-range,2,0.15,Casual Dining,1.1,0.06,Banaswadi
1000660,Office Worker,occasional,37,72459,637.0,Mid-range,1,0.2,Delivery,18.9,0.06,Malleshwaram
1000661,Office Worker,regular,39,55359,488.0,Budget,1,0.2,Food Court,27.1,0.03,Shanti Nagar
1000662,Couple,occasional,26,140300,966.0,Mid-range,3,0.3,Cafe,18.8,0.06,Brigade Road
1000663,Student,trial_only,21,21796,219.0,Budget,2,0.35,Bakery,38.6,0.15,Bellandur
1000664,Student,occasional,19,23042,296.0,Budget,2,0.35,Dessert Parlor,16.8,0.06,Koramangala 6th Block
1000665,Office Worker,regular,34,33708,315.0,Budget,3,0.2,Food Court,5.4,0.03,BTM
1000666,Family,occasional,34,174253,657.0,Mid-range,1,0.15,Cafe,10.1,0.06,New BEL Road
1000667,Couple,regular,30,83091,1127.0,Premium,1,0.3,Cafe,5.8,0.03,Lavelle Road
1000668,Food Explorer,power_user,26,75048,495.0,Budget,1,0.7,Sweet Shop,3.6,0.01,BTM
1000669,Office Worker,regular,29,67749,523.0,Mid-range,2,0.2,Quick Bites,2.6,0.03,Vasanth Nagar
1000670,Office Worker,regular,24,81454,376.0,Budget,2,0.2,Casual Dining,5.8,0.03,Bannerghatta Road
1000671,Student,regular,18,29878,102.0,Budget,3,0.35,Quick Bites,12.3,0.03,JP Nagar
1000672,Family,occasional,42,152838,463.0,Budget,4,0.15,Casual Dining,12.5,0.06,BTM
1000673,Food Explorer,regular,39,48444,596.0,Mid-range,2,0.7,Casual Dining,4.6,0.03,Hosur Road
1000674,Family,occasional,38,70611,683.0,Mid-range,4,0.15,Casual Dining,17.9,0.06,Kalyan Nagar
1000675,Family,trial_only,53,159753,553.0,Mid-range,4,0.15,Cafe,5.7,0.15,Ulsoor
1000676,Office Worker,occasional,25,84760,646.0,Mid-range,1,0.2,Cafe,11.5,0.06,HSR
1000677,Food Explorer,occasional,40,89899,807.0,Mid-range,2,0.7,Fine Dining,5.1,0.06,Rajajinagar
1000678,Office Worker,occasional,33,84626,444.0,Budget,1,0.2,Cafe,15.2,0.06,Koramangala 4th Block
1000679,Student,power_user,23,17939,319.0,Budget,1,0.35,Food Court,1.7,0.01,Jayanagar
1000680,Office Worker,regular,24,51085,423.0,Budget,1,0.2,Quick Bites,8.5,0.03,Ulsoor
1000681,Student,occasional,22,14251,200.0,Budget,1,0.35,Quick Bites,11.7,0.06,HSR
1000682,Student,trial_only,20,29836,382.0,Budget,1,0.35,Food Court,40.2,0.15,Bannerghatta Road
1000683,Student,trial_only,24,26735,368.0,Budget,3,0.35,Cafe,28.2,0.15,Koramangala 5th Block
1000684,Office Worker,trial_only,37,43478,252.0,Budget,2,0.2,Quick Bites,9.5,0.15,HSR
1000685,Family,occasional,51,179908,845.0,Mid-range,5,0.15,Casual Dining,5.2,0.06,Jalahalli
1000686,Office Worker,occasional,39,31823,484.0,Budget,2,0.2,Food Court,3.8,0.06,Indiranagar
1000687,Office Worker,trial_only,35,76218,418.0,Budget,1,0.2,Casual Dining,32.9,0.15,BTM
1000688,Food Explorer,trial_only,26,56635,1124.0,Premium,1,0.7,Pub,19.2,0.15,JP Nagar
1000689,Couple,occasional,30,128399,1797.0,Premium,2,0.3,Fine Dining,10.0,0.06,Marathahalli
1000690,Office Worker,trial_only,38,59039,412.0,Budget,2,0.2,Casual Dining,48.4,0.15,BTM
1000691,Office Worker,trial_only,33,44041,428.0,Budget,1,0.2,Delivery,54.3,0.15,Banashankari
1000692,Couple,occasional,43,55776,1098.0,Premium,1,0.3,Fine Dining,14.2,0.06,Brigade Road
1000693,Student,power_user,23,25532,251.0,Budget,1,0.35,Dessert Parlor,0.9,0.01,Jayanagar
1000694,Office Worker,regular,33,39600,358.0,Budget,1,0.2,Casual Dining,6.8,0.03,Ejipura
1000695,Food Explorer,occasional,24,75981,727.0,Mid-range,1,0.7,Quick Bites,29.5,0.06,Whitefield
1000696,Office Worker,regular,40,87027,646.0,Mid-range,1,0.2,Casual Dining,3.3,0.03,BTM
1000697,Family,occasional,28,166519,1110.0,Premium,3,0.15,Casual Dining,24.5,0.06,HSR
1000698,Family,occasional,28,119261,958.0,Mid-range,2,0.15,Cafe,27.7,0.06,Kammanahalli
1000699,Family,trial_only,25,147800,319.0,Budget,3,0.15,Dessert Parlor,61.7,0.15,Jayanagar
1000700,Office Worker,trial_only,24,79386,264.0,Budget,2,0.2,Delivery,30.9,0.15,St. Marks Road
1000701,Student,occasional,20,25163,385.0,Budget,2,0.35,Cafe,18.2,0.06,BTM
1000702,Office Worker,regular,38,42397,612.0,Mid-range,1,0.2,Casual Dining,3.5,0.03,Koramangala 7th Block
1000703,Student,regular,24,30286,344.0,Budget,1,0.35,Quick Bites,3.9,0.03,Indiranagar
1000704,Couple,occasional,34,58852,1108.0,Premium,2,0.3,Cafe,11.7,0.06,Nagawara
1000705,Office Worker,regular,28,61346,585.0,Mid-range,1,0.2,Food Court,0.7,0.03,Koramangala 1st Block
1000706,Family,occasional,32,153666,951.0,Mid-range,3,0.15,Cafe,3.9,0.06,Whitefield
1000707,Couple,trial_only,44,107061,1541.0,Premium,1,0.3,Fine Dining,36.2,0.15,BTM
1000708,Couple,occasional,25,84883,643.0,Mid-range,1,0.3,Fine Dining,28.6,0.06,Koramangala 1st Block
1000709,Office Worker,occasional,24,54978,484.0,Budget,1,0.2,Quick Bites,8.4,0.06,Koramangala 5th Block
1000710,Office Worker,occasional,24,57588,627.0,Mid-range,2,0.2,Casual Dining,3.3,0.06,BTM
1000711,Food Explorer,trial_only,38,99523,732.0,Mid-range,1,0.7,Sweet Shop,32.5,0.15,Koramangala 5th Block
1000712,Family,regular,23,179056,990.0,Mid-range,4,0.15,Casual Dining,4.3,0.03,Koramangala 7th Block
1000713,Couple,occasional,44,127859,1211.0,Premium,1,0.3,Fine Dining,10.8,0.06,Whitefield
1000714,Food Explorer,regular,25,65322,627.0,Mid-range,1,0.7,Dessert Parlor,5.2,0.03,Bannerghatta Road
1000715,Couple,occasional,36,61120,1621.0,Premium,1,0.3,Cafe,7.3,0.06,Koramangala 7th Block
1000716,Student,regular,24,21829,246.0,Budget,1,0.35,Quick Bites,2.6,0.03,BTM
1000717,Family,occasional,24,162960,646.0,Mid-range,4,0.15,Casual Dining,41.9,0.06,Koramangala 6th Block
1000718,Student,occasional,19,25870,262.0,Budget,1,0.35,Cafe,23.2,0.06,Bellandur
1000719,Family,power_user,46,98617,805.0,Mid-range,4,0.15,Food Court,4.3,0.01,Koramangala 6th Block
1000720,Food Explorer,occasional,37,47125,197.0,Budget,1,0.7,Dessert Parlor,0.5,0.06,Malleshwaram
1000721,Office Worker,regular,39,45133,523.0,Mid-range,1,0.2,Delivery,2.4,0.03,Frazer Town
1000722,Office Worker,regular,23,72986,434.0,Budget,1,0.2,Quick Bites,9.5,0.03,Malleshwaram
1000723,Student,power_user,23,26750,368.0,Budget,1,0.35,Cafe,0.6,0.01,BTM
1000724,Food Explorer,regular,28,76138,100.0,Budget,2,0.7,Lounge,5.9,0.03,Koramangala 8th Block
1000725,Student,trial_only,21,18347,369.0,Budget,1,0.35,Quick Bites,26.1,0.15,Rajajinagar
1000726,Student,trial_only,24,14375,407.0,Budget,3,0.35,Quick Bites,17.4,0.15,Old Airport Road
1000727,Student,occasional,24,34312,335.0,Budget,1,0.35,Quick Bites,16.7,0.06,Koramangala 5th Block
1000728,Student,occasional,19,20763,302.0,Budget,1,0.35,Quick Bites,7.6,0.06,Sarjapur Road
1000729,Office Worker,occasional,31,76033,537.0,Mid-range,1,0.2,Delivery,7.6,0.06,Koramangala 3rd Block
1000730,Office Worker,trial_only,28,57640,577.0,Mid-range,1,0.2,Quick Bites,9.2,0.15,Koramangala 3rd Block
1000731,Office Worker,occasional,34,64153,502.0,Mid-range,1,0.2,Quick Bites,31.0,0.06,Marathahalli
1000732,Student,power_user,23,26019,348.0,Budget,2,0.35,Dessert Parlor,1.1,0.01,Shivajinagar
1000733,Student,occasional,20,18896,433.0,Budget,1,0.35,Quick Bites,8.2,0.06,Electronic City
1000734,Office Worker,trial_only,25,86228,526.0,Mid-range,2,0.2,Casual Dining,23.6,0.15,BTM
1000735,Student,regular,18,21433,236.0,Budget,1,0.35,Quick Bites,4.3,0.03,"Varthur Main Road, Whitefield"
1000736,Family,occasional,21,151808,1053.0,Premium,5,0.15,Dessert Parlor,31.2,0.06,Indiranagar
1000737,Student,regular,20,32909,290.0,Budget,2,0.35,Food Court,11.2,0.03,Indiranagar
1000738,Office Worker,regular,40,52947,453.0,Budget,1,0.2,Food Court,5.3,0.03,St. Marks Road
1000739,Office Worker,occasional,27,44040,461.0,Budget,2,0.2,Casual Dining,11.4,0.06,Residency Road
1000740,Office Worker,regular,30,88179,547.0,Mid-range,2,0.2,Quick Bites,3.0,0.03,Marathahalli
1000741,Student,trial_only,22,29648,440.0,Budget,1,0.35,Bakery,2.0,0.15,Kammanahalli
1000742,Student,occasional,22,29771,302.0,Budget,3,0.35,Bakery,3.1,0.06,BTM
1000743,Couple,power_user,29,144605,1719.0,Premium,2,0.3,Fine Dining,6.1,0.01,Sarjapur Road
1000744,Student,trial_only,18,10698,313.0,Budget,1,0.35,Cafe,36.6,0.15,Whitefield
1000745,Office Worker,occasional,25,86684,590.0,Mid-range,1,0.2,Casual Dining,7.7,0.06,Koramangala 6th Block
1000746,Office Worker,occasional,26,36995,470.0,Budget,1,0.2,Quick Bites,16.5,0.06,Jayanagar
1000747,Office Worker,occasional,24,38718,401.0,Budget,1,0.2,Casual Dining,50.2,0.06,Frazer Town
1000748,Office Worker,trial_only,31,43080,642.0,Mid-range,1,0.2,Delivery,39.8,0.15,Banashankari
1000749,Couple,regular,38,61331,1024.0,Premium,2,0.3,Pub,2.1,0.03,Frazer Town
1000750,Couple,regular,38,58350,1004.0,Premium,2,0.3,Cafe,4.9,0.03,Frazer Town
1000751,Office Worker,regular,39,37509,324.0,Budget,4,0.2,Casual Dining,7.9,0.03,Residency Road
1000752,Office Worker,regular,28,59126,577.0,Mid-range,1,0.2,Quick Bites,13.2,0.03,CV Raman Nagar
1000753,Student,occasional,22,19312,420.0,Budget,1,0.35,Quick Bites,12.7,0.06,Bellandur
1000754,Office Worker,regular,38,50443,487.0,Budget,2,0.2,Quick Bites,5.0,0.03,Brookefield
1000755,Family,occasional,21,80618,603.0,Mid-range,2,0.15,Casual Dining,7.6,0.06,JP Nagar
1000756,Student,occasional,23,34324,299.0,Budget,1,0.35,Bakery,3.5,0.06,Infantry Road
1000757,Office Worker,trial_only,24,49948,420.0,Budget,1,0.2,Delivery,42.5,0.15,Shivajinagar
1000758,Food Explorer,occasional,32,77819,342.0,Budget,2,0.7,Sweet Shop,10.3,0.06,BTM
1000759,Student,trial_only,23,13555,261.0,Budget,1,0.35,Dessert Parlor,6.7,0.15,Rajajinagar
1000760,Office Worker,trial_only,31,42729,501.0,Mid-range,1,0.2,Cafe,13.3,0.15,Sarjapur Road
1000761,Family,regular,40,88119,679.0,Mid-range,4,0.15,Cafe,6.9,0.03,Bannerghatta Road
1000762,Student,occasional,22,34269,323.0,Budget,2,0.35,Dessert Parlor,12.9,0.06,HSR
1000763,Student,regular,22,14406,158.0,Budget,1,0.35,Quick Bites,8.9,0.03,Ulsoor
1000764,Student,trial_only,23,22847,434.0,Budget,1,0.35,Quick Bites,16.3,0.15,Koramangala 7th Block
1000765,Food Explorer,occasional,38,83536,502.0,Mid-range,1,0.7,Food Court,11.7,0.06,Shanti Nagar
1000766,Student,regular,18,11826,370.0,Budget,1,0.35,Dessert Parlor,1.2,0.03,Bannerghatta Road
1000767,Student,regular,20,18774,315.0,Budget,1,0.35,Quick Bites,3.4,0.03,Brigade Road
1000768,Student,regular,23,12021,332.0,Budget,1,0.35,Cafe,11.4,0.03,Bellandur
1000769,Student,trial_only,20,14373,209.0,Budget,2,0.35,Bakery,28.4,0.15,BTM
1000770,Family,occasional,37,141035,648.0,Mid-range,5,0.15,Casual Dining,9.5,0.06,Electronic City
1000771,Student,power_user,23,24211,241.0,Budget,1,0.35,Quick Bites,4.1,0.01,Majestic
1000772,Family,regular,53,119376,805.0,Mid-range,4,0.15,Food Court,7.2,0.03,BTM
1000773,Family,regular,29,85614,1065.0,Premium,7,0.15,Casual Dining,11.9,0.03,Basavanagudi
1000774,Couple,occasional,45,112423,1330.0,Premium,1,0.3,Cafe,4.2,0.06,Bannerghatta Road
1000775,Student,regular,22,32617,228.0,Budget,2,0.35,Dessert Parlor,7.6,0.03,Koramangala 5th Block
1000776,Couple,regular,24,134966,1226.0,Premium,2,0.3,Microbrewery,6.5,0.03,Richmond Road
1000777,Family,trial_only,51,80783,784.0,Mid-range,5,0.15,Casual Dining,47.3,0.15,Marathahalli
1000778,Student,occasional,20,27035,272.0,Budget,3,0.35,Quick Bites,6.6,0.06,Sahakara Nagar
1000779,Couple,occasional,30,74391,1195.0,Premium,4,0.3,Fine Dining,17.5,0.06,Brigade Road
1000780,Couple,occasional,35,136179,1429.0,Premium,2,0.3,Fine Dining,0.3,0.06,Bannerghatta Road
1000781,Office Worker,occasional,33,58380,378.0,Budget,1,0.2,Delivery,22.6,0.06,Infantry Road
1000782,Food Explorer,occasional,32,99415,514.0,Mid-range,2,0.7,Takeaway,19.0,0.06,Indiranagar
1000783,Office Worker,regular,23,62358,548.0,Mid-range,2,0.2,Delivery,2.4,0.03,Yeshwantpur
1000784,Family,regular,49,140928,894.0,Mid-range,2,0.15,Casual Dining,5.5,0.03,Banaswadi
1000785,Food Explorer,trial_only,28,114792,920.0,Mid-range,1,0.7,Microbrewery,8.7,0.15,Koramangala 6th Block
1000786,Office Worker,trial_only,25,38082,594.0,Mid-range,1,0.2,Cafe,27.8,0.15,Marathahalli
1000787,Couple,occasional,36,140361,792.0,Mid-range,2,0.3,Fine Dining,21.9,0.06,BTM
1000788,Office Worker,regular,34,58970,479.0,Budget,1,0.2,Cafe,9.7,0.03,Nagawara
1000789,Couple,power_user,26,64209,1048.0,Premium,4,0.3,Fine Dining,3.2,0.01,Banashankari
1000790,Family,regular,53,111971,560.0,Mid-range,4,0.15,Fine Dining,1.3,0.03,Koramangala 7th Block
1000791,Student,trial_only,22,11396,237.0,Budget,1,0.35,Dessert Parlor,35.8,0.15,MG Road
1000792,Office Worker,trial_only,40,62442,420.0,Budget,1,0.2,Quick Bites,34.2,0.15,Ejipura
1000793,Office Worker,occasional,35,58340,421.0,Budget,2,0.2,Cafe,20.4,0.06,Indiranagar
1000794,Student,trial_only,18,19778,251.0,Budget,1,0.35,Quick Bites,12.3,0.15,Brigade Road
1000795,Student,regular,19,21106,299.0,Budget,2,0.35,Quick Bites,3.8,0.03,Church Street
1000796,Office Worker,occasional,40,67226,695.0,Mid-range,1,0.2,Casual Dining,44.4,0.06,Ejipura
1000797,Student,regular,21,30668,162.0,Budget,1,0.35,Beverage Shop,1.9,0.03,Frazer Town
1000798,Student,regular,18,19811,391.0,Budget,2,0.35,Quick Bites,6.9,0.03,Sarjapur Road
1000799,Family,trial_only,22,62020,796.0,Mid-range,5,0.15,Cafe,11.8,0.15,Marathahalli
1000800,Family,trial_only,39,126914,712.0,Mid-range,2,0.15,Casual Dining,21.0,0.15,Whitefield
1000801,Family,regular,41,173365,396.0,Budget,2,0.15,Casual Dining,5.4,0.03,Banashankari
1000802,Office Worker,regular,27,53692,526.0,Mid-range,2,0.2,Casual Dining,8.2,0.03,Frazer Town
1000803,Couple,occasional,28,62265,768.0,Mid-range,2,0.3,Cafe,13.0,0.06,Koramangala 1st Block
1000804,Family,power_user,41,168212,966.0,Mid-range,4,0.15,Cafe,0.3,0.01,Basaveshwara Nagar
1000805,Student,occasional,21,20482,439.0,Budget,1,0.35,Cafe,6.5,0.06,Koramangala 5th Block
1000806,Student,occasional,18,19335,197.0,Budget,1,0.35,Dessert Parlor,9.8,0.06,Brigade Road
1000807,Family,regular,22,95442,1034.0,Premium,4,0.15,Cafe,10.4,0.03,Kalyan Nagar
1000808,Student,regular,19,28274,302.0,Budget,1,0.35,Cafe,3.8,0.03,Nagawara
1000809,Office Worker,regular,33,38746,241.0,Budget,1,0.2,Casual Dining,5.8,0.03,Whitefield
1000810,Food Explorer,trial_only,27,89099,299.0,Budget,1,0.7,Club,28.9,0.15,Whitefield
1000811,Student,regular,18,18718,314.0,Budget,3,0.35,Dessert Parlor,6.5,0.03,Koramangala 1st Block
1000812,Student,occasional,24,19638,332.0,Budget,1,0.35,Bakery,12.5,0.06,Malleshwaram
1000813,Food Explorer,regular,35,57255,205.0,Budget,1,0.7,Irani Cafe,2.4,0.03,Indiranagar
1000814,Family,occasional,41,156916,806.0,Mid-range,4,0.15,Casual Dining,8.2,0.06,Brigade Road
1000815,Student,regular,19,21338,366.0,Budget,1,0.35,Dessert Parlor,10.0,0.03,HSR
1000816,Couple,power_user,39,142757,1500.0,Premium,1,0.3,Lounge,4.9,0.01,Koramangala 3rd Block
1000817,Couple,occasional,44,132798,1076.0,Premium,2,0.3,Cafe,26.4,0.06,JP Nagar
1000818,Office Worker,occasional,35,75629,494.0,Budget,1,0.2,Casual Dining,7.2,0.06,Whitefield
1000819,Family,regular,30,114026,1014.0,Premium,3,0.15,Casual Dining,4.2,0.03,Bannerghatta Road
1000820,Office Worker,regular,30,86916,535.0,Mid-range,1,0.2,Cafe,7.5,0.03,HSR
1000821,Student,trial_only,24,24624,371.0,Budget,3,0.35,Dessert Parlor,74.9,0.15,Majestic
1000822,Family,regular,20,112357,823.0,Mid-range,1,0.15,Fine Dining,24.9,0.03,MG Road
1000823,Office Worker,regular,26,50846,441.0,Budget,2,0.2,Delivery,3.3,0.03,MG Road
1000824,Family,regular,23,169649,854.0,Mid-range,3,0.15,Dessert Parlor,3.0,0.03,JP Nagar
1000825,Couple,regular,38,75420,971.0,Mid-range,4,0.3,Cafe,1.6,0.03,Jayanagar
1000826,Student,occasional,21,31906,389.0,Budget,2,0.35,Quick Bites,18.2,0.06,Koramangala 5th Block
1000827,Family,occasional,24,87434,494.0,Budget,2,0.15,Casual Dining,3.0,0.06,BTM
1000828,Student,occasional,24,29060,260.0,Budget,3,0.35,Dessert Parlor,16.9,0.06,Bellandur
1000829,Couple,occasional,36,78216,1189.0,Premium,1,0.3,Cafe,17.2,0.06,Electronic City
1000830,Office Worker,regular,27,80112,497.0,Budget,1,0.2,Delivery,15.7,0.03,Kalyan Nagar
1000831,Family,occasional,54,160273,932.0,Mid-range,4,0.15,Casual Dining,6.2,0.06,Bellandur
1000832,Family,power_user,45,147616,1098.0,Premium,3,0.15,Fine Dining,0.3,0.01,Sanjay Nagar
1000833,Office Worker,regular,25,89526,458.0,Budget,1,0.2,Delivery,1.8,0.03,Koramangala 1st Block
1000834,Family,occasional,49,121477,656.0,Mid-range,3,0.15,Casual Dining,9.9,0.06,Bellandur
1000835,Family,regular,22,160646,771.0,Mid-range,6,0.15,Cafe,2.8,0.03,Whitefield
1000836,Family,power_user,52,126290,736.0,Mid-range,1,0.15,Cafe,1.7,0.01,Ulsoor
1000837,Couple,regular,32,53872,1356.0,Premium,1,0.3,Cafe,9.9,0.03,Church Street
1000838,Food Explorer,occasional,27,73415,333.0,Budget,1,0.7,Casual Dining,8.6,0.06,City Market
1000839,Office Worker,regular,23,31947,432.0,Budget,1,0.2,Delivery,4.2,0.03,HSR
1000840,Office Worker,occasional,39,69858,612.0,Mid-range,3,0.2,Food Court,14.4,0.06,BTM
1000841,Student,occasional,21,13810,314.0,Budget,1,0.35,Cafe,7.2,0.06,Koramangala 2nd Block
1000842,Couple,occasional,37,82479,884.0,Mid-range,2,0.3,Cafe,17.1,0.06,Bannerghatta Road
1000843,Office Worker,regular,38,82286,416.0,Budget,2,0.2,Quick Bites,10.2,0.03,Kalyan Nagar
1000844,Office Worker,trial_only,32,74380,227.0,Budget,1,0.2,Casual Dining,12.6,0.15,Seshadripuram
1000845,Student,regular,20,18401,295.0,Budget,1,0.35,Cafe,14.9,0.03,BTM
1000846,Couple,trial_only,41,100512,1694.0,Premium,2,0.3,Lounge,6.3,0.15,Koramangala 5th Block
1000847,Office Worker,occasional,32,64863,331.0,Budget,1,0.2,Cafe,3.9,0.06,Kammanahalli
1000848,Family,power_user,28,102382,509.0,Mid-range,2,0.15,Dessert Parlor,1.8,0.01,Richmond Road
1000849,Student,occasional,23,28746,248.0,Budget,1,0.35,Quick Bites,4.2,0.06,Bellandur
1000850,Food Explorer,occasional,37,51778,830.0,Mid-range,2,0.7,Dessert Parlor,14.4,0.06,HBR Layout
1000851,Student,occasional,19,20662,436.0,Budget,2,0.35,Quick Bites,50.5,0.06,MG Road
1000852,Student,regular,22,16388,336.0,Budget,3,0.35,Dessert Parlor,4.3,0.03,BTM
1000853,Couple,occasional,44,117910,814.0,Mid-range,4,0.3,Lounge,8.7,0.06,HSR
1000854,Food Explorer,occasional,37,91216,594.0,Mid-range,3,0.7,Quick Bites,3.9,0.06,Ejipura
1000855,Student,trial_only,19,30177,443.0,Budget,1,0.35,Quick Bites,115.9,0.15,HBR Layout
1000856,Office Worker,regular,38,52191,419.0,Budget,1,0.2,Delivery,14.7,0.03,Whitefield
1000857,Family,occasional,22,87692,828.0,Mid-range,2,0.15,Fine Dining,24.0,0.06,JP Nagar
1000858,Couple,occasional,37,53316,1272.0,Premium,3,0.3,Cafe,10.7,0.06,BTM
1000859,Office Worker,occasional,32,81637,295.0,Budget,1,0.2,Delivery,26.3,0.06,HSR
1000860,Office Worker,occasional,23,49784,550.0,Mid-range,1,0.2,Quick Bites,18.4,0.06,Whitefield
1000861,Family,regular,46,150552,971.0,Mid-range,6,0.15,Cafe,3.4,0.03,Vasanth Nagar
1000862,Family,occasional,30,103963,401.0,Budget,5,0.15,Fine Dining,56.9,0.06,HSR
1000863,Couple,regular,42,83201,801.0,Mid-range,1,0.3,Fine Dining,0.9,0.03,BTM
1000864,Family,regular,51,88116,606.0,Mid-range,3,0.15,Fine Dining,4.6,0.03,Hosur Road
1000865,Student,occasional,22,29534,360.0,Budget,2,0.35,Beverage Shop,6.6,0.06,HSR
1000866,Food Explorer,regular,33,62905,412.0,Budget,1,0.7,Irani Cafe,0.3,0.03,Koramangala 5th Block
1000867,Couple,power_user,25,79631,1320.0,Premium,4,0.3,Cafe,0.4,0.01,Koramangala 7th Block
1000868,Couple,power_user,43,120493,1145.0,Premium,5,0.3,Microbrewery,7.5,0.01,Whitefield
1000869,Student,occasional,22,22950,306.0,Budget,1,0.35,Quick Bites,8.2,0.06,Bannerghatta Road
1000870,Student,trial_only,20,28657,340.0,Budget,1,0.35,Cafe,20.3,0.15,Bannerghatta Road
1000871,Family,occasional,23,72426,854.0,Mid-range,2,0.15,Cafe,8.4,0.06,Sarjapur Road
1000872,Student,regular,21,33973,298.0,Budget,1,0.35,Quick Bites,4.1,0.03,BTM
1000873,Food Explorer,trial_only,39,58938,682.0,Mid-range,3,0.7,Casual Dining,3.4,0.15,Rajajinagar
1000874,Office Worker,regular,38,37085,472.0,Budget,1,0.2,Delivery,7.5,0.03,Jayanagar
1000875,Family,trial_only,23,73123,758.0,Mid-range,3,0.15,Casual Dining,35.2,0.15,Sankey Road
1000876,Couple,occasional,40,81172,1071.0,Premium,1,0.3,Fine Dining,7.5,0.06,Cunningham Road
1000877,Office Worker,regular,24,55411,638.0,Mid-range,2,0.2,Quick Bites,10.2,0.03,BTM
1000878,Office Worker,occasional,29,34622,406.0,Budget,1,0.2,Casual Dining,38.1,0.06,Shanti Nagar
1000879,Family,regular,36,134708,1073.0,Premium,3,0.15,Cafe,0.9,0.03,JP Nagar
1000880,Family,occasional,20,133597,663.0,Mid-range,6,0.15,Food Court,10.5,0.06,BTM
1000881,Office Worker,regular,25,76626,531.0,Mid-range,1,0.2,Casual Dining,7.4,0.03,BTM
1000882,Family,trial_only,51,61966,1157.0,Premium,3,0.15,Casual Dining,4.5,0.15,Cunningham Road
1000883,Food Explorer,occasional,33,47700,516.0,Mid-range,1,0.7,Beverage Shop,31.9,0.06,Jayanagar
1000884,Office Worker,trial_only,37,42321,383.0,Budget,1,0.2,Casual Dining,40.2,0.15,Jayanagar
1000885,Student,trial_only,21,20954,266.0,Budget,3,0.35,Bakery,40.7,0.15,Rajajinagar
1000886,Office Worker,regular,31,65219,448.0,Budget,1,0.2,Cafe,14.9,0.03,East Bangalore
1000887,Office Worker,occasional,23,42109,482.0,Budget,1,0.2,Casual Dining,10.3,0.06,St. Marks Road
1000888,Student,trial_only,21,18968,297.0,Budget,2,0.35,Quick Bites,21.0,0.15,Infantry Road
1000889,Student,regular,23,22838,266.0,Budget,1,0.35,Cafe,6.0,0.03,BTM
1000890,Family,power_user,27,125325,1191.0,Premium,3,0.15,Cafe,3.4,0.01,Bannerghatta Road
1000891,Office Worker,regular,31,61585,430.0,Budget,1,0.2,Casual Dining,8.3,0.03,Whitefield
1000892,Food Explorer,regular,29,91219,445.0,Budget,1,0.7,Food Truck,2.5,0.03,Ulsoor
1000893,Student,trial_only,24,28890,366.0,Budget,1,0.35,Dessert Parlor,7.6,0.15,Yeshwantpur
1000894,Student,occasional,19,30974,368.0,Budget,1,0.35,Quick Bites,18.9,0.06,City Market
1000895,Couple,occasional,26,146535,1624.0,Premium,3,0.3,Fine Dining,17.7,0.06,Kalyan Nagar
1000896,Couple,trial_only,28,89287,1778.0,Premium,3,0.3,Cafe,53.4,0.15,Banaswadi
1000897,Office Worker,regular,25,49690,485.0,Budget,1,0.2,Quick Bites,10.9,0.03,Old Airport Road
1000898,Student,occasional,23,16972,277.0,Budget,2,0.35,Quick Bites,3.0,0.06,Bellandur
1000899,Student,power_user,19,18752,148.0,Budget,1,0.35,Cafe,0.8,0.01,Koramangala 6th Block
1000900,Office Worker,regular,29,62328,356.0,Budget,1,0.2,Food Court,2.8,0.03,Old Airport Road
1000901,Office Worker,regular,27,66251,471.0,Budget,1,0.2,Quick Bites,6.7,0.03,Marathahalli
1000902,Office Worker,regular,37,34180,332.0,Budget,1,0.2,Casual Dining,14.1,0.03,Marathahalli
1000903,Student,regular,22,34970,173.0,Budget,2,0.35,Bakery,6.7,0.03,Shanti Nagar
1000904,Office Worker,occasional,31,32514,457.0,Budget,3,0.2,Delivery,11.5,0.06,Old Airport Road
1000905,Food Explorer,regular,37,72078,794.0,Mid-range,1,0.7,Dhaba,1.9,0.03,Brookefield
1000906,Family,power_user,22,114268,751.0,Mid-range,4,0.15,Cafe,2.2,0.01,Electronic City
1000907,Office Worker,occasional,35,50716,540.0,Mid-range,2,0.2,Quick Bites,20.1,0.06,Bannerghatta Road
1000908,Student,power_user,20,15452,349.0,Budget,2,0.35,Dessert Parlor,1.8,0.01,HSR
1000909,Office Worker,trial_only,29,61832,565.0,Mid-range,1,0.2,Cafe,15.7,0.15,Jayanagar
1000910,Office Worker,trial_only,25,30433,667.0,Mid-range,1,0.2,Casual Dining,50.3,0.15,JP Nagar
1000911,Couple,occasional,26,124338,1984.0,Premium,2,0.3,Cafe,17.2,0.06,Koramangala 5th Block
1000912,Couple,occasional,39,117937,1420.0,Premium,2,0.3,Cafe,23.2,0.06,Brookefield
1000913,Food Explorer,occasional,38,101676,485.0,Budget,1,0.7,Cafe,6.3,0.06,MG Road
1000914,Food Explorer,occasional,39,105293,615.0,Mid-range,1,0.7,Bar,36.4,0.06,BTM
1000915,Food Explorer,trial_only,26,111002,993.0,Mid-range,1,0.7,Quick Bites,15.1,0.15,Koramangala 5th Block
1000916,Food Explorer,trial_only,36,51830,377.0,Budget,1,0.7,Cafe,20.1,0.15,Marathahalli
1000917,Student,regular,18,30876,416.0,Budget,1,0.35,Quick Bites,8.8,0.03,Bellandur
1000918,Student,occasional,23,24098,286.0,Budget,2,0.35,Dessert Parlor,7.6,0.06,Shivajinagar
1000919,Office Worker,trial_only,33,37409,473.0,Budget,1,0.2,Casual Dining,30.9,0.15,BTM
1000920,Family,power_user,51,178079,638.0,Mid-range,4,0.15,Casual Dining,3.2,0.01,JP Nagar
1000921,Student,occasional,18,30293,194.0,Budget,3,0.35,Quick Bites,10.6,0.06,Ejipura
1000922,Couple,occasional,41,76875,1116.0,Premium,3,0.3,Microbrewery,16.4,0.06,Marathahalli
1000923,Family,occasional,36,166869,1061.0,Premium,5,0.15,Food Court,8.7,0.06,JP Nagar
1000924,Office Worker,regular,33,73849,380.0,Budget,1,0.2,Casual Dining,8.0,0.03,Sarjapur Road
1000925,Student,regular,21,21177,429.0,Budget,1,0.35,Quick Bites,9.4,0.03,Infantry Road
1000926,Office Worker,regular,35,39726,393.0,Budget,1,0.2,Cafe,5.9,0.03,Thippasandra
1000927,Student,occasional,22,28278,215.0,Budget,5,0.35,Dessert Parlor,22.0,0.06,Koramangala 7th Block
1000928,Couple,trial_only,33,143210,1276.0,Premium,1,0.3,Cafe,12.9,0.15,HSR
1000929,Family,trial_only,35,83126,936.0,Mid-range,4,0.15,Casual Dining,25.9,0.15,HSR
1000930,Family,regular,22,60052,838.0,Mid-range,5,0.15,Casual Dining,18.6,0.03,Indiranagar
1000931,Office Worker,regular,36,43770,465.0,Budget,2,0.2,Quick Bites,5.9,0.03,Cunningham Road
1000932,Office Worker,occasional,35,47684,610.0,Mid-range,1,0.2,Casual Dining,10.7,0.06,Kammanahalli
1000933,Office Worker,occasional,33,52749,459.0,Budget,1,0.2,Casual Dining,4.7,0.06,South Bangalore
1000934,Couple,occasional,39,147644,1059.0,Premium,2,0.3,Fine Dining,6.9,0.06,Brigade Road
1000935,Couple,regular,29,146346,860.0,Mid-range,1,0.3,Fine Dining,5.6,0.03,Sarjapur Road
1000936,Student,regular,19,26767,402.0,Budget,2,0.35,Quick Bites,11.9,0.03,Indiranagar
1000937,Food Explorer,occasional,39,57391,494.0,Budget,1,0.7,Bar,21.1,0.06,Brigade Road
1000938,Student,occasional,24,15296,274.0,Budget,1,0.35,Quick Bites,5.7,0.06,Basavanagudi
1000939,Couple,regular,42,58162,1516.0,Premium,1,0.3,Fine Dining,7.4,0.03,BTM
1000940,Student,trial_only,18,29784,464.0,Budget,1,0.35,Quick Bites,25.5,0.15,Ejipura
1000941,Office Worker,occasional,32,43250,475.0,Budget,1,0.2,Cafe,13.5,0.06,Ulsoor
1000942,Couple,trial_only,40,139809,1159.0,Premium,3,0.3,Lounge,40.2,0.15,Indiranagar
1000943,Student,occasional,18,25009,300.0,Budget,2,0.35,Bakery,18.7,0.06,Jayanagar
1000944,Office Worker,occasional,40,59236,404.0,Budget,1,0.2,Food Court,17.8,0.06,Sahakara Nagar
1000945,Office Worker,trial_only,37,85757,414.0,Budget,2,0.2,Casual Dining,37.3,0.15,Indiranagar
1000946,Student,trial_only,20,13900,272.0,Budget,2,0.35,Food Court,3.8,0.15,Koramangala 6th Block
1000947,Family,trial_only,38,115646,982.0,Mid-range,3,0.15,Dessert Parlor,81.5,0.15,Marathahalli
1000948,Couple,trial_only,44,75859,1174.0,Premium,1,0.3,Cafe,26.4,0.15,Koramangala 6th Block
1000949,Couple,occasional,42,68111,1608.0,Premium,2,0.3,Fine Dining,20.9,0.06,Bannerghatta Road
1000950,Office Worker,regular,37,86587,438.0,Budget,1,0.2,Quick Bites,11.9,0.03,Koramangala 1st Block
1000951,Office Worker,regular,40,66316,413.0,Budget,2,0.2,Delivery,3.7,0.03,BTM
1000952,Student,trial_only,23,14027,402.0,Budget,1,0.35,Cafe,22.9,0.15,BTM
1000953,Student,regular,24,12683,302.0,Budget,1,0.35,Quick Bites,11.9,0.03,Cunningham Road
1000954,Student,occasional,24,17797,290.0,Budget,3,0.35,Bakery,30.4,0.06,Shivajinagar
1000955,Food Explorer,trial_only,22,106692,608.0,Mid-range,1,0.7,Pub,25.8,0.15,Koramangala 2nd Block
1000956,Couple,trial_only,38,64553,1640.0,Premium,2,0.3,Fine Dining,5.6,0.15,Ulsoor
1000957,Couple,trial_only,31,124172,1292.0,Premium,4,0.3,Fine Dining,12.4,0.15,Indiranagar
1000958,Office Worker,occasional,31,36336,575.0,Mid-range,1,0.2,Quick Bites,8.8,0.06,Old Airport Road
1000959,Office Worker,occasional,26,50207,427.0,Budget,2,0.2,Cafe,15.5,0.06,Basaveshwara Nagar
1000960,Office Worker,trial_only,35,61322,559.0,Mid-range,1,0.2,Cafe,33.2,0.15,Indiranagar
1000961,Office Worker,regular,38,37741,474.0,Budget,2,0.2,Casual Dining,10.0,0.03,Bannerghatta Road
1000962,Office Worker,regular,30,53802,538.0,Mid-range,1,0.2,Cafe,11.5,0.03,Brigade Road
1000963,Student,trial_only,22,16695,377.0,Budget,2,0.35,Quick Bites,1.7,0.15,Bellandur
1000964,Student,occasional,20,11154,225.0,Budget,2,0.35,Cafe,9.7,0.06,Sarjapur Road
1000965,Food Explorer,occasional,36,40078,618.0,Mid-range,1,0.7,Delivery,24.3,0.06,Koramangala 8th Block
1000966,Office Worker,regular,24,38711,546.0,Mid-range,3,0.2,Food Court,15.8,0.03,Jeevan Bhima Nagar
1000967,Food Explorer,occasional,38,99880,879.0,Mid-range,2,0.7,Dhaba,17.6,0.06,HSR
1000968,Student,trial_only,20,10941,400.0,Budget,2,0.35,Quick Bites,10.0,0.15,Frazer Town
1000969,Family,occasional,38,120673,821.0,Mid-range,2,0.15,Casual Dining,14.1,0.06,HSR
1000970,Student,regular,23,10614,423.0,Budget,3,0.35,Beverage Shop,12.9,0.03,Jayanagar
1000971,Office Worker,occasional,23,42940,384.0,Budget,1,0.2,Food Court,3.6,0.06,Bannerghatta Road
1000972,Student,trial_only,24,14461,180.0,Budget,1,0.35,Dessert Parlor,10.5,0.15,Vasanth Nagar
1000973,Student,trial_only,22,18496,278.0,Budget,1,0.35,Cafe,10.8,0.15,Marathahalli
1000974,Food Explorer,regular,40,99492,899.0,Mid-range,1,0.7,Lounge,8.7,0.03,Koramangala 4th Block
1000975,Office Worker,occasional,32,55265,341.0,Budget,2,0.2,Cafe,6.7,0.06,Banashankari
1000976,Family,regular,27,61772,506.0,Mid-range,3,0.15,Casual Dining,0.2,0.03,Marathahalli
1000977,Office Worker,occasional,33,38680,278.0,Budget,1,0.2,Quick Bites,27.8,0.06,Malleshwaram
1000978,Office Worker,regular,33,48268,524.0,Mid-range,3,0.2,Casual Dining,5.7,0.03,Koramangala 7th Block
1000979,Office Worker,occasional,39,46705,305.0,Budget,1,0.2,Casual Dining,41.2,0.06,Jayanagar
1000980,Student,occasional,22,24120,344.0,Budget,2,0.35,Cafe,20.6,0.06,Electronic City
1000981,Food Explorer,regular,29,68070,518.0,Mid-range,1,0.7,Confectionery,5.8,0.03,JP Nagar
1000982,Couple,regular,27,124371,969.0,Mid-range,1,0.3,Fine Dining,10.5,0.03,BTM
1000983,Family,regular,31,90297,600.0,Mid-range,5,0.15,Cafe,2.8,0.03,Marathahalli
1000984,Office Worker,regular,33,70674,471.0,Budget,1,0.2,Delivery,7.5,0.03,Jeevan Bhima Nagar
1000985,Student,occasional,20,12517,240.0,Budget,3,0.35,Cafe,15.9,0.06,Marathahalli
1000986,Food Explorer,regular,28,119074,599.0,Mid-range,2,0.7,Confectionery,5.4,0.03,Ejipura
1000987,Office Worker,regular,23,89202,490.0,Budget,1,0.2,Quick Bites,1.9,0.03,BTM
1000988,Student,trial_only,24,16890,349.0,Budget,1,0.35,Cafe,30.9,0.15,Electronic City
1000989,Office Worker,regular,38,44051,543.0,Mid-range,1,0.2,Quick Bites,7.0,0.03,Indiranagar
1000990,Couple,trial_only,29,50013,1249.0,Premium,1,0.3,Pub,15.1,0.15,Bannerghatta Road
1000991,Family,occasional,24,177119,590.0,Mid-range,3,0.15,Casual Dining,3.7,0.06,Malleshwaram
1000992,Couple,occasional,42,53821,1340.0,Premium,3,0.3,Fine Dining,6.7,0.06,Indiranagar
1000993,Couple,occasional,42,50210,1397.0,Premium,1,0.3,Fine Dining,35.7,0.06,HSR
1000994,Student,regular,24,12438,285.0,Budget,2,0.35,Quick Bites,3.8,0.03,BTM
1000995,Food Explorer,trial_only,32,63594,528.0,Mid-range,1,0.7,Microbrewery,30.7,0.15,Indiranagar
1000996,Office Worker,trial_only,36,88515,698.0,Mid-range,1,0.2,Casual Dining,29.5,0.15,Frazer Town
1000997,Family,regular,46,79991,541.0,Mid-range,3,0.15,Casual Dining,5.2,0.03,Electronic City
1000998,Student,occasional,19,24251,339.0,Budget,1,0.35,Dessert Parlor,36.9,0.06,RT Nagar
1000999,Food Explorer,occasional,31,92036,862.0,Mid-range,1,0.7,Delivery,19.6,0.06,JP Nagar
1001000,Office Worker,trial_only,27,77962,416.0,Budget,1,0.2,Cafe,36.1,0.15,Vasanth Nagar
1001001,Student,trial_only,23,27485,287.0,Budget,1,0.35,Dessert Parlor,25.5,0.15,Lavelle Road
1001002,Office Worker,power_user,40,89105,410.0,Budget,1,0.2,Food Court,1.6,0.01,New BEL Road
1001003,Student,trial_only,18,26542,300.0,Budget,1,0.35,Dessert Parlor,26.2,0.15,Malleshwaram
1001004,Student,trial_only,18,31107,372.0,Budget,2,0.35,Quick Bites,39.9,0.15,BTM
1001005,Family,occasional,29,98380,760.0,Mid-range,2,0.15,Fine Dining,22.9,0.06,Banaswadi
1001006,Office Worker,regular,25,54457,761.0,Mid-range,3,0.2,Cafe,9.3,0.03,JP Nagar
1001007,Food Explorer,trial_only,22,98974,487.0,Budget,2,0.7,Bhojanalya,3.1,0.15,Indiranagar
1001008,Office Worker,occasional,40,82553,588.0,Mid-range,1,0.2,Cafe,2.8,0.06,JP Nagar
1001009,Family,regular,40,60609,909.0,Mid-range,1,0.15,Casual Dining,4.8,0.03,Bellandur
1001010,Office Worker,trial_only,36,56025,461.0,Budget,1,0.2,Cafe,5.4,0.15,JP Nagar
1001011,Family,occasional,40,156277,1094.0,Premium,2,0.15,Casual Dining,5.8,0.06,Cunningham Road
1001012,Family,trial_only,46,73676,480.0,Budget,4,0.15,Casual Dining,8.8,0.15,Richmond Road
1001013,Office Worker,occasional,35,51169,493.0,Budget,2,0.2,Casual Dining,10.7,0.06,Banashankari
1001014,Food Explorer,regular,25,83851,421.0,Budget,3,0.7,Casual Dining,6.0,0.03,Residency Road
1001015,Office Worker,trial_only,25,34971,406.0,Budget,1,0.2,Food Court,7.9,0.15,Indiranagar
1001016,Student,occasional,21,32894,261.0,Budget,1,0.35,Dessert Parlor,30.0,0.06,Koramangala 6th Block
1001017,Family,occasional,33,104130,607.0,Mid-range,4,0.15,Casual Dining,16.2,0.06,Banashankari
1001018,Couple,regular,42,128454,704.0,Mid-range,1,0.3,Fine Dining,5.8,0.03,Koramangala 6th Block
1001019,Student,regular,20,20686,331.0,Budget,2,0.35,Food Court,10.2,0.03,Sarjapur Road
1001020,Office Worker,occasional,28,54116,443.0,Budget,2,0.2,Casual Dining,12.1,0.06,BTM
1001021,Couple,regular,35,146599,1110.0,Premium,1,0.3,Fine Dining,7.9,0.03,Electronic City
1001022,Family,trial_only,26,162584,952.0,Mid-range,3,0.15,Fine Dining,16.5,0.15,Sarjapur Road
1001023,Food Explorer,trial_only,38,81269,713.0,Mid-range,1,0.7,Confectionery,12.4,0.15,HSR
1001024,Office Worker,occasional,23,57851,423.0,Budget,1,0.2,Casual Dining,4.5,0.06,Koramangala 5th Block
1001025,Family,regular,50,153697,1410.0,Premium,4,0.15,Casual Dining,6.2,0.03,Sarjapur Road
1001026,Office Worker,occasional,34,71075,552.0,Mid-range,2,0.2,Cafe,15.7,0.06,Koramangala 5th Block
1001027,Food Explorer,power_user,38,118342,1211.0,Premium,1,0.7,Casual Dining,9.1,0.01,Brigade Road
1001028,Office Worker,trial_only,28,49988,409.0,Budget,1,0.2,Casual Dining,3.0,0.15,JP Nagar
1001029,Family,occasional,52,73520,850.0,Mid-range,4,0.15,Dessert Parlor,12.2,0.06,Koramangala 5th Block
1001030,Office Worker,trial_only,38,41683,326.0,Budget,1,0.2,Casual Dining,44.8,0.15,Kammanahalli
1001031,Family,regular,36,123323,734.0,Mid-range,5,0.15,Casual Dining,2.7,0.03,Rajajinagar
1001032,Family,regular,30,97616,683.0,Mid-range,3,0.15,Casual Dining,12.2,0.03,Jayanagar
1001033,Office Worker,trial_only,26,78559,750.0,Mid-range,1,0.2,Quick Bites,44.8,0.15,Jayanagar
1001034,Food Explorer,occasional,24,110013,427.0,Budget,1,0.7,Mess,27.3,0.06,Bannerghatta Road
1001035,Office Worker,trial_only,33,41212,427.0,Budget,1,0.2,Cafe,35.4,0.15,JP Nagar
1001036,Family,trial_only,54,178773,509.0,Mid-range,4,0.15,Casual Dining,12.6,0.15,Koramangala 6th Block
1001037,Office Worker,occasional,33,67874,503.0,Mid-range,2,0.2,Casual Dining,12.6,0.06,"ITPL Main Road, Whitefield"
1001038,Office Worker,occasional,40,45835,360.0,Budget,1,0.2,Casual Dining,24.1,0.06,Brookefield
1001039,Office Worker,occasional,36,42071,542.0,Mid-range,1,0.2,Delivery,6.8,0.06,Whitefield
1001040,Student,trial_only,22,14134,157.0,Budget,2,0.35,Quick Bites,5.7,0.15,Jayanagar
1001041,Student,trial_only,23,21778,290.0,Budget,1,0.35,Cafe,7.9,0.15,Koramangala 5th Block
1001042,Family,regular,53,68529,431.0,Budget,5,0.15,Dessert Parlor,9.3,0.03,Malleshwaram
1001043,Family,occasional,50,75736,702.0,Mid-range,3,0.15,Casual Dining,7.3,0.06,Jayanagar
1001044,Family,regular,25,150459,743.0,Mid-range,4,0.15,Cafe,7.5,0.03,Old Airport Road
1001045,Student,occasional,22,22221,252.0,Budget,1,0.35,Dessert Parlor,21.8,0.06,Frazer Town
1001046,Office Worker,trial_only,31,61680,400.0,Budget,1,0.2,Quick Bites,17.6,0.15,Marathahalli
1001047,Student,trial_only,24,18117,378.0,Budget,1,0.35,Beverage Shop,9.9,0.15,Marathahalli
1001048,Couple,regular,28,105610,1852.0,Premium,1,0.3,Lounge,2.5,0.03,HSR
1001049,Couple,regular,42,84291,1302.0,Premium,2,0.3,Fine Dining,19.4,0.03,Electronic City
1001050,Student,regular,21,11130,231.0,Budget,1,0.35,Cafe,2.7,0.03,Koramangala 3rd Block
1001051,Family,regular,53,128185,813.0,Mid-range,6,0.15,Casual Dining,7.9,0.03,Banashankari
1001052,Student,regular,23,12026,272.0,Budget,3,0.35,Quick Bites,10.8,0.03,Koramangala 1st Block
1001053,Office Worker,trial_only,29,71331,539.0,Mid-range,2,0.2,Delivery,32.3,0.15,Bannerghatta Road
1001054,Student,regular,23,32866,323.0,Budget,2,0.35,Cafe,5.0,0.03,Ulsoor
1001055,Office Worker,regular,26,70047,292.0,Budget,1,0.2,Casual Dining,5.6,0.03,Koramangala 8th Block
1001056,Family,occasional,20,129208,1020.0,Premium,3,0.15,Dessert Parlor,14.3,0.06,Bannerghatta Road
1001057,Food Explorer,regular,31,117146,842.0,Mid-range,2,0.7,Fine Dining,1.4,0.03,Ulsoor
1001058,Student,regular,20,15480,420.0,Budget,1,0.35,Quick Bites,8.7,0.03,Kaggadasapura
1001059,Office Worker,trial_only,25,76439,398.0,Budget,3,0.2,Quick Bites,75.3,0.15,Koramangala 4th Block
1001060,Family,power_user,55,84895,860.0,Mid-range,3,0.15,Dessert Parlor,0.0,0.01,Richmond Road
1001061,Food Explorer,regular,22,40038,304.0,Budget,2,0.7,Dessert Parlor,3.1,0.03,Old Airport Road
1001062,Family,occasional,41,88908,790.0,Mid-range,2,0.15,Casual Dining,12.2,0.06,Electronic City
1001063,Office Worker,regular,27,60146,490.0,Budget,1,0.2,Casual Dining,13.6,0.03,BTM
1001064,Family,regular,30,67651,673.0,Mid-range,4,0.15,Fine Dining,16.5,0.03,Bellandur
1001065,Office Worker,regular,26,46724,484.0,Budget,1,0.2,Casual Dining,0.6,0.03,HSR
1001066,Food Explorer,regular,29,43981,642.0,Mid-range,1,0.7,Sweet Shop,10.1,0.03,Ejipura
1001067,Office Worker,trial_only,35,44600,405.0,Budget,2,0.2,Casual Dining,66.6,0.15,Kammanahalli
1001068,Family,regular,31,146398,1079.0,Premium,2,0.15,Casual Dining,1.0,0.03,Banaswadi
1001069,Student,regular,23,13804,281.0,Budget,2,0.35,Beverage Shop,8.0,0.03,Bannerghatta Road
1001070,Office Worker,regular,31,45825,463.0,Budget,1,0.2,Quick Bites,15.6,0.03,Brookefield
1001071,Couple,trial_only,41,63566,760.0,Mid-range,1,0.3,Microbrewery,19.3,0.15,Sarjapur Road
1001072,Family,regular,36,106136,904.0,Mid-range,2,0.15,Cafe,7.2,0.03,HSR
1001073,Office Worker,trial_only,29,75664,402.0,Budget,1,0.2,Cafe,18.1,0.15,Koramangala 5th Block
1001074,Food Explorer,regular,31,82989,839.0,Mid-range,2,0.7,Bhojanalya,8.0,0.03,Lavelle Road
1001075,Couple,trial_only,39,70019,807.0,Mid-range,2,0.3,Cafe,50.1,0.15,Old Airport Road
1001076,Office Worker,regular,31,49204,493.0,Budget,1,0.2,Quick Bites,13.2,0.03,Banashankari
1001077,Office Worker,power_user,39,70203,232.0,Budget,1,0.2,Casual Dining,1.4,0.01,Whitefield
1001078,Office Worker,occasional,32,58727,512.0,Mid-range,1,0.2,Cafe,4.0,0.06,Koramangala 8th Block
1001079,Family,regular,30,115192,765.0,Mid-range,3,0.15,Casual Dining,8.0,0.03,Old Airport Road
1001080,Office Worker,occasional,23,81901,490.0,Budget,2,0.2,Quick Bites,20.1,0.06,Malleshwaram
1001081,Student,occasional,20,30479,252.0,Budget,1,0.35,Quick Bites,3.6,0.06,Banaswadi
1001082,Food Explorer,occasional,23,59528,363.0,Budget,1,0.7,Fine Dining,10.1,0.06,HSR
1001083,Food Explorer,regular,22,96341,491.0,Budget,1,0.7,Bakery,15.1,0.03,Brookefield
1001084,Couple,occasional,32,129126,1258.0,Premium,1,0.3,Lounge,9.9,0.06,Old Airport Road
1001085,Food Explorer,regular,27,111999,744.0,Mid-range,2,0.7,Club,12.5,0.03,Kalyan Nagar
1001086,Family,trial_only,51,91674,861.0,Mid-range,3,0.15,Casual Dining,15.5,0.15,Koramangala 3rd Block
1001087,Couple,occasional,40,122799,919.0,Mid-range,2,0.3,Lounge,26.8,0.06,BTM
1001088,Couple,occasional,41,68694,1751.0,Premium,1,0.3,Fine Dining,12.4,0.06,Koramangala 5th Block
1001089,Office Worker,trial_only,32,56673,483.0,Budget,1,0.2,Delivery,21.1,0.15,Sanjay Nagar
1001090,Office Worker,occasional,24,34359,388.0,Budget,1,0.2,Delivery,13.0,0.06,Old Airport Road
1001091,Student,occasional,23,25096,334.0,Budget,1,0.35,Quick Bites,6.5,0.06,Whitefield
1001092,Family,regular,37,142104,851.0,Mid-range,4,0.15,Casual Dining,1.7,0.03,Koramangala 3rd Block
1001093,Office Worker,occasional,30,56808,432.0,Budget,1,0.2,Delivery,9.6,0.06,BTM
1001094,Office Worker,regular,33,54698,421.0,Budget,1,0.2,Cafe,9.4,0.03,Electronic City
1001095,Family,power_user,25,89043,997.0,Mid-range,3,0.15,Dessert Parlor,0.5,0.01,Koramangala 5th Block
1001096,Office Worker,trial_only,31,76226,623.0,Mid-range,3,0.2,Quick Bites,57.3,0.15,Wilson Garden
1001097,Student,power_user,22,32759,137.0,Budget,2,0.35,Beverage Shop,2.1,0.01,Sankey Road
1001098,Couple,occasional,39,63267,1569.0,Premium,3,0.3,Microbrewery,20.5,0.06,HSR
1001099,Couple,regular,35,77584,1206.0,Premium,1,0.3,Cafe,4.4,0.03,Ejipura
1001100,Student,regular,24,25084,319.0,Budget,2,0.35,Quick Bites,8.9,0.03,BTM
1001101,Student,trial_only,24,19145,408.0,Budget,2,0.35,Quick Bites,39.8,0.15,Kumaraswamy Layout
1001102,Office Worker,power_user,24,30779,185.0,Budget,1,0.2,Casual Dining,6.4,0.01,Wilson Garden
1001103,Couple,occasional,25,52086,1444.0,Premium,2,0.3,Cafe,2.3,0.06,Kammanahalli
1001104,Couple,occasional,35,73383,1585.0,Premium,1,0.3,Cafe,11.7,0.06,BTM
1001105,Student,trial_only,23,34190,245.0,Budget,1,0.35,Bakery,50.2,0.15,Whitefield
1001106,Couple,regular,35,110965,782.0,Mid-range,2,0.3,Cafe,5.6,0.03,Koramangala 7th Block
1001107,Student,occasional,19,16381,431.0,Budget,1,0.35,Bakery,10.6,0.06,Bellandur
1001108,Office Worker,occasional,33,33362,274.0,Budget,1,0.2,Quick Bites,9.8,0.06,Bellandur
1001109,Food Explorer,regular,39,100495,705.0,Mid-range,2,0.7,Pub,6.2,0.03,Richmond Road
1001110,Student,regular,19,19431,382.0,Budget,2,0.35,Quick Bites,9.2,0.03,HSR
1001111,Student,regular,21,19842,332.0,Budget,1,0.35,Quick Bites,5.0,0.03,Banashankari
1001112,Office Worker,occasional,34,63700,506.0,Mid-range,1,0.2,Delivery,25.4,0.06,Koramangala 5th Block
1001113,Family,regular,34,87410,747.0,Mid-range,4,0.15,Casual Dining,7.1,0.03,Whitefield
1001114,Food Explorer,regular,22,98207,716.0,Mid-range,2,0.7,Confectionery,5.2,0.03,Koramangala 4th Block
1001115,Food Explorer,occasional,34,65096,423.0,Budget,1,0.7,Dhaba,13.4,0.06,Richmond Road
1001116,Student,occasional,23,27642,254.0,Budget,1,0.35,Cafe,24.9,0.06,JP Nagar
1001117,Student,regular,22,22934,303.0,Budget,2,0.35,Cafe,3.4,0.03,Indiranagar
1001118,Couple,regular,38,64818,738.0,Mid-range,1,0.3,Cafe,4.6,0.03,Brookefield
1001119,Office Worker,regular,34,67405,508.0,Mid-range,4,0.2,Food Court,3.7,0.03,Sarjapur Road
1001120,Couple,occasional,31,57517,456.0,Budget,2,0.3,Cafe,10.1,0.06,Indiranagar
1001121,Family,trial_only,20,145805,873.0,Mid-range,4,0.15,Cafe,25.5,0.15,Koramangala 6th Block
1001122,Student,occasional,24,19409,337.0,Budget,2,0.35,Dessert Parlor,24.8,0.06,HSR
1001123,Couple,occasional,28,117049,962.0,Mid-range,4,0.3,Cafe,19.6,0.06,Bannerghatta Road
1001124,Student,power_user,23,16020,201.0,Budget,2,0.35,Cafe,2.5,0.01,New BEL Road
1001125,Office Worker,trial_only,32,54429,409.0,Budget,1,0.2,Casual Dining,24.3,0.15,Old Airport Road
1001126,Family,regular,39,96683,928.0,Mid-range,2,0.15,Fine Dining,8.1,0.03,BTM
1001127,Office Worker,regular,23,45055,485.0,Budget,1,0.2,Cafe,4.4,0.03,Malleshwaram
1001128,Family,regular,55,101098,578.0,Mid-range,2,0.15,Fine Dining,3.3,0.03,BTM
1001129,Family,power_user,39,66451,821.0,Mid-range,3,0.15,Cafe,3.5,0.01,Residency Road
1001130,Food Explorer,occasional,37,71774,665.0,Mid-range,1,0.7,Cafe,7.3,0.06,Shivajinagar
1001131,Food Explorer,regular,36,49850,655.0,Mid-range,2,0.7,Meat Shop,2.8,0.03,Wilson Garden
1001132,Office Worker,regular,25,61116,351.0,Budget,1,0.2,Casual Dining,22.5,0.03,BTM
1001133,Student,regular,24,12265,312.0,Budget,1,0.35,Food Court,0.9,0.03,BTM
1001134,Family,trial_only,41,61116,984.0,Mid-range,6,0.15,Dessert Parlor,2.9,0.15,Marathahalli
1001135,Food Explorer,occasional,25,75125,734.0,Mid-range,3,0.7,Bakery,11.8,0.06,Whitefield
1001136,Office Worker,trial_only,33,47880,491.0,Budget,2,0.2,Cafe,37.5,0.15,Bannerghatta Road
1001137,Office Worker,trial_only,34,82613,614.0,Mid-range,2,0.2,Cafe,21.8,0.15,Koramangala 5th Block
1001138,Office Worker,trial_only,34,45862,467.0,Budget,1,0.2,Cafe,19.0,0.15,Banaswadi
1001139,Student,occasional,20,19983,233.0,Budget,2,0.35,Quick Bites,39.5,0.06,MG Road
1001140,Family,regular,53,88347,632.0,Mid-range,2,0.15,Cafe,3.6,0.03,Bannerghatta Road
1001141,Office Worker,regular,27,83369,468.0,Budget,1,0.2,Quick Bites,6.0,0.03,Malleshwaram
1001142,Couple,regular,34,128862,769.0,Mid-range,1,0.3,Pub,4.8,0.03,Jayanagar
1001143,Couple,occasional,42,67198,1107.0,Premium,2,0.3,Fine Dining,14.3,0.06,Sarjapur Road
1001144,Couple,power_user,25,75130,1339.0,Premium,2,0.3,Cafe,2.1,0.01,Electronic City
1001145,Office Worker,regular,30,41186,567.0,Mid-range,1,0.2,Cafe,7.9,0.03,Jayanagar
1001146,Office Worker,occasional,31,39058,296.0,Budget,2,0.2,Casual Dining,13.0,0.06,BTM
1001147,Family,regular,47,88890,820.0,Mid-range,6,0.15,Casual Dining,4.3,0.03,Indiranagar
1001148,Couple,power_user,41,135183,1180.0,Premium,2,0.3,Lounge,0.8,0.01,Electronic City
1001149,Office Worker,regular,37,57530,454.0,Budget,1,0.2,Casual Dining,0.3,0.03,Indiranagar
1001150,Couple,occasional,31,88294,1242.0,Premium,2,0.3,Cafe,18.2,0.06,"ITPL Main Road, Whitefield"
1001151,Student,regular,21,14770,297.0,Budget,2,0.35,Cafe,2.8,0.03,Koramangala 5th Block
1001152,Couple,regular,24,68403,1618.0,Premium,1,0.3,Fine Dining,6.1,0.03,Marathahalli
1001153,Student,regular,23,23881,400.0,Budget,3,0.35,Quick Bites,1.9,0.03,Richmond Road
1001154,Student,occasional,20,28780,471.0,Budget,2,0.35,Quick Bites,22.2,0.06,Whitefield
1001155,Office Worker,regular,31,63477,449.0,Budget,1,0.2,Casual Dining,10.0,0.03,Brigade Road
1001156,Student,power_user,22,26430,267.0,Budget,1,0.35,Cafe,1.3,0.01,Frazer Town
1001157,Student,trial_only,23,16537,223.0,Budget,2,0.35,Cafe,39.1,0.15,Infantry Road
1001158,Student,trial_only,18,33633,258.0,Budget,2,0.35,Food Court,44.2,0.15,Koramangala 7th Block
1001159,Office Worker,regular,36,79355,521.0,Mid-range,1,0.2,Casual Dining,13.9,0.03,Basavanagudi
1001160,Couple,regular,32,137780,1461.0,Premium,1,0.3,Pub,2.1,0.03,Rajajinagar
1001161,Student,regular,20,26690,354.0,Budget,2,0.35,Cafe,4.4,0.03,Jayanagar
1001162,Family,occasional,24,143318,667.0,Mid-range,4,0.15,Fine Dining,11.8,0.06,Electronic City
1001163,Couple,regular,39,57084,1002.0,Premium,1,0.3,Fine Dining,4.7,0.03,Domlur
1001164,Student,trial_only,21,14024,457.0,Budget,1,0.35,Quick Bites,66.4,0.15,Banashankari
1001165,Student,trial_only,18,13311,233.0,Budget,1,0.35,Cafe,34.4,0.15,BTM
1001166,Couple,occasional,27,98318,1625.0,Premium,1,0.3,Lounge,5.7,0.06,St. Marks Road
1001167,Couple,power_user,39,108797,1321.0,Premium,1,0.3,Cafe,7.9,0.01,Bannerghatta Road
1001168,Office Worker,trial_only,24,37127,377.0,Budget,1,0.2,Casual Dining,37.2,0.15,Frazer Town
1001169,Couple,occasional,35,125155,845.0,Mid-range,2,0.3,Lounge,9.7,0.06,Jayanagar
1001170,Student,occasional,22,23735,245.0,Budget,1,0.35,Dessert Parlor,2.8,0.06,Koramangala 7th Block
1001171,Office Worker,power_user,39,65727,492.0,Budget,2,0.2,Casual Dining,2.1,0.01,Koramangala 1st Block
1001172,Family,occasional,25,170014,618.0,Mid-range,2,0.15,Cafe,28.6,0.06,BTM
1001173,Office Worker,trial_only,28,65079,605.0,Mid-range,1,0.2,Delivery,25.3,0.15,Marathahalli
1001174,Couple,trial_only,27,50382,1138.0,Premium,1,0.3,Fine Dining,20.1,0.15,Whitefield
1001175,Office Worker,occasional,38,76128,520.0,Mid-range,1,0.2,Cafe,17.2,0.06,Koramangala 4th Block
1001176,Couple,occasional,37,137602,1386.0,Premium,4,0.3,Cafe,11.2,0.06,HBR Layout
1001177,Office Worker,regular,40,35012,612.0,Mid-range,1,0.2,Quick Bites,9.5,0.03,New BEL Road
1001178,Office Worker,occasional,23,62359,406.0,Budget,1,0.2,Cafe,23.0,0.06,Vasanth Nagar
1001179,Student,trial_only,22,21744,308.0,Budget,1,0.35,Cafe,12.7,0.15,Koramangala 1st Block
1001180,Student,occasional,18,13781,188.0,Budget,1,0.35,Quick Bites,26.0,0.06,BTM
1001181,Couple,regular,26,77609,1231.0,Premium,4,0.3,Fine Dining,2.9,0.03,Whitefield
1001182,Student,power_user,21,31397,391.0,Budget,3,0.35,Quick Bites,2.8,0.01,Koramangala 1st Block
1001183,Student,occasional,20,19792,318.0,Budget,2,0.35,Dessert Parlor,34.2,0.06,Marathahalli
1001184,Student,trial_only,20,23422,485.0,Budget,1,0.35,Quick Bites,27.3,0.15,Electronic City
1001185,Student,power_user,18,29428,342.0,Budget,2,0.35,Cafe,0.6,0.01,Domlur
1001186,Couple,regular,35,94817,1038.0,Premium,2,0.3,Microbrewery,7.0,0.03,BTM
1001187,Office Worker,trial_only,29,83473,496.0,Budget,1,0.2,Casual Dining,41.9,0.15,JP Nagar
1001188,Food Explorer,occasional,40,79977,234.0,Budget,1,0.7,Food Truck,21.3,0.06,City Market
1001189,Student,regular,23,34644,236.0,Budget,2,0.35,Quick Bites,11.9,0.03,Koramangala 4th Block
1001190,Family,regular,35,77684,557.0,Mid-range,6,0.15,Casual Dining,6.8,0.03,Marathahalli
1001191,Office Worker,regular,36,83288,452.0,Budget,2,0.2,Food Court,10.8,0.03,JP Nagar
1001192,Office Worker,regular,33,36764,444.0,Budget,1,0.2,Delivery,2.7,0.03,Bellandur
1001193,Couple,occasional,34,131315,1562.0,Premium,4,0.3,Pub,20.1,0.06,Rajajinagar
1001194,Food Explorer,occasional,39,92925,575.0,Mid-range,1,0.7,Takeaway,9.1,0.06,Hosur Road
1001195,Couple,occasional,36,105954,899.0,Mid-range,5,0.3,Cafe,29.7,0.06,Whitefield
1001196,Student,occasional,21,32011,425.0,Budget,1,0.35,Dessert Parlor,14.3,0.06,Rajajinagar
1001197,Student,power_user,21,26018,100.0,Budget,3,0.35,Quick Bites,2.0,0.01,BTM
1001198,Family,regular,48,143335,808.0,Mid-range,4,0.15,Fine Dining,10.9,0.03,Brookefield
1001199,Office Worker,regular,36,75259,472.0,Budget,1,0.2,Cafe,6.3,0.03,Shanti Nagar
1001200,Family,power_user,39,160895,798.0,Mid-range,4,0.15,Fine Dining,0.6,0.01,Indiranagar
1001201,Family,occasional,26,87857,900.0,Mid-range,4,0.15,Casual Dining,5.3,0.06,Malleshwaram
1001202,Family,regular,42,161373,822.0,Mid-range,5,0.15,Dessert Parlor,20.3,0.03,Infantry Road
1001203,Couple,occasional,33,108902,1350.0,Premium,2,0.3,Fine Dining,16.7,0.06,Kalyan Nagar
1001204,Family,regular,53,63844,680.0,Mid-range,2,0.15,Dessert Parlor,6.9,0.03,Koramangala 4th Block
1001205,Student,regular,24,32961,183.0,Budget,1,0.35,Cafe,5.2,0.03,BTM
1001206,Student,regular,18,29274,296.0,Budget,1,0.35,Quick Bites,7.7,0.03,JP Nagar
1001207,Family,occasional,55,166991,595.0,Mid-range,5,0.15,Dessert Parlor,18.0,0.06,Whitefield
1001208,Office Worker,occasional,39,76326,377.0,Budget,1,0.2,Delivery,3.6,0.06,Koramangala 5th Block
1001209,Office Worker,trial_only,39,50731,566.0,Mid-range,1,0.2,Quick Bites,19.6,0.15,BTM
1001210,Office Worker,regular,31,50998,606.0,Mid-range,1,0.2,Casual Dining,3.2,0.03,Ejipura
1001211,Couple,occasional,29,77647,1543.0,Premium,2,0.3,Cafe,3.9,0.06,Koramangala 5th Block
1001212,Couple,occasional,37,90985,1487.0,Premium,1,0.3,Pub,1.8,0.06,Domlur
1001213,Family,regular,51,64173,812.0,Mid-range,2,0.15,Casual Dining,21.6,0.03,Kumaraswamy Layout
1001214,Office Worker,power_user,31,74730,552.0,Mid-range,2,0.2,Quick Bites,12.1,0.01,Bannerghatta Road
1001215,Office Worker,regular,40,75142,486.0,Budget,1,0.2,Quick Bites,21.2,0.03,Indiranagar
1001216,Office Worker,power_user,27,89194,645.0,Mid-range,1,0.2,Quick Bites,4.7,0.01,Kammanahalli
1001217,Office Worker,trial_only,38,63035,358.0,Budget,1,0.2,Casual Dining,31.1,0.15,Koramangala 2nd Block
1001218,Family,regular,22,178540,935.0,Mid-range,2,0.15,Food Court,4.0,0.03,HSR
1001219,Family,occasional,50,85186,547.0,Mid-range,4,0.15,Food Court,10.0,0.06,Jayanagar
1001220,Student,occasional,24,21846,354.0,Budget,1,0.35,Cafe,4.3,0.06,Banaswadi
1001221,Student,regular,22,29562,162.0,Budget,1,0.35,Food Court,5.6,0.03,BTM
1001222,Student,occasional,22,29739,203.0,Budget,2,0.35,Dessert Parlor,2.6,0.06,Marathahalli
1001223,Couple,power_user,33,127368,815.0,Mid-range,1,0.3,Lounge,2.9,0.01,HSR
1001224,Family,occasional,51,115927,850.0,Mid-range,1,0.15,Casual Dining,4.6,0.06,Church Street
1001225,Student,power_user,18,11826,328.0,Budget,2,0.35,Dessert Parlor,4.9,0.01,Whitefield
1001226,Couple,regular,30,136596,1935.0,Premium,1,0.3,Microbrewery,4.3,0.03,Ulsoor
1001227,Office Worker,regular,25,52887,441.0,Budget,1,0.2,Delivery,13.5,0.03,Sarjapur Road
1001228,Office Worker,occasional,28,68984,527.0,Mid-range,1,0.2,Casual Dining,29.2,0.06,Bommanahalli
1001229,Food Explorer,occasional,31,50662,640.0,Mid-range,1,0.7,Bakery,19.4,0.06,BTM
1001230,Student,occasional,20,33416,355.0,Budget,3,0.35,Quick Bites,32.3,0.06,Koramangala 1st Block
1001231,Student,power_user,20,16419,311.0,Budget,1,0.35,Dessert Parlor,2.7,0.01,Commercial Street
1001232,Family,trial_only,28,179669,1020.0,Premium,3,0.15,Casual Dining,55.4,0.15,Koramangala 7th Block
1001233,Student,power_user,20,27885,216.0,Budget,2,0.35,Cafe,3.3,0.01,Infantry Road
1001234,Family,trial_only,37,99622,311.0,Budget,2,0.15,Cafe,58.0,0.15,Whitefield
1001235,Student,occasional,19,19239,333.0,Budget,3,0.35,Bakery,15.2,0.06,Koramangala 1st Block
1001236,Student,occasional,24,34484,156.0,Budget,1,0.35,Dessert Parlor,26.8,0.06,Rajajinagar
1001237,Student,regular,24,24846,405.0,Budget,2,0.35,Cafe,11.9,0.03,Bellandur
1001238,Office Worker,occasional,38,71551,395.0,Budget,1,0.2,Quick Bites,15.0,0.06,Whitefield
1001239,Student,occasional,18,25315,217.0,Budget,3,0.35,Dessert Parlor,6.6,0.06,HSR
1001240,Student,regular,21,15952,516.0,Mid-range,1,0.35,Bakery,12.6,0.03,Shivajinagar
1001241,Couple,occasional,41,63245,1194.0,Premium,1,0.3,Fine Dining,15.0,0.06,HSR
1001242,Office Worker,power_user,29,30186,429.0,Budget,2,0.2,Delivery,5.6,0.01,HSR
1001243,Office Worker,occasional,27,54297,525.0,Mid-range,2,0.2,Casual Dining,8.8,0.06,Marathahalli
1001244,Student,occasional,22,27096,365.0,Budget,2,0.35,Cafe,2.6,0.06,Koramangala 3rd Block
1001245,Office Worker,trial_only,23,48093,564.0,Mid-range,1,0.2,Delivery,4.1,0.15,Sarjapur Road
1001246,Office Worker,occasional,34,43343,317.0,Budget,2,0.2,Delivery,6.5,0.06,Marathahalli
1001247,Family,regular,36,106645,907.0,Mid-range,5,0.15,Casual Dining,12.9,0.03,Jeevan Bhima Nagar
1001248,Student,occasional,22,15784,277.0,Budget,1,0.35,Cafe,9.6,0.06,Indiranagar
1001249,Couple,regular,39,93497,924.0,Mid-range,3,0.3,Microbrewery,8.8,0.03,BTM
1001250,Food Explorer,occasional,32,84173,612.0,Mid-range,2,0.7,Fine Dining,18.3,0.06,Jayanagar
1001251,Student,occasional,22,16810,155.0,Budget,2,0.35,Quick Bites,1.5,0.06,Banashankari
1001252,Student,occasional,18,10773,374.0,Budget,1,0.35,Cafe,19.9,0.06,Commercial Street
1001253,Student,regular,24,12545,277.0,Budget,1,0.35,Cafe,9.0,0.03,Ulsoor
1001254,Family,regular,22,109964,704.0,Mid-range,6,0.15,Cafe,3.1,0.03,Sarjapur Road
1001255,Student,occasional,24,14434,289.0,Budget,1,0.35,Quick Bites,16.6,0.06,Frazer Town
1001256,Couple,power_user,45,129938,1150.0,Premium,2,0.3,Fine Dining,6.4,0.01,JP Nagar
1001257,Couple,regular,39,66489,1542.0,Premium,1,0.3,Fine Dining,6.3,0.03,Ejipura
1001258,Couple,regular,40,52726,871.0,Mid-range,1,0.3,Lounge,11.1,0.03,Koramangala 4th Block
1001259,Office Worker,occasional,23,67161,412.0,Budget,2,0.2,Quick Bites,11.7,0.06,Koramangala 7th Block
1001260,Food Explorer,regular,40,89915,546.0,Mid-range,1,0.7,Microbrewery,20.9,0.03,Banashankari
1001261,Student,occasional,21,26797,215.0,Budget,1,0.35,Dessert Parlor,5.8,0.06,BTM
1001262,Office Worker,trial_only,29,39502,466.0,Budget,1,0.2,Quick Bites,30.4,0.15,Banashankari
1001263,Office Worker,occasional,35,70837,378.0,Budget,1,0.2,Cafe,3.3,0.06,HSR
1001264,Food Explorer,regular,32,109028,249.0,Budget,1,0.7,Kiosk,8.4,0.03,Brigade Road
1001265,Family,power_user,33,132574,905.0,Mid-range,6,0.15,Casual Dining,0.4,0.01,Church Street
1001266,Couple,regular,31,89069,1664.0,Premium,3,0.3,Lounge,5.8,0.03,HSR
1001267,Student,occasional,18,22038,304.0,Budget,1,0.35,Quick Bites,36.0,0.06,Bannerghatta Road
1001268,Food Explorer,occasional,39,104970,574.0,Mid-range,1,0.7,Delivery,23.6,0.06,Banashankari
1001269,Office Worker,power_user,34,38585,438.0,Budget,2,0.2,Delivery,0.8,0.01,MG Road
1001270,Office Worker,regular,28,73429,398.0,Budget,2,0.2,Quick Bites,14.1,0.03,Koramangala 5th Block
1001271,Food Explorer,regular,35,61570,893.0,Mid-range,1,0.7,Sweet Shop,5.7,0.03,Jayanagar
1001272,Office Worker,regular,35,82670,459.0,Budget,1,0.2,Cafe,5.2,0.03,BTM
1001273,Office Worker,trial_only,25,38389,232.0,Budget,1,0.2,Quick Bites,20.7,0.15,Kammanahalli
1001274,Family,regular,26,122023,1040.0,Premium,6,0.15,Casual Dining,4.5,0.03,Church Street
1001275,Student,power_user,19,20013,376.0,Budget,1,0.35,Quick Bites,1.1,0.01,Koramangala 7th Block
1001276,Office Worker,regular,24,59167,510.0,Mid-range,1,0.2,Cafe,4.3,0.03,Koramangala 2nd Block
1001277,Student,regular,23,19556,100.0,Budget,1,0.35,Quick Bites,5.5,0.03,HSR
1001278,Student,regular,19,10935,300.0,Budget,1,0.35,Cafe,0.8,0.03,Banashankari
1001279,Couple,regular,41,135789,1468.0,Premium,2,0.3,Pub,3.4,0.03,JP Nagar
1001280,Family,regular,39,124058,876.0,Mid-range,2,0.15,Dessert Parlor,9.9,0.03,Jayanagar
1001281,Office Worker,power_user,25,66018,471.0,Budget,1,0.2,Delivery,2.4,0.01,BTM
1001282,Office Worker,occasional,38,61319,540.0,Mid-range,1,0.2,Casual Dining,23.7,0.06,HSR
1001283,Office Worker,occasional,26,61728,464.0,Budget,1,0.2,Quick Bites,2.9,0.06,Marathahalli
1001284,Family,power_user,55,132767,1041.0,Premium,3,0.15,Casual Dining,0.6,0.01,Sarjapur Road
1001285,Food Explorer,trial_only,22,73553,640.0,Mid-range,1,0.7,Delivery,31.2,0.15,Koramangala 1st Block
1001286,Food Explorer,regular,33,50481,621.0,Mid-range,1,0.7,Takeaway,3.0,0.03,South Bangalore
1001287,Office Worker,trial_only,28,31755,539.0,Mid-range,2,0.2,Delivery,14.1,0.15,Kammanahalli
1001288,Office Worker,trial_only,32,62398,410.0,Budget,1,0.2,Casual Dining,18.4,0.15,BTM
1001289,Office Worker,regular,38,41164,340.0,Budget,1,0.2,Casual Dining,3.5,0.03,BTM
1001290,Family,regular,48,114484,801.0,Mid-range,4,0.15,Casual Dining,4.7,0.03,Koramangala 8th Block
1001291,Office Worker,trial_only,28,66312,509.0,Mid-range,1,0.2,Casual Dining,35.0,0.15,Koramangala 7th Block
1001292,Family,regular,22,131517,985.0,Mid-range,2,0.15,Casual Dining,27.5,0.03,Vijay Nagar
1001293,Family,regular,30,80211,986.0,Mid-range,3,0.15,Cafe,3.5,0.03,BTM
1001294,Office Worker,occasional,37,69633,443.0,Budget,1,0.2,Casual Dining,27.8,0.06,Jeevan Bhima Nagar
1001295,Office Worker,occasional,32,86450,433.0,Budget,1,0.2,Cafe,1.1,0.06,Kalyan Nagar
1001296,Office Worker,trial_only,36,51685,391.0,Budget,1,0.2,Quick Bites,22.0,0.15,Koramangala 1st Block
1001297,Student,occasional,21,12961,320.0,Budget,3,0.35,Cafe,13.5,0.06,Whitefield
1001298,Student,trial_only,21,22601,169.0,Budget,1,0.35,Cafe,14.6,0.15,Brigade Road
1001299,Family,occasional,22,134023,805.0,Mid-range,6,0.15,Casual Dining,10.2,0.06,Malleshwaram
1001300,Office Worker,occasional,23,53706,735.0,Mid-range,2,0.2,Quick Bites,12.3,0.06,JP Nagar
1001301,Student,occasional,22,24983,180.0,Budget,3,0.35,Cafe,5.4,0.06,Lavelle Road
1001302,Family,trial_only,27,151859,831.0,Mid-range,5,0.15,Fine Dining,32.6,0.15,Shivajinagar
1001303,Couple,trial_only,31,107803,1313.0,Premium,5,0.3,Fine Dining,30.3,0.15,Banashankari
1001304,Office Worker,trial_only,29,77786,501.0,Mid-range,1,0.2,Delivery,22.8,0.15,Brigade Road
1001305,Couple,occasional,37,64606,910.0,Mid-range,2,0.3,Microbrewery,10.8,0.06,Koramangala 8th Block
1001306,Food Explorer,occasional,39,63435,729.0,Mid-range,1,0.7,Pop Up,21.3,0.06,Marathahalli
1001307,Family,regular,47,126644,693.0,Mid-range,3,0.15,Casual Dining,9.1,0.03,Ulsoor
1001308,Family,trial_only,42,91145,514.0,Mid-range,2,0.15,Casual Dining,15.0,0.15,Bellandur
1001309,Student,power_user,23,34861,376.0,Budget,1,0.35,Dessert Parlor,5.7,0.01,Indiranagar
1001310,Food Explorer,regular,31,94266,766.0,Mid-range,1,0.7,Quick Bites,7.2,0.03,Bommanahalli
1001311,Office Worker,regular,25,54715,353.0,Budget,1,0.2,Food Court,4.9,0.03,Whitefield
1001312,Food Explorer,occasional,31,101922,464.0,Budget,3,0.7,Lounge,28.4,0.06,Banashankari
1001313,Family,occasional,55,177992,684.0,Mid-range,4,0.15,Cafe,2.5,0.06,Whitefield
1001314,Student,regular,23,10271,169.0,Budget,1,0.35,Quick Bites,3.3,0.03,Koramangala 4th Block
1001315,Student,regular,20,23922,361.0,Budget,1,0.35,Quick Bites,13.8,0.03,Brookefield
1001316,Family,regular,31,111292,960.0,Mid-range,5,0.15,Casual Dining,7.4,0.03,Electronic City
1001317,Family,regular,53,150604,733.0,Mid-range,3,0.15,Casual Dining,8.2,0.03,Bellandur
1001318,Student,power_user,18,17693,298.0,Budget,1,0.35,Dessert Parlor,2.4,0.01,Koramangala 1st Block
1001319,Family,occasional,53,99064,823.0,Mid-range,3,0.15,Casual Dining,6.3,0.06,Koramangala 7th Block
1001320,Couple,regular,38,126652,1273.0,Premium,2,0.3,Lounge,5.4,0.03,Brigade Road
1001321,Office Worker,regular,37,83438,315.0,Budget,1,0.2,Cafe,9.5,0.03,Koramangala 5th Block
1001322,Office Worker,regular,28,38612,499.0,Budget,2,0.2,Delivery,5.5,0.03,Koramangala 4th Block
1001323,Student,occasional,22,25369,206.0,Budget,1,0.35,Beverage Shop,20.3,0.06,Brookefield
1001324,Couple,trial_only,31,127825,1404.0,Premium,4,0.3,Lounge,33.1,0.15,Basavanagudi
1001325,Office Worker,regular,23,39870,344.0,Budget,1,0.2,Cafe,3.2,0.03,MG Road
1001326,Couple,regular,34,116141,810.0,Mid-range,4,0.3,Lounge,7.7,0.03,Bannerghatta Road
1001327,Office Worker,occasional,40,88778,447.0,Budget,2,0.2,Quick Bites,22.4,0.06,Koramangala 7th Block
1001328,Family,power_user,28,161152,790.0,Mid-range,4,0.15,Cafe,1.0,0.01,Kammanahalli
1001329,Office Worker,trial_only,25,41665,460.0,Budget,1,0.2,Food Court,19.1,0.15,HSR
1001330,Student,trial_only,24,34757,229.0,Budget,1,0.35,Cafe,21.7,0.15,Koramangala 1st Block
1001331,Couple,occasional,44,85706,1261.0,Premium,1,0.3,Cafe,14.9,0.06,Electronic City
1001332,Office Worker,trial_only,38,58593,480.0,Budget,1,0.2,Casual Dining,75.4,0.15,Banashankari
1001333,Office Worker,regular,40,47496,567.0,Mid-range,1,0.2,Quick Bites,3.1,0.03,Frazer Town
1001334,Food Explorer,regular,40,95953,646.0,Mid-range,1,0.7,Kiosk,4.9,0.03,JP Nagar
1001335,Food Explorer,regular,39,50057,450.0,Budget,1,0.7,Pop Up,3.2,0.03,Koramangala 5th Block
1001336,Couple,power_user,45,120996,796.0,Mid-range,2,0.3,Cafe,0.5,0.01,Koramangala 5th Block
1001337,Student,regular,23,11381,178.0,Budget,1,0.35,Cafe,8.9,0.03,Banashankari
1001338,Family,occasional,31,161349,865.0,Mid-range,5,0.15,Fine Dining,36.5,0.06,Koramangala 4th Block
1001339,Couple,occasional,34,82599,1438.0,Premium,2,0.3,Microbrewery,20.3,0.06,Koramangala 5th Block
1001340,Office Worker,regular,29,61088,361.0,Budget,1,0.2,Quick Bites,2.7,0.03,Koramangala 4th Block
1001341,Student,occasional,21,15700,320.0,Budget,3,0.35,Cafe,5.8,0.06,New BEL Road
1001342,Couple,regular,39,60764,1148.0,Premium,3,0.3,Cafe,4.8,0.03,Koramangala 5th Block
1001343,Office Worker,regular,27,31396,522.0,Mid-range,2,0.2,Casual Dining,3.5,0.03,JP Nagar
1001344,Family,regular,20,177524,973.0,Mid-range,2,0.15,Casual Dining,2.9,0.03,JP Nagar
1001345,Food Explorer,occasional,33,50901,100.0,Budget,1,0.7,Cafe,23.6,0.06,Kalyan Nagar
1001346,Family,occasional,55,66820,1006.0,Premium,2,0.15,Casual Dining,24.5,0.06,Commercial Street
1001347,Office Worker,occasional,38,60828,475.0,Budget,1,0.2,Casual Dining,9.3,0.06,BTM
1001348,Office Worker,power_user,23,87743,397.0,Budget,2,0.2,Quick Bites,4.9,0.01,Cunningham Road
1001349,Office Worker,regular,33,34975,400.0,Budget,1,0.2,Food Court,11.2,0.03,Bannerghatta Road
1001350,Student,trial_only,21,16384,303.0,Budget,1,0.35,Beverage Shop,10.7,0.15,Shanti Nagar
1001351,Couple,power_user,33,105586,1049.0,Premium,1,0.3,Pub,2.4,0.01,Lavelle Road
1001352,Couple,regular,38,99248,919.0,Mid-range,1,0.3,Cafe,1.5,0.03,Banashankari
1001353,Office Worker,power_user,30,38744,379.0,Budget,1,0.2,Casual Dining,1.3,0.01,Whitefield
1001354,Office Worker,regular,39,87040,346.0,Budget,1,0.2,Casual Dining,13.6,0.03,BTM
1001355,Couple,occasional,43,85831,1604.0,Premium,1,0.3,Cafe,35.4,0.06,Koramangala 5th Block
1001356,Student,regular,22,26917,304.0,Budget,1,0.35,Bakery,7.8,0.03,Jayanagar
1001357,Office Worker,occasional,31,57478,675.0,Mid-range,1,0.2,Cafe,24.3,0.06,Banaswadi
1001358,Office Worker,trial_only,33,65134,487.0,Budget,3,0.2,Quick Bites,16.0,0.15,Frazer Town
1001359,Family,regular,52,168535,918.0,Mid-range,2,0.15,Casual Dining,3.6,0.03,Koramangala 7th Block
1001360,Student,regular,20,18147,215.0,Budget,1,0.35,Cafe,8.6,0.03,BTM
1001361,Family,trial_only,51,157733,756.0,Mid-range,7,0.15,Cafe,21.0,0.15,HSR
1001362,Office Worker,occasional,33,47544,457.0,Budget,1,0.2,Cafe,1.7,0.06,Bommanahalli
1001363,Family,trial_only,22,98032,673.0,Mid-range,3,0.15,Casual Dining,20.2,0.15,Frazer Town
1001364,Student,regular,23,10819,263.0,Budget,2,0.35,Cafe,12.7,0.03,Jeevan Bhima Nagar
1001365,Office Worker,occasional,26,50806,492.0,Budget,2,0.2,Casual Dining,11.8,0.06,Koramangala 7th Block
1001366,Office Worker,trial_only,32,65180,494.0,Budget,2,0.2,Cafe,49.9,0.15,BTM
1001367,Student,regular,24,25997,193.0,Budget,2,0.35,Cafe,1.1,0.03,New BEL Road
1001368,Student,trial_only,23,20752,323.0,Budget,1,0.35,Dessert Parlor,25.2,0.15,Sadashiv Nagar
1001369,Student,occasional,22,18913,344.0,Budget,2,0.35,Quick Bites,9.2,0.06,Brigade Road
1001370,Office Worker,trial_only,24,43458,391.0,Budget,2,0.2,Quick Bites,7.8,0.15,BTM
1001371,Student,regular,24,32605,245.0,Budget,1,0.35,Dessert Parlor,5.6,0.03,Banashankari
1001372,Food Explorer,regular,28,70737,710.0,Mid-range,1,0.7,Takeaway,4.6,0.03,Brookefield
1001373,Office Worker,regular,23,48357,193.0,Budget,1,0.2,Food Court,15.1,0.03,Lavelle Road
1001374,Couple,trial_only,45,144095,1201.0,Premium,2,0.3,Lounge,55.6,0.15,Brookefield
1001375,Food Explorer,power_user,25,90944,1009.0,Premium,2,0.7,Lounge,2.1,0.01,Koramangala 2nd Block
1001376,Student,power_user,20,31210,100.0,Budget,1,0.35,Quick Bites,2.2,0.01,Marathahalli
1001377,Family,trial_only,25,106646,965.0,Mid-range,2,0.15,Dessert Parlor,14.4,0.15,Residency Road
1001378,Couple,regular,37,93041,1363.0,Premium,1,0.3,Fine Dining,2.2,0.03,Frazer Town
1001379,Family,occasional,51,147544,512.0,Mid-range,3,0.15,Cafe,14.2,0.06,Marathahalli
1001380,Office Worker,regular,32,88798,502.0,Mid-range,1,0.2,Casual Dining,1.0,0.03,Commercial Street
1001381,Office Worker,occasional,38,77322,550.0,Mid-range,3,0.2,Delivery,8.7,0.06,JP Nagar
1001382,Student,regular,24,21553,206.0,Budget,2,0.35,Dessert Parlor,2.1,0.03,Kalyan Nagar
1001383,Office Worker,occasional,38,65872,379.0,Budget,2,0.2,Casual Dining,17.2,0.06,Bannerghatta Road
1001384,Food Explorer,occasional,25,67931,607.0,Mid-range,1,0.7,Quick Bites,22.1,0.06,Whitefield
1001385,Food Explorer,regular,25,76500,844.0,Mid-range,1,0.7,Cafe,5.4,0.03,HSR
1001386,Student,regular,20,19698,257.0,Budget,1,0.35,Quick Bites,4.6,0.03,BTM
1001387,Family,regular,42,71930,792.0,Mid-range,5,0.15,Casual Dining,11.0,0.03,JP Nagar
1001388,Office Worker,occasional,38,82477,384.0,Budget,1,0.2,Casual Dining,7.3,0.06,Frazer Town
1001389,Food Explorer,regular,27,50952,606.0,Mid-range,2,0.7,Pop Up,10.7,0.03,Electronic City
1001390,Student,regular,22,16694,384.0,Budget,1,0.35,Cafe,7.4,0.03,Banaswadi
1001391,Food Explorer,regular,25,60254,626.0,Mid-range,1,0.7,Pub,5.6,0.03,Yeshwantpur
1001392,Couple,occasional,35,72210,1093.0,Premium,1,0.3,Cafe,31.3,0.06,Koramangala 5th Block
1001393,Student,occasional,23,22440,297.0,Budget,1,0.35,Quick Bites,23.2,0.06,Jayanagar
1001394,Student,regular,20,34014,236.0,Budget,1,0.35,Dessert Parlor,1.7,0.03,JP Nagar
1001395,Couple,trial_only,27,82846,902.0,Mid-range,2,0.3,Cafe,17.9,0.15,Sarjapur Road
1001396,Student,occasional,20,28357,396.0,Budget,2,0.35,Quick Bites,4.9,0.06,Banaswadi
1001397,Office Worker,trial_only,36,73967,614.0,Mid-range,1,0.2,Quick Bites,20.2,0.15,JP Nagar
1001398,Food Explorer,occasional,39,101103,152.0,Budget,1,0.7,Casual Dining,26.0,0.06,Kammanahalli
1001399,Family,regular,42,134699,916.0,Mid-range,2,0.15,Fine Dining,9.7,0.03,BTM
1001400,Office Worker,trial_only,35,74418,536.0,Mid-range,1,0.2,Quick Bites,8.1,0.15,MG Road
1001401,Office Worker,occasional,30,75687,329.0,Budget,1,0.2,Cafe,7.6,0.06,Shivajinagar
1001402,Student,occasional,24,27073,262.0,Budget,2,0.35,Dessert Parlor,9.3,0.06,Jeevan Bhima Nagar
1001403,Food Explorer,regular,38,84679,456.0,Budget,1,0.7,Mess,7.3,0.03,Jayanagar
1001404,Office Worker,regular,40,35474,640.0,Mid-range,1,0.2,Cafe,7.9,0.03,HSR
1001405,Student,occasional,24,22703,432.0,Budget,1,0.35,Cafe,2.2,0.06,Brigade Road
1001406,Office Worker,regular,32,75221,358.0,Budget,1,0.2,Food Court,12.7,0.03,Electronic City
1001407,Food Explorer,occasional,40,67356,235.0,Budget,2,0.7,Beverage Shop,9.7,0.06,Ulsoor
1001408,Student,regular,22,16223,362.0,Budget,1,0.35,Dessert Parlor,11.5,0.03,Sarjapur Road
1001409,Couple,occasional,37,109421,1363.0,Premium,3,0.3,Fine Dining,3.9,0.06,JP Nagar
1001410,Family,regular,43,75888,1049.0,Premium,3,0.15,Cafe,1.4,0.03,BTM
1001411,Couple,regular,28,121906,882.0,Mid-range,1,0.3,Fine Dining,7.6,0.03,Yeshwantpur
1001412,Food Explorer,power_user,37,118641,781.0,Mid-range,1,0.7,Bhojanalya,1.7,0.01,Bannerghatta Road
1001413,Couple,trial_only,31,98420,980.0,Mid-range,3,0.3,Pub,20.8,0.15,Sarjapur Road
1001414,Food Explorer,occasional,34,42229,756.0,Mid-range,3,0.7,Bar,9.9,0.06,BTM
1001415,Student,trial_only,23,16786,297.0,Budget,1,0.35,Bakery,30.8,0.15,Koramangala 5th Block
1001416,Couple,occasional,26,53163,1770.0,Premium,3,0.3,Fine Dining,14.5,0.06,Koramangala 1st Block
1001417,Office Worker,occasional,28,57557,495.0,Budget,1,0.2,Quick Bites,18.7,0.06,Electronic City
1001418,Office Worker,occasional,39,48595,419.0,Budget,1,0.2,Casual Dining,29.8,0.06,Whitefield
1001419,Couple,trial_only,31,127333,1241.0,Premium,2,0.3,Fine Dining,87.4,0.15,Rajajinagar
1001420,Food Explorer,trial_only,34,107537,575.0,Mid-range,1,0.7,Confectionery,49.8,0.15,Koramangala 8th Block
1001421,Family,occasional,40,112200,569.0,Mid-range,2,0.15,Cafe,21.3,0.06,Indiranagar
1001422,Office Worker,regular,38,88677,642.0,Mid-range,1,0.2,Quick Bites,5.6,0.03,Richmond Road
1001423,Office Worker,occasional,32,56973,610.0,Mid-range,1,0.2,Quick Bites,0.8,0.06,Koramangala 5th Block
1001424,Office Worker,regular,30,37111,432.0,Budget,1,0.2,Quick Bites,3.7,0.03,HSR
1001425,Office Worker,power_user,23,84500,520.0,Mid-range,1,0.2,Delivery,3.3,0.01,Koramangala 5th Block
1001426,Office Worker,occasional,31,53726,655.0,Mid-range,2,0.2,Quick Bites,2.3,0.06,Koramangala 5th Block
1001427,Student,trial_only,22,32136,399.0,Budget,1,0.35,Bakery,36.1,0.15,Koramangala 1st Block
1001428,Student,regular,22,28358,275.0,Budget,1,0.35,Dessert Parlor,1.5,0.03,JP Nagar
1001429,Couple,power_user,41,143969,1174.0,Premium,2,0.3,Fine Dining,1.5,0.01,Whitefield
1001430,Office Worker,trial_only,36,68732,278.0,Budget,2,0.2,Casual Dining,19.3,0.15,JP Nagar
1001431,Food Explorer,regular,30,87419,794.0,Mid-range,1,0.7,Delivery,2.7,0.03,Banashankari
1001432,Family,power_user,22,88005,1049.0,Premium,3,0.15,Casual Dining,1.5,0.01,Wilson Garden
1001433,Student,occasional,19,16982,400.0,Budget,4,0.35,Dessert Parlor,17.6,0.06,Whitefield
1001434,Student,trial_only,20,18230,356.0,Budget,3,0.35,Cafe,39.1,0.15,Whitefield
1001435,Student,occasional,24,17742,328.0,Budget,1,0.35,Quick Bites,20.0,0.06,HSR
1001436,Food Explorer,occasional,36,87550,351.0,Budget,3,0.7,Delivery,19.3,0.06,CV Raman Nagar
1001437,Student,regular,24,31752,326.0,Budget,1,0.35,Quick Bites,11.3,0.03,Lavelle Road
1001438,Office Worker,regular,40,32124,387.0,Budget,1,0.2,Quick Bites,11.0,0.03,Marathahalli
1001439,Food Explorer,occasional,24,89488,731.0,Mid-range,1,0.7,Dhaba,26.8,0.06,BTM
1001440,Food Explorer,trial_only,22,100659,409.0,Budget,2,0.7,Takeaway,33.9,0.15,Koramangala 7th Block
1001441,Student,regular,22,21082,342.0,Budget,1,0.35,Food Court,11.7,0.03,Koramangala 5th Block
1001442,Student,regular,19,16885,406.0,Budget,1,0.35,Quick Bites,16.2,0.03,BTM
1001443,Student,regular,24,20810,330.0,Budget,2,0.35,Cafe,2.3,0.03,Marathahalli
1001444,Student,power_user,21,30709,326.0,Budget,2,0.35,Quick Bites,3.9,0.01,MG Road
1001445,Student,regular,18,32862,373.0,Budget,1,0.35,Cafe,1.7,0.03,New BEL Road
1001446,Family,power_user,28,142040,1154.0,Premium,1,0.15,Casual Dining,3.1,0.01,Whitefield
1001447,Food Explorer,occasional,28,78849,573.0,Mid-range,3,0.7,Food Truck,6.9,0.06,Koramangala 1st Block
1001448,Office Worker,regular,23,68725,502.0,Mid-range,1,0.2,Casual Dining,11.6,0.03,Basavanagudi
1001449,Family,occasional,31,141235,1102.0,Premium,4,0.15,Fine Dining,18.5,0.06,Sadashiv Nagar
1001450,Student,occasional,21,29184,354.0,Budget,2,0.35,Quick Bites,20.8,0.06,Wilson Garden
1001451,Couple,trial_only,43,64464,599.0,Mid-range,2,0.3,Fine Dining,18.8,0.15,Indiranagar
1001452,Family,trial_only,43,69016,657.0,Mid-range,1,0.15,Casual Dining,64.5,0.15,Bannerghatta Road
1001453,Couple,regular,26,84561,1425.0,Premium,1,0.3,Fine Dining,5.1,0.03,Bommanahalli
1001454,Food Explorer,power_user,29,60797,500.0,Budget,1,0.7,Pub,1.3,0.01,Koramangala 6th Block
1001455,Office Worker,occasional,36,66887,594.0,Mid-range,2,0.2,Quick Bites,9.2,0.06,BTM
1001456,Student,power_user,20,23043,449.0,Budget,3,0.35,Quick Bites,1.2,0.01,Frazer Town
1001457,Student,regular,21,32961,253.0,Budget,2,0.35,Cafe,3.9,0.03,Electronic City
1001458,Office Worker,power_user,40,76630,347.0,Budget,2,0.2,Casual Dining,2.2,0.01,Brookefield
1001459,Food Explorer,trial_only,24,51815,510.0,Mid-range,1,0.7,Fine Dining,59.1,0.15,Vasanth Nagar
1001460,Office Worker,power_user,31,80944,408.0,Budget,1,0.2,Cafe,0.7,0.01,Marathahalli
1001461,Couple,occasional,37,127072,1661.0,Premium,3,0.3,Lounge,8.0,0.06,Electronic City
1001462,Office Worker,regular,37,52926,346.0,Budget,1,0.2,Casual Dining,9.2,0.03,Bellandur
1001463,Student,occasional,23,11448,359.0,Budget,2,0.35,Quick Bites,13.5,0.06,Marathahalli
1001464,Office Worker,regular,28,77619,589.0,Mid-range,1,0.2,Quick Bites,9.3,0.03,Koramangala 1st Block
1001465,Family,trial_only,36,83175,964.0,Mid-range,3,0.15,Cafe,73.4,0.15,Ulsoor
1001466,Family,occasional,49,86433,887.0,Mid-range,2,0.15,Casual Dining,12.2,0.06,BTM
1001467,Office Worker,regular,38,58228,434.0,Budget,1,0.2,Casual Dining,2.8,0.03,Domlur
1001468,Student,regular,23,12060,448.0,Budget,1,0.35,Dessert Parlor,5.6,0.03,Domlur
1001469,Family,trial_only,44,107919,751.0,Mid-range,4,0.15,Fine Dining,18.3,0.15,Koramangala 5th Block
1001470,Student,occasional,19,16164,376.0,Budget,2,0.35,Cafe,8.9,0.06,HSR
1001471,Food Explorer,regular,28,44240,560.0,Mid-range,1,0.7,Bhojanalya,2.8,0.03,Malleshwaram
1001472,Student,regular,22,32579,153.0,Budget,1,0.35,Food Court,12.4,0.03,Hennur
1001473,Student,power_user,19,16518,278.0,Budget,1,0.35,Bakery,0.7,0.01,Koramangala 5th Block
1001474,Office Worker,power_user,35,62642,434.0,Budget,1,0.2,Delivery,4.6,0.01,Church Street
1001475,Office Worker,power_user,32,79006,436.0,Budget,2,0.2,Quick Bites,4.0,0.01,Seshadripuram
1001476,Office Worker,power_user,30,58881,384.0,Budget,1,0.2,Casual Dining,0.5,0.01,Church Street
1001477,Office Worker,regular,29,47573,513.0,Mid-range,2,0.2,Food Court,7.4,0.03,Koramangala 6th Block
1001478,Food Explorer,trial_only,36,99467,784.0,Mid-range,1,0.7,Sweet Shop,8.5,0.15,Wilson Garden
1001479,Office Worker,occasional,31,71522,419.0,Budget,1,0.2,Quick Bites,11.8,0.06,BTM
1001480,Office Worker,trial_only,28,30605,419.0,Budget,1,0.2,Quick Bites,23.2,0.15,Cunningham Road
1001481,Office Worker,occasional,29,79150,345.0,Budget,2,0.2,Casual Dining,7.1,0.06,Richmond Road
1001482,Student,occasional,21,12957,320.0,Budget,1,0.35,Quick Bites,11.2,0.06,Marathahalli
1001483,Family,regular,42,148506,1076.0,Premium,3,0.15,Casual Dining,14.1,0.03,Cunningham Road
1001484,Student,occasional,24,12490,410.0,Budget,1,0.35,Cafe,3.5,0.06,Residency Road
1001485,Family,regular,32,67860,680.0,Mid-range,1,0.15,Casual Dining,4.9,0.03,Kammanahalli
1001486,Student,occasional,19,13041,459.0,Budget,2,0.35,Dessert Parlor,3.6,0.06,Indiranagar
1001487,Food Explorer,trial_only,40,99254,509.0,Mid-range,1,0.7,Delivery,88.2,0.15,Sarjapur Road
1001488,Office Worker,trial_only,25,57207,348.0,Budget,2,0.2,Quick Bites,14.8,0.15,Marathahalli
1001489,Couple,regular,43,110158,791.0,Mid-range,3,0.3,Pub,3.2,0.03,MG Road
1001490,Office Worker,occasional,25,46841,342.0,Budget,2,0.2,Casual Dining,48.7,0.06,Residency Road
1001491,Student,regular,20,12999,327.0,Budget,1,0.35,Food Court,8.3,0.03,MG Road
1001492,Couple,power_user,45,128573,1123.0,Premium,2,0.3,Cafe,4.9,0.01,Old Airport Road
1001493,Family,power_user,25,159925,674.0,Mid-range,2,0.15,Fine Dining,0.3,0.01,HSR
1001494,Couple,regular,27,133904,946.0,Mid-range,2,0.3,Fine Dining,10.5,0.03,Koramangala 6th Block
1001495,Office Worker,occasional,33,33891,341.0,Budget,1,0.2,Food Court,8.1,0.06,Koramangala 7th Block
1001496,Family,regular,26,170993,622.0,Mid-range,1,0.15,Casual Dining,9.2,0.03,Residency Road
1001497,Couple,power_user,24,104187,1505.0,Premium,1,0.3,Fine Dining,4.2,0.01,Koramangala 1st Block
1001498,Family,trial_only,45,83527,1161.0,Premium,3,0.15,Casual Dining,4.9,0.15,Whitefield
1001499,Office Worker,occasional,40,41926,637.0,Mid-range,1,0.2,Delivery,4.8,0.06,Whitefield
1001500,Family,regular,47,120342,937.0,Mid-range,1,0.15,Casual Dining,9.9,0.03,Jayanagar
1001501,Family,occasional,54,132432,702.0,Mid-range,3,0.15,Casual Dining,3.9,0.06,Bannerghatta Road
1001502,Food Explorer,occasional,32,43895,433.0,Budget,1,0.7,Meat Shop,2.5,0.06,Richmond Road
1001503,Office Worker,occasional,34,59766,526.0,Mid-range,1,0.2,Quick Bites,5.4,0.06,Bannerghatta Road
1001504,Office Worker,occasional,40,44394,425.0,Budget,1,0.2,Quick Bites,1.8,0.06,JP Nagar
1001505,Couple,trial_only,35,141789,1324.0,Premium,3,0.3,Fine Dining,23.9,0.15,HSR
1001506,Office Worker,regular,23,66905,643.0,Mid-range,1,0.2,Casual Dining,3.4,0.03,Malleshwaram
1001507,Family,occasional,28,104628,843.0,Mid-range,2,0.15,Casual Dining,5.5,0.06,HSR
1001508,Office Worker,power_user,34,55343,678.0,Mid-range,1,0.2,Quick Bites,5.7,0.01,Indiranagar
1001509,Student,trial_only,24,30931,210.0,Budget,2,0.35,Dessert Parlor,23.6,0.15,JP Nagar
1001510,Family,regular,41,142884,889.0,Mid-range,2,0.15,Cafe,6.5,0.03,BTM
1001511,Student,regular,20,19687,325.0,Budget,1,0.35,Dessert Parlor,5.2,0.03,Ejipura
1001512,Student,trial_only,20,30981,221.0,Budget,1,0.35,Cafe,33.2,0.15,BTM
1001513,Family,occasional,44,134616,960.0,Mid-range,5,0.15,Casual Dining,26.2,0.06,JP Nagar
1001514,Family,regular,52,67144,1106.0,Premium,6,0.15,Fine Dining,5.8,0.03,Koramangala 5th Block
1001515,Couple,regular,30,113063,1861.0,Premium,3,0.3,Microbrewery,9.0,0.03,Shivajinagar
1001516,Office Worker,regular,32,86317,491.0,Budget,2,0.2,Quick Bites,5.8,0.03,Commercial Street
1001517,Student,trial_only,20,31582,148.0,Budget,1,0.35,Dessert Parlor,16.2,0.15,Koramangala 6th Block
1001518,Food Explorer,regular,26,43392,719.0,Mid-range,1,0.7,Kiosk,7.5,0.03,Malleshwaram
1001519,Student,regular,20,32048,359.0,Budget,2,0.35,Cafe,15.2,0.03,Shivajinagar
1001520,Student,occasional,18,34542,281.0,Budget,1,0.35,Quick Bites,23.1,0.06,Indiranagar
1001521,Office Worker,regular,32,39763,472.0,Budget,1,0.2,Cafe,1.7,0.03,Brigade Road
1001522,Office Worker,power_user,24,68258,402.0,Budget,2,0.2,Casual Dining,3.3,0.01,BTM
1001523,Couple,trial_only,34,125503,1160.0,Premium,1,0.3,Cafe,10.9,0.15,Whitefield
1001524,Couple,power_user,43,54330,1505.0,Premium,3,0.3,Fine Dining,2.9,0.01,Koramangala 7th Block
1001525,Family,trial_only,25,159322,1078.0,Premium,4,0.15,Dessert Parlor,6.1,0.15,Jayanagar
1001526,Student,occasional,19,19841,198.0,Budget,1,0.35,Dessert Parlor,13.8,0.06,HSR
1001527,Office Worker,power_user,35,47961,399.0,Budget,2,0.2,Quick Bites,1.3,0.01,BTM
1001528,Office Worker,occasional,39,45492,291.0,Budget,1,0.2,Quick Bites,12.8,0.06,Shivajinagar
1001529,Student,occasional,24,22641,447.0,Budget,1,0.35,Dessert Parlor,9.1,0.06,Brookefield
1001530,Office Worker,occasional,25,77915,537.0,Mid-range,1,0.2,Delivery,10.3,0.06,New BEL Road
1001531,Office Worker,occasional,27,79293,250.0,Budget,1,0.2,Casual Dining,33.5,0.06,Richmond Road
1001532,Student,power_user,24,15636,295.0,Budget,1,0.35,Cafe,2.9,0.01,Koramangala 5th Block
1001533,Family,power_user,38,159240,743.0,Mid-range,3,0.15,Casual Dining,2.2,0.01,Basavanagudi
1001534,Family,occasional,50,159146,649.0,Mid-range,2,0.15,Casual Dining,28.5,0.06,Koramangala 6th Block
1001535,Student,regular,18,11534,383.0,Budget,1,0.35,Cafe,11.0,0.03,BTM
1001536,Office Worker,regular,25,48740,551.0,Mid-range,1,0.2,Casual Dining,3.1,0.03,BTM
1001537,Couple,occasional,28,51504,1281.0,Premium,1,0.3,Fine Dining,32.1,0.06,JP Nagar
1001538,Family,regular,23,178698,672.0,Mid-range,2,0.15,Casual Dining,1.5,0.03,Kammanahalli
1001539,Couple,occasional,43,97233,1010.0,Premium,3,0.3,Cafe,6.3,0.06,Koramangala 4th Block
1001540,Office Worker,trial_only,37,46224,454.0,Budget,1,0.2,Casual Dining,31.0,0.15,Koramangala 4th Block
1001541,Couple,trial_only,32,139426,1063.0,Premium,1,0.3,Pub,32.6,0.15,RT Nagar
1001542,Student,power_user,18,27124,300.0,Budget,1,0.35,Quick Bites,6.1,0.01,Koramangala 1st Block
1001543,Office Worker,regular,24,86413,506.0,Mid-range,1,0.2,Cafe,5.1,0.03,Electronic City
1001544,Student,trial_only,19,30005,177.0,Budget,1,0.35,Quick Bites,63.5,0.15,Electronic City
1001545,Office Worker,regular,36,87325,374.0,Budget,1,0.2,Quick Bites,24.0,0.03,Indiranagar
1001546,Office Worker,occasional,37,42987,447.0,Budget,1,0.2,Quick Bites,7.8,0.06,JP Nagar
1001547,Student,occasional,21,15100,425.0,Budget,2,0.35,Cafe,12.2,0.06,BTM
1001548,Couple,regular,43,57575,1454.0,Premium,2,0.3,Cafe,3.0,0.03,Indiranagar
1001549,Office Worker,regular,39,50571,450.0,Budget,1,0.2,Casual Dining,3.2,0.03,HSR
1001550,Office Worker,occasional,36,63075,490.0,Budget,1,0.2,Casual Dining,13.4,0.06,Koramangala 5th Block
1001551,Student,regular,18,24126,292.0,Budget,1,0.35,Bakery,4.1,0.03,Sarjapur Road
1001552,Office Worker,trial_only,39,70625,558.0,Mid-range,1,0.2,Cafe,13.8,0.15,JP Nagar
1001553,Office Worker,occasional,39,73994,493.0,Budget,1,0.2,Casual Dining,8.2,0.06,Koramangala 5th Block
1001554,Office Worker,regular,33,79037,578.0,Mid-range,1,0.2,Casual Dining,3.6,0.03,Koramangala 7th Block
1001555,Student,occasional,22,22999,192.0,Budget,2,0.35,Dessert Parlor,14.7,0.06,BTM
1001556,Couple,regular,41,77276,958.0,Mid-range,3,0.3,Fine Dining,2.2,0.03,Sarjapur Road
1001557,Food Explorer,regular,33,75143,669.0,Mid-range,1,0.7,Mess,9.9,0.03,Marathahalli
1001558,Office Worker,trial_only,29,82338,499.0,Budget,1,0.2,Delivery,46.3,0.15,Indiranagar
1001559,Family,occasional,45,157915,1280.0,Premium,5,0.15,Casual Dining,22.0,0.06,BTM
1001560,Couple,occasional,41,141577,658.0,Mid-range,2,0.3,Fine Dining,8.5,0.06,JP Nagar
1001561,Food Explorer,trial_only,24,83216,592.0,Mid-range,2,0.7,Bakery,17.2,0.15,Brookefield
1001562,Family,occasional,44,153503,784.0,Mid-range,6,0.15,Casual Dining,15.4,0.06,Bannerghatta Road
1001563,Couple,regular,27,91312,1271.0,Premium,2,0.3,Fine Dining,4.0,0.03,Banashankari
1001564,Food Explorer,regular,32,40607,1033.0,Premium,2,0.7,Quick Bites,6.5,0.03,Shivajinagar
1001565,Couple,regular,26,124380,1463.0,Premium,2,0.3,Fine Dining,6.4,0.03,Shivajinagar
1001566,Office Worker,regular,40,35233,290.0,Budget,1,0.2,Casual Dining,5.7,0.03,Rajajinagar
1001567,Student,occasional,22,25881,423.0,Budget,1,0.35,Quick Bites,20.7,0.06,HSR
1001568,Student,occasional,21,34944,420.0,Budget,1,0.35,Quick Bites,13.8,0.06,Malleshwaram
1001569,Office Worker,regular,32,31536,476.0,Budget,1,0.2,Cafe,1.9,0.03,Koramangala 5th Block
1001570,Office Worker,occasional,34,74037,288.0,Budget,1,0.2,Quick Bites,18.7,0.06,Banashankari
1001571,Office Worker,trial_only,25,82091,435.0,Budget,1,0.2,Casual Dining,6.1,0.15,Bellandur
1001572,Family,trial_only,38,135215,894.0,Mid-range,5,0.15,Cafe,72.0,0.15,Thippasandra
1001573,Family,regular,45,142798,999.0,Mid-range,7,0.15,Cafe,2.8,0.03,Marathahalli
1001574,Couple,trial_only,29,140137,669.0,Mid-range,1,0.3,Cafe,12.2,0.15,Church Street
1001575,Student,trial_only,21,29430,238.0,Budget,1,0.35,Cafe,66.6,0.15,JP Nagar
1001576,Student,power_user,20,10991,388.0,Budget,1,0.35,Dessert Parlor,2.2,0.01,BTM
1001577,Couple,regular,27,127415,1651.0,Premium,2,0.3,Cafe,4.6,0.03,Brookefield
1001578,Couple,regular,45,125738,1329.0,Premium,2,0.3,Cafe,4.3,0.03,Malleshwaram
1001579,Food Explorer,occasional,33,58252,887.0,Mid-range,1,0.7,Dhaba,11.1,0.06,Koramangala 5th Block
1001580,Couple,occasional,32,115468,1337.0,Premium,4,0.3,Fine Dining,31.1,0.06,JP Nagar
1001581,Couple,occasional,31,134188,1489.0,Premium,2,0.3,Fine Dining,8.5,0.06,St. Marks Road
1001582,Office Worker,occasional,35,80894,465.0,Budget,1,0.2,Delivery,31.7,0.06,Bellandur
1001583,Office Worker,regular,24,82255,498.0,Budget,1,0.2,Cafe,6.9,0.03,Sarjapur Road
1001584,Office Worker,regular,33,76675,328.0,Budget,1,0.2,Food Court,12.7,0.03,HSR
1001585,Family,trial_only,28,74650,944.0,Mid-range,4,0.15,Food Court,17.2,0.15,HSR
1001586,Food Explorer,trial_only,38,78794,287.0,Budget,3,0.7,Bar,49.8,0.15,Brookefield
1001587,Office Worker,occasional,37,43984,522.0,Mid-range,1,0.2,Quick Bites,5.6,0.06,Indiranagar
1001588,Family,regular,47,68516,712.0,Mid-range,2,0.15,Cafe,6.9,0.03,Basavanagudi
1001589,Office Worker,regular,25,45807,487.0,Budget,1,0.2,Food Court,2.5,0.03,HSR
1001590,Student,regular,18,32735,224.0,Budget,1,0.35,Dessert Parlor,3.6,0.03,BTM
1001591,Student,regular,21,24950,260.0,Budget,1,0.35,Quick Bites,2.4,0.03,Bannerghatta Road
1001592,Student,regular,20,29088,329.0,Budget,3,0.35,Quick Bites,12.2,0.03,Marathahalli
1001593,Food Explorer,trial_only,35,80225,789.0,Mid-range,1,0.7,Takeaway,28.5,0.15,Race Course Road
1001594,Office Worker,occasional,35,51384,559.0,Mid-range,1,0.2,Quick Bites,21.4,0.06,BTM
1001595,Couple,regular,32,98284,855.0,Mid-range,3,0.3,Microbrewery,10.1,0.03,Ulsoor
1001596,Family,regular,25,178072,500.0,Budget,6,0.15,Casual Dining,2.2,0.03,Church Street
1001597,Student,regular,20,17173,222.0,Budget,1,0.35,Food Court,8.0,0.03,Jayanagar
1001598,Student,occasional,21,17778,215.0,Budget,1,0.35,Quick Bites,39.5,0.06,Richmond Road
1001599,Couple,occasional,29,134719,1670.0,Premium,1,0.3,Microbrewery,11.1,0.06,Kammanahalli
1001600,Office Worker,power_user,28,52234,584.0,Mid-range,1,0.2,Casual Dining,3.1,0.01,Indiranagar
1001601,Food Explorer,trial_only,26,112313,351.0,Budget,2,0.7,Microbrewery,54.6,0.15,Kammanahalli
1001602,Student,regular,18,34367,437.0,Budget,1,0.35,Quick Bites,4.6,0.03,Yeshwantpur
1001603,Family,regular,41,67924,1056.0,Premium,3,0.15,Casual Dining,10.8,0.03,Indiranagar
1001604,Couple,trial_only,45,116811,711.0,Mid-range,1,0.3,Cafe,37.6,0.15,Koramangala 5th Block
1001605,Student,regular,24,12354,218.0,Budget,2,0.35,Dessert Parlor,6.2,0.03,Jeevan Bhima Nagar
1001606,Office Worker,regular,39,82752,284.0,Budget,1,0.2,Quick Bites,7.3,0.03,BTM
1001607,Food Explorer,occasional,34,49217,578.0,Mid-range,2,0.7,Meat Shop,5.5,0.06,HSR
1001608,Office Worker,regular,36,83266,452.0,Budget,1,0.2,Quick Bites,21.3,0.03,Marathahalli
1001609,Office Worker,power_user,24,76161,452.0,Budget,1,0.2,Cafe,2.2,0.01,Richmond Road
1001610,Office Worker,power_user,26,62187,247.0,Budget,1,0.2,Casual Dining,3.2,0.01,Koramangala 3rd Block
1001611,Office Worker,power_user,35,42473,307.0,Budget,1,0.2,Food Court,0.9,0.01,Koramangala 7th Block
1001612,Couple,occasional,45,76696,1278.0,Premium,2,0.3,Cafe,19.2,0.06,New BEL Road
1001613,Couple,regular,43,93120,1387.0,Premium,1,0.3,Microbrewery,5.6,0.03,Whitefield
1001614,Office Worker,occasional,34,80847,248.0,Budget,1,0.2,Casual Dining,15.1,0.06,Richmond Road
1001615,Couple,trial_only,26,139769,816.0,Mid-range,2,0.3,Cafe,18.2,0.15,Whitefield
1001616,Student,regular,24,22547,382.0,Budget,1,0.35,Bakery,8.9,0.03,Cunningham Road
1001617,Student,regular,20,15821,202.0,Budget,2,0.35,Quick Bites,10.1,0.03,Marathahalli
1001618,Family,regular,21,127722,797.0,Mid-range,3,0.15,Fine Dining,4.0,0.03,Basavanagudi
1001619,Food Explorer,regular,36,106531,270.0,Budget,1,0.7,Food Truck,2.8,0.03,Marathahalli
1001620,Student,regular,19,23534,367.0,Budget,1,0.35,Dessert Parlor,2.9,0.03,Sarjapur Road
1001621,Student,occasional,20,32263,139.0,Budget,2,0.35,Quick Bites,28.1,0.06,Banashankari
1001622,Office Worker,regular,35,30575,420.0,Budget,1,0.2,Quick Bites,3.7,0.03,JP Nagar
1001623,Couple,occasional,45,100192,1482.0,Premium,2,0.3,Microbrewery,25.4,0.06,Indiranagar
1001624,Student,occasional,24,11146,349.0,Budget,3,0.35,Quick Bites,13.7,0.06,Whitefield
1001625,Office Worker,trial_only,25,66705,404.0,Budget,1,0.2,Cafe,20.0,0.15,Bellandur
1001626,Family,regular,26,133966,660.0,Mid-range,4,0.15,Dessert Parlor,1.1,0.03,BTM
1001627,Office Worker,regular,37,48739,427.0,Budget,1,0.2,Quick Bites,18.3,0.03,Sahakara Nagar
1001628,Student,trial_only,20,29861,197.0,Budget,1,0.35,Quick Bites,25.7,0.15,Indiranagar
1001629,Student,regular,18,33782,292.0,Budget,1,0.35,Quick Bites,4.4,0.03,Bellandur
1001630,Office Worker,occasional,33,57422,442.0,Budget,1,0.2,Food Court,13.4,0.06,Whitefield
1001631,Office Worker,occasional,34,56098,408.0,Budget,2,0.2,Food Court,15.1,0.06,Marathahalli
1001632,Couple,occasional,45,69041,1500.0,Premium,2,0.3,Microbrewery,7.7,0.06,Koramangala 8th Block
1001633,Family,regular,37,63380,586.0,Mid-range,5,0.15,Casual Dining,4.8,0.03,Richmond Road
1001634,Family,regular,48,108796,459.0,Budget,4,0.15,Casual Dining,2.4,0.03,Koramangala 1st Block
1001635,Food Explorer,occasional,32,75319,469.0,Budget,3,0.7,Quick Bites,8.0,0.06,Richmond Road
1001636,Office Worker,occasional,39,76100,462.0,Budget,1,0.2,Delivery,12.2,0.06,Koramangala 1st Block
1001637,Office Worker,occasional,31,81725,439.0,Budget,1,0.2,Quick Bites,4.3,0.06,JP Nagar
1001638,Food Explorer,occasional,34,48689,562.0,Mid-range,1,0.7,Cafe,11.1,0.06,Indiranagar
1001639,Student,trial_only,24,13813,210.0,Budget,2,0.35,Cafe,20.7,0.15,Koramangala 1st Block
1001640,Family,trial_only,51,127224,603.0,Mid-range,4,0.15,Cafe,16.9,0.15,Residency Road
1001641,Couple,occasional,32,87556,1053.0,Premium,2,0.3,Fine Dining,22.9,0.06,BTM
1001642,Student,power_user,21,27556,255.0,Budget,1,0.35,Quick Bites,1.1,0.01,Marathahalli
1001643,Office Worker,regular,33,49345,560.0,Mid-range,1,0.2,Delivery,6.3,0.03,HSR
1001644,Student,occasional,18,20396,321.0,Budget,1,0.35,Quick Bites,8.0,0.06,MG Road
1001645,Student,occasional,19,21104,257.0,Budget,1,0.35,Quick Bites,14.1,0.06,JP Nagar
1001646,Office Worker,regular,35,66076,560.0,Mid-range,2,0.2,Cafe,6.4,0.03,Jayanagar
1001647,Office Worker,occasional,24,34182,495.0,Budget,1,0.2,Delivery,47.1,0.06,Bannerghatta Road
1001648,Couple,regular,37,138348,793.0,Mid-range,1,0.3,Fine Dining,27.6,0.03,Bannerghatta Road
1001649,Food Explorer,regular,31,67115,100.0,Budget,2,0.7,Takeaway,3.4,0.03,Koramangala 6th Block
1001650,Couple,trial_only,34,71281,802.0,Mid-range,2,0.3,Pub,23.5,0.15,HSR
1001651,Office Worker,regular,38,68424,509.0,Mid-range,1,0.2,Quick Bites,3.3,0.03,Rajajinagar
1001652,Office Worker,occasional,27,38105,539.0,Mid-range,2,0.2,Casual Dining,13.5,0.06,Koramangala 6th Block
1001653,Office Worker,occasional,37,65409,284.0,Budget,1,0.2,Quick Bites,7.3,0.06,Koramangala 7th Block
1001654,Student,occasional,23,11521,353.0,Budget,1,0.35,Cafe,7.0,0.06,Whitefield
1001655,Food Explorer,regular,40,61101,755.0,Mid-range,2,0.7,Lounge,4.3,0.03,BTM
1001656,Office Worker,occasional,37,73573,590.0,Mid-range,1,0.2,Cafe,9.5,0.06,Ulsoor
1001657,Student,regular,21,19295,376.0,Budget,2,0.35,Cafe,0.7,0.03,Koramangala 1st Block
1001658,Couple,occasional,32,140053,1606.0,Premium,1,0.3,Cafe,10.0,0.06,Bannerghatta Road
1001659,Office Worker,regular,37,51344,499.0,Budget,1,0.2,Quick Bites,18.9,0.03,Koramangala 7th Block
1001660,Student,trial_only,24,27260,336.0,Budget,1,0.35,Cafe,14.6,0.15,Malleshwaram
1001661,Student,occasional,19,10748,273.0,Budget,1,0.35,Quick Bites,22.7,0.06,Koramangala 6th Block
1001662,Family,regular,33,177175,964.0,Mid-range,1,0.15,Casual Dining,8.1,0.03,Bellandur
1001663,Couple,regular,34,111583,800.0,Mid-range,2,0.3,Pub,4.3,0.03,Sahakara Nagar
1001664,Student,regular,18,27703,289.0,Budget,1,0.35,Cafe,3.0,0.03,Sarjapur Road
1001665,Food Explorer,occasional,27,66019,735.0,Mid-range,1,0.7,Irani Cafe,5.0,0.06,Whitefield
1001666,Couple,occasional,27,78849,1622.0,Premium,3,0.3,Cafe,6.4,0.06,JP Nagar
1001667,Couple,occasional,40,93667,1057.0,Premium,2,0.3,Microbrewery,4.1,0.06,Electronic City
1001668,Student,trial_only,21,16389,377.0,Budget,1,0.35,Bakery,5.0,0.15,HSR
1001669,Student,occasional,22,10519,284.0,Budget,2,0.35,Quick Bites,5.9,0.06,BTM
1001670,Couple,occasional,25,116667,1496.0,Premium,2,0.3,Cafe,24.1,0.06,Koramangala 6th Block
1001671,Office Worker,regular,33,72998,370.0,Budget,2,0.2,Cafe,8.8,0.03,Bannerghatta Road
1001672,Family,occasional,45,141098,945.0,Mid-range,5,0.15,Fine Dining,8.3,0.06,Rajajinagar
1001673,Couple,occasional,39,105387,1171.0,Premium,3,0.3,Pub,26.1,0.06,BTM
1001674,Student,occasional,23,23095,205.0,Budget,1,0.35,Cafe,6.4,0.06,Frazer Town
1001675,Couple,power_user,26,148552,1154.0,Premium,1,0.3,Pub,0.7,0.01,Frazer Town
1001676,Food Explorer,regular,32,82151,930.0,Mid-range,1,0.7,Meat Shop,17.6,0.03,Shanti Nagar
1001677,Family,regular,37,144705,596.0,Mid-range,3,0.15,Casual Dining,6.7,0.03,Church Street
1001678,Office Worker,trial_only,39,54998,302.0,Budget,1,0.2,Cafe,35.0,0.15,"ITPL Main Road, Whitefield"
1001679,Couple,occasional,39,53305,1320.0,Premium,1,0.3,Cafe,6.9,0.06,HSR
1001680,Office Worker,regular,40,50995,282.0,Budget,2,0.2,Casual Dining,3.5,0.03,Jayanagar
1001681,Family,regular,20,146563,1113.0,Premium,5,0.15,Casual Dining,4.0,0.03,Majestic
1001682,Couple,occasional,33,113405,1661.0,Premium,1,0.3,Fine Dining,18.7,0.06,Lavelle Road
1001683,Family,trial_only,45,143237,1008.0,Premium,3,0.15,Cafe,10.2,0.15,Rajajinagar
1001684,Office Worker,trial_only,24,74851,449.0,Budget,1,0.2,Quick Bites,11.9,0.15,Sarjapur Road
1001685,Student,trial_only,22,15458,433.0,Budget,1,0.35,Quick Bites,40.9,0.15,Seshadripuram
1001686,Student,trial_only,19,30335,408.0,Budget,1,0.35,Cafe,112.1,0.15,Bellandur
1001687,Office Worker,regular,24,72865,397.0,Budget,1,0.2,Quick Bites,4.9,0.03,Jayanagar
1001688,Office Worker,regular,34,48470,594.0,Mid-range,1,0.2,Quick Bites,2.3,0.03,RT Nagar
1001689,Family,occasional,35,120450,618.0,Mid-range,1,0.15,Cafe,4.6,0.06,Jayanagar
1001690,Office Worker,occasional,30,81464,430.0,Budget,1,0.2,Casual Dining,13.1,0.06,Koramangala 8th Block
1001691,Couple,regular,31,66719,662.0,Mid-range,1,0.3,Microbrewery,13.6,0.03,Marathahalli
1001692,Food Explorer,occasional,35,64219,636.0,Mid-range,1,0.7,Mess,22.5,0.06,Basavanagudi
1001693,Student,regular,22,14801,276.0,Budget,2,0.35,Cafe,7.3,0.03,Koramangala 1st Block
1001694,Family,regular,44,96585,710.0,Mid-range,3,0.15,Casual Dining,2.0,0.03,Koramangala 4th Block
1001695,Family,regular,48,84557,767.0,Mid-range,2,0.15,Casual Dining,6.2,0.03,St. Marks Road
1001696,Office Worker,trial_only,33,78360,392.0,Budget,2,0.2,Casual Dining,6.3,0.15,Frazer Town
1001697,Student,occasional,18,34780,303.0,Budget,1,0.35,Cafe,32.3,0.06,Rajajinagar
1001698,Couple,occasional,27,146938,1585.0,Premium,1,0.3,Fine Dining,6.9,0.06,Electronic City
1001699,Food Explorer,trial_only,40,68652,335.0,Budget,2,0.7,Fine Dining,18.0,0.15,HSR
1001700,Family,trial_only,30,171868,973.0,Mid-range,2,0.15,Casual Dining,53.0,0.15,Wilson Garden
1001701,Food Explorer,regular,30,46540,654.0,Mid-range,1,0.7,Dhaba,4.1,0.03,South Bangalore
1001702,Food Explorer,occasional,29,48886,694.0,Mid-range,2,0.7,Bakery,33.3,0.06,Indiranagar
1001703,Office Worker,regular,40,49530,447.0,Budget,1,0.2,Casual Dining,0.1,0.03,Old Airport Road
1001704,Family,occasional,49,94617,657.0,Mid-range,5,0.15,Fine Dining,6.2,0.06,Koramangala 6th Block
1001705,Office Worker,regular,31,85058,494.0,Budget,1,0.2,Cafe,8.9,0.03,Marathahalli
1001706,Food Explorer,regular,34,100792,730.0,Mid-range,2,0.7,Meat Shop,10.0,0.03,BTM
1001707,Student,occasional,21,28833,236.0,Budget,1,0.35,Dessert Parlor,6.6,0.06,Rajajinagar
1001708,Office Worker,power_user,34,78375,316.0,Budget,1,0.2,Delivery,0.8,0.01,CV Raman Nagar
1001709,Couple,occasional,44,122524,1226.0,Premium,2,0.3,Cafe,16.0,0.06,JP Nagar
1001710,Office Worker,occasional,35,60256,525.0,Mid-range,1,0.2,Delivery,10.9,0.06,BTM
1001711,Couple,occasional,26,55875,1502.0,Premium,1,0.3,Fine Dining,0.9,0.06,Jayanagar
1001712,Office Worker,power_user,32,30966,570.0,Mid-range,1,0.2,Cafe,0.8,0.01,Vasanth Nagar
1001713,Food Explorer,power_user,37,118053,693.0,Mid-range,2,0.7,Bhojanalya,3.9,0.01,Domlur
1001714,Couple,regular,24,100185,1121.0,Premium,3,0.3,Cafe,7.2,0.03,Bellandur
1001715,Office Worker,trial_only,29,87185,450.0,Budget,1,0.2,Food Court,14.9,0.15,Church Street
1001716,Couple,trial_only,28,53114,827.0,Mid-range,1,0.3,Cafe,7.2,0.15,Indiranagar
1001717,Office Worker,regular,35,68158,382.0,Budget,2,0.2,Casual Dining,8.3,0.03,Sarjapur Road
1001718,Family,occasional,25,93767,789.0,Mid-range,3,0.15,Casual Dining,24.4,0.06,Kalyan Nagar
1001719,Family,occasional,42,103723,747.0,Mid-range,3,0.15,Casual Dining,16.0,0.06,HSR
1001720,Couple,trial_only,25,115686,1228.0,Premium,2,0.3,Microbrewery,10.2,0.15,Koramangala 5th Block
1001721,Student,power_user,24,22382,190.0,Budget,1,0.35,Cafe,1.5,0.01,BTM
1001722,Student,occasional,20,13365,208.0,Budget,1,0.35,Cafe,40.7,0.06,Langford Town
1001723,Family,occasional,34,179961,955.0,Mid-range,2,0.15,Casual Dining,12.4,0.06,Marathahalli
1001724,Family,regular,48,145499,633.0,Mid-range,4,0.15,Casual Dining,20.8,0.03,Indiranagar
1001725,Office Worker,power_user,29,51640,382.0,Budget,1,0.2,Cafe,1.5,0.01,Jayanagar
1001726,Student,power_user,18,25535,308.0,Budget,1,0.35,Quick Bites,2.1,0.01,City Market
1001727,Office Worker,occasional,39,39084,357.0,Budget,2,0.2,Quick Bites,3.5,0.06,BTM
1001728,Couple,occasional,26,92969,1532.0,Premium,2,0.3,Fine Dining,4.5,0.06,Bommanahalli
1001729,Student,occasional,21,20621,199.0,Budget,1,0.35,Quick Bites,3.5,0.06,Sarjapur Road
1001730,Office Worker,regular,25,52329,450.0,Budget,1,0.2,Food Court,2.3,0.03,Koramangala 7th Block
1001731,Food Explorer,trial_only,35,78703,413.0,Budget,1,0.7,Irani Cafe,35.5,0.15,Jayanagar
1001732,Student,regular,19,32867,312.0,Budget,1,0.35,Quick Bites,18.6,0.03,BTM
1001733,Family,trial_only,53,60839,701.0,Mid-range,3,0.15,Casual Dining,24.9,0.15,Shivajinagar
1001734,Office Worker,regular,26,63190,448.0,Budget,1,0.2,Casual Dining,0.9,0.03,Koramangala 7th Block
1001735,Couple,trial_only,38,144067,1566.0,Premium,1,0.3,Fine Dining,20.4,0.15,BTM
1001736,Family,trial_only,20,166668,663.0,Mid-range,2,0.15,Dessert Parlor,18.1,0.15,Malleshwaram
1001737,Couple,trial_only,26,139756,991.0,Mid-range,2,0.3,Fine Dining,40.5,0.15,Bannerghatta Road
1001738,Student,trial_only,19,20311,275.0,Budget,1,0.35,Quick Bites,8.2,0.15,Bannerghatta Road
1001739,Office Worker,regular,38,64032,597.0,Mid-range,2,0.2,Casual Dining,4.8,0.03,BTM
1001740,Couple,occasional,45,109464,1173.0,Premium,1,0.3,Lounge,27.8,0.06,Kalyan Nagar
1001741,Student,occasional,22,30942,399.0,Budget,3,0.35,Quick Bites,41.3,0.06,MG Road
1001742,Student,regular,20,33866,286.0,Budget,1,0.35,Bakery,6.3,0.03,Yeshwantpur
1001743,Student,trial_only,20,16371,395.0,Budget,1,0.35,Quick Bites,33.4,0.15,HSR
1001744,Food Explorer,regular,26,49927,702.0,Mid-range,2,0.7,Confectionery,8.0,0.03,Basaveshwara Nagar
1001745,Family,regular,32,91798,911.0,Mid-range,3,0.15,Dessert Parlor,3.4,0.03,Koramangala 1st Block
1001746,Family,trial_only,37,91533,513.0,Mid-range,2,0.15,Casual Dining,40.0,0.15,BTM
1001747,Family,regular,44,96043,483.0,Budget,6,0.15,Casual Dining,3.1,0.03,Brookefield
1001748,Office Worker,regular,27,85002,557.0,Mid-range,1,0.2,Quick Bites,5.7,0.03,Bannerghatta Road
1001749,Office Worker,regular,23,42924,556.0,Mid-range,1,0.2,Cafe,0.8,0.03,BTM
1001750,Office Worker,occasional,33,55320,692.0,Mid-range,1,0.2,Casual Dining,4.0,0.06,HSR
1001751,Family,trial_only,28,102920,503.0,Mid-range,4,0.15,Cafe,17.2,0.15,Infantry Road
1001752,Student,regular,20,16801,339.0,Budget,1,0.35,Dessert Parlor,4.7,0.03,MG Road
1001753,Couple,occasional,39,69642,893.0,Mid-range,2,0.3,Lounge,7.1,0.06,Hennur
1001754,Couple,occasional,43,149734,978.0,Mid-range,1,0.3,Microbrewery,10.4,0.06,New BEL Road
1001755,Office Worker,occasional,32,67586,400.0,Budget,1,0.2,Delivery,2.6,0.06,Ulsoor
1001756,Family,occasional,53,72265,876.0,Mid-range,6,0.15,Casual Dining,1.8,0.06,HSR
1001757,Student,trial_only,19,26374,247.0,Budget,1,0.35,Food Court,42.5,0.15,Electronic City
1001758,Food Explorer,regular,35,88924,608.0,Mid-range,2,0.7,Delivery,10.1,0.03,Whitefield
1001759,Food Explorer,regular,40,68736,808.0,Mid-range,2,0.7,Pop Up,2.9,0.03,Koramangala 5th Block
1001760,Food Explorer,occasional,26,103046,882.0,Mid-range,1,0.7,Food Truck,12.0,0.06,Koramangala 1st Block
1001761,Office Worker,regular,36,78143,519.0,Mid-range,2,0.2,Quick Bites,3.5,0.03,Indiranagar
1001762,Student,occasional,21,29669,336.0,Budget,1,0.35,Dessert Parlor,8.5,0.06,Hennur
1001763,Student,power_user,24,25979,289.0,Budget,1,0.35,Dessert Parlor,2.2,0.01,BTM
1001764,Student,regular,20,21046,254.0,Budget,2,0.35,Food Court,4.3,0.03,BTM
1001765,Student,trial_only,24,15174,343.0,Budget,2,0.35,Cafe,46.3,0.15,Ulsoor
1001766,Student,power_user,23,11099,216.0,Budget,1,0.35,Dessert Parlor,3.3,0.01,BTM
1001767,Food Explorer,occasional,35,113464,630.0,Mid-range,1,0.7,Food Court,8.7,0.06,Koramangala 6th Block
1001768,Student,occasional,18,31026,214.0,Budget,1,0.35,Cafe,13.7,0.06,Church Street
1001769,Student,power_user,18,15031,297.0,Budget,1,0.35,Quick Bites,4.0,0.01,HSR
1001770,Couple,regular,38,130274,884.0,Mid-range,1,0.3,Fine Dining,3.0,0.03,BTM
1001771,Family,regular,37,65737,720.0,Mid-range,2,0.15,Cafe,12.1,0.03,Hennur
1001772,Couple,occasional,31,73738,997.0,Mid-range,2,0.3,Fine Dining,7.8,0.06,Cunningham Road
1001773,Family,regular,50,78026,641.0,Mid-range,6,0.15,Fine Dining,17.1,0.03,Whitefield
1001774,Couple,occasional,34,84053,1174.0,Premium,2,0.3,Microbrewery,14.0,0.06,Koramangala 1st Block
1001775,Family,regular,36,98360,315.0,Budget,6,0.15,Fine Dining,1.3,0.03,Koramangala 5th Block
1001776,Office Worker,power_user,28,60756,270.0,Budget,1,0.2,Cafe,1.0,0.01,Shanti Nagar
1001777,Family,power_user,55,115049,961.0,Mid-range,2,0.15,Cafe,0.9,0.01,Koramangala 5th Block
1001778,Office Worker,regular,29,36848,465.0,Budget,1,0.2,Casual Dining,7.6,0.03,Lavelle Road
1001779,Office Worker,regular,27,38999,378.0,Budget,1,0.2,Casual Dining,2.9,0.03,Whitefield
1001780,Office Worker,trial_only,35,79234,547.0,Mid-range,1,0.2,Food Court,27.9,0.15,HSR
1001781,Student,power_user,18,23704,249.0,Budget,1,0.35,Cafe,3.1,0.01,JP Nagar
1001782,Couple,occasional,37,142210,1026.0,Premium,3,0.3,Fine Dining,10.3,0.06,Koramangala 7th Block
1001783,Office Worker,occasional,33,37838,372.0,Budget,3,0.2,Quick Bites,29.1,0.06,Ejipura
1001784,Student,occasional,19,17705,453.0,Budget,3,0.35,Quick Bites,14.6,0.06,BTM
1001785,Student,occasional,23,13945,319.0,Budget,1,0.35,Dessert Parlor,2.0,0.06,HSR
1001786,Couple,power_user,24,142403,1259.0,Premium,1,0.3,Microbrewery,2.9,0.01,Koramangala 6th Block
1001787,Office Worker,occasional,40,39533,497.0,Budget,1,0.2,Cafe,10.1,0.06,BTM
1001788,Family,regular,50,156105,429.0,Budget,2,0.15,Cafe,0.5,0.03,Jayanagar
1001789,Couple,occasional,27,69238,1022.0,Premium,2,0.3,Pub,25.2,0.06,Marathahalli
1001790,Student,regular,21,28196,336.0,Budget,1,0.35,Cafe,8.2,0.03,Koramangala 1st Block
1001791,Couple,occasional,28,95528,1199.0,Premium,2,0.3,Cafe,8.9,0.06,Frazer Town
1001792,Office Worker,occasional,34,88150,671.0,Mid-range,1,0.2,Cafe,6.6,0.06,Whitefield
1001793,Student,occasional,20,11747,257.0,Budget,1,0.35,Food Court,23.7,0.06,Jayanagar
1001794,Family,regular,37,98958,989.0,Mid-range,3,0.15,Casual Dining,6.5,0.03,Bellandur
1001795,Food Explorer,occasional,40,97849,802.0,Mid-range,1,0.7,Pop Up,0.7,0.06,Marathahalli
1001796,Office Worker,occasional,34,84939,464.0,Budget,1,0.2,Delivery,34.0,0.06,Frazer Town
1001797,Family,occasional,51,124688,865.0,Mid-range,3,0.15,Casual Dining,11.5,0.06,BTM
1001798,Office Worker,regular,34,35904,421.0,Budget,1,0.2,Casual Dining,13.0,0.03,Koramangala 5th Block
1001799,Family,regular,37,135517,405.0,Budget,3,0.15,Casual Dining,5.6,0.03,HSR
1001800,Family,regular,20,117362,870.0,Mid-range,3,0.15,Casual Dining,3.7,0.03,Koramangala 7th Block
1001801,Family,occasional,23,152987,886.0,Mid-range,4,0.15,Casual Dining,13.0,0.06,BTM
1001802,Family,regular,39,126241,917.0,Mid-range,3,0.15,Casual Dining,18.4,0.03,BTM
1001803,Student,occasional,21,32448,305.0,Budget,1,0.35,Dessert Parlor,9.4,0.06,New BEL Road
1001804,Family,occasional,38,74737,994.0,Mid-range,7,0.15,Fine Dining,5.5,0.06,Hosur Road
1001805,Family,occasional,50,134870,627.0,Mid-range,3,0.15,Dessert Parlor,12.6,0.06,BTM
1001806,Family,occasional,23,148483,1094.0,Premium,2,0.15,Cafe,29.4,0.06,Koramangala 5th Block
1001807,Student,occasional,22,20148,221.0,Budget,1,0.35,Dessert Parlor,8.0,0.06,Brigade Road
1001808,Office Worker,occasional,36,58511,439.0,Budget,1,0.2,Quick Bites,63.9,0.06,St. Marks Road
1001809,Office Worker,regular,34,71720,518.0,Mid-range,1,0.2,Quick Bites,0.8,0.03,Brigade Road
1001810,Student,trial_only,19,21388,259.0,Budget,2,0.35,Cafe,31.4,0.15,Marathahalli
1001811,Student,trial_only,20,19815,360.0,Budget,1,0.35,Dessert Parlor,22.8,0.15,Shanti Nagar
1001812,Office Worker,occasional,23,64886,416.0,Budget,1,0.2,Casual Dining,6.7,0.06,Banaswadi
1001813,Family,trial_only,26,156440,824.0,Mid-range,3,0.15,Cafe,70.5,0.15,Kammanahalli
1001814,Student,trial_only,23,13367,286.0,Budget,2,0.35,Cafe,29.6,0.15,JP Nagar
1001815,Couple,occasional,37,137400,1027.0,Premium,1,0.3,Cafe,31.3,0.06,MG Road
1001816,Office Worker,occasional,38,42001,675.0,Mid-range,1,0.2,Casual Dining,5.6,0.06,Koramangala 5th Block
1001817,Couple,occasional,39,59773,948.0,Mid-range,4,0.3,Lounge,11.3,0.06,Electronic City
1001818,Office Worker,regular,27,40841,221.0,Budget,1,0.2,Casual Dining,1.8,0.03,Shanti Nagar
1001819,Office Worker,power_user,37,34596,370.0,Budget,1,0.2,Quick Bites,6.0,0.01,Kammanahalli
1001820,Family,occasional,44,174232,826.0,Mid-range,4,0.15,Fine Dining,6.5,0.06,Koramangala 6th Block
1001821,Food Explorer,occasional,25,63348,506.0,Mid-range,2,0.7,Bar,4.6,0.06,Banaswadi
1001822,Office Worker,regular,23,76392,552.0,Mid-range,1,0.2,Casual Dining,11.9,0.03,BTM
1001823,Office Worker,occasional,36,40945,548.0,Mid-range,1,0.2,Food Court,31.8,0.06,Lavelle Road
1001824,Family,occasional,45,123504,736.0,Mid-range,2,0.15,Casual Dining,10.8,0.06,Kammanahalli
1001825,Family,occasional,23,111116,464.0,Budget,1,0.15,Casual Dining,27.1,0.06,Residency Road
1001826,Student,regular,21,26487,197.0,Budget,1,0.35,Dessert Parlor,7.0,0.03,HSR
1001827,Office Worker,occasional,39,89306,447.0,Budget,2,0.2,Casual Dining,16.3,0.06,JP Nagar
1001828,Office Worker,regular,37,68999,294.0,Budget,1,0.2,Casual Dining,2.1,0.03,JP Nagar
1001829,Food Explorer,regular,37,96159,508.0,Mid-range,2,0.7,Irani Cafe,2.6,0.03,Richmond Road
1001830,Office Worker,power_user,30,45740,592.0,Mid-range,1,0.2,Delivery,4.3,0.01,Whitefield
1001831,Office Worker,regular,25,37317,484.0,Budget,1,0.2,Delivery,4.2,0.03,HSR
1001832,Food Explorer,regular,28,46928,611.0,Mid-range,1,0.7,Club,0.9,0.03,Koramangala 6th Block
1001833,Office Worker,occasional,35,48010,346.0,Budget,2,0.2,Food Court,15.7,0.06,Jayanagar
1001834,Student,regular,23,23874,315.0,Budget,1,0.35,Quick Bites,5.3,0.03,Koramangala 1st Block
1001835,Student,regular,22,11510,279.0,Budget,1,0.35,Quick Bites,3.4,0.03,Basavanagudi
1001836,Student,trial_only,18,16576,319.0,Budget,1,0.35,Dessert Parlor,4.9,0.15,JP Nagar
1001837,Student,occasional,22,25782,358.0,Budget,1,0.35,Bakery,10.3,0.06,Koramangala 8th Block
1001838,Office Worker,trial_only,26,82409,540.0,Mid-range,1,0.2,Quick Bites,21.6,0.15,Frazer Town
1001839,Couple,occasional,37,148956,1239.0,Premium,3,0.3,Cafe,12.0,0.06,Church Street
1001840,Family,power_user,34,88326,902.0,Mid-range,5,0.15,Casual Dining,0.1,0.01,Bannerghatta Road
1001841,Student,trial_only,21,12552,259.0,Budget,1,0.35,Cafe,38.6,0.15,Sarjapur Road
1001842,Family,trial_only,41,128743,1027.0,Premium,5,0.15,Fine Dining,29.8,0.15,New BEL Road
1001843,Student,occasional,22,33454,229.0,Budget,1,0.35,Cafe,2.7,0.06,BTM
1001844,Food Explorer,occasional,22,73607,548.0,Mid-range,1,0.7,Cafe,18.2,0.06,Marathahalli
1001845,Student,occasional,24,32605,399.0,Budget,1,0.35,Quick Bites,17.0,0.06,HSR
1001846,Family,occasional,40,149149,704.0,Mid-range,5,0.15,Cafe,14.8,0.06,Rajajinagar
1001847,Office Worker,occasional,32,83926,316.0,Budget,2,0.2,Quick Bites,7.6,0.06,"ITPL Main Road, Whitefield"
1001848,Family,occasional,33,174090,718.0,Mid-range,4,0.15,Casual Dining,22.4,0.06,Koramangala 8th Block
1001849,Office Worker,regular,24,36441,589.0,Mid-range,1,0.2,Casual Dining,15.6,0.03,Jeevan Bhima Nagar
1001850,Couple,power_user,37,91157,519.0,Mid-range,2,0.3,Fine Dining,2.1,0.01,Marathahalli
1001851,Student,regular,20,11248,308.0,Budget,2,0.35,Bakery,1.8,0.03,Brigade Road
1001852,Food Explorer,regular,39,43548,441.0,Budget,1,0.7,Bakery,2.5,0.03,Marathahalli
1001853,Office Worker,regular,34,58511,433.0,Budget,1,0.2,Casual Dining,2.2,0.03,Marathahalli
1001854,Couple,trial_only,33,116143,1095.0,Premium,1,0.3,Pub,28.9,0.15,BTM
1001855,Couple,regular,24,138604,1488.0,Premium,1,0.3,Lounge,7.1,0.03,Koramangala 4th Block
1001856,Food Explorer,regular,32,50334,613.0,Mid-range,1,0.7,Kiosk,0.4,0.03,Church Street
1001857,Student,regular,23,10831,381.0,Budget,2,0.35,Quick Bites,3.1,0.03,Bannerghatta Road
1001858,Office Worker,occasional,31,36270,578.0,Mid-range,1,0.2,Casual Dining,14.8,0.06,Shivajinagar
1001859,Office Worker,occasional,34,85607,453.0,Budget,1,0.2,Food Court,14.0,0.06,Bellandur
1001860,Office Worker,occasional,25,69694,414.0,Budget,1,0.2,Cafe,7.0,0.06,Banashankari
1001861,Family,trial_only,34,117757,875.0,Mid-range,5,0.15,Cafe,24.2,0.15,BTM
1001862,Food Explorer,trial_only,37,48225,743.0,Mid-range,2,0.7,Food Court,122.1,0.15,Ulsoor
1001863,Food Explorer,trial_only,30,69666,312.0,Budget,1,0.7,Dessert Parlor,24.4,0.15,Indiranagar
1001864,Office Worker,trial_only,38,37726,474.0,Budget,1,0.2,Casual Dining,9.3,0.15,Rajajinagar
1001865,Family,regular,34,63611,749.0,Mid-range,7,0.15,Cafe,4.2,0.03,BTM
1001866,Couple,occasional,41,93908,1074.0,Premium,2,0.3,Fine Dining,25.3,0.06,HSR
1001867,Food Explorer,regular,34,80212,427.0,Budget,3,0.7,Delivery,3.9,0.03,Church Street
1001868,Student,occasional,24,21308,250.0,Budget,3,0.35,Dessert Parlor,10.7,0.06,Bellandur
1001869,Office Worker,regular,32,82291,576.0,Mid-range,1,0.2,Food Court,14.2,0.03,Whitefield
1001870,Couple,regular,34,141372,1091.0,Premium,3,0.3,Fine Dining,2.2,0.03,BTM
1001871,Office Worker,power_user,29,37298,564.0,Mid-range,1,0.2,Quick Bites,2.7,0.01,Marathahalli
1001872,Office Worker,occasional,34,46568,463.0,Budget,1,0.2,Cafe,9.1,0.06,Kammanahalli
1001873,Food Explorer,occasional,40,80079,317.0,Budget,3,0.7,Dhaba,15.8,0.06,Koramangala 7th Block
1001874,Food Explorer,power_user,25,72075,648.0,Mid-range,1,0.7,Irani Cafe,1.8,0.01,HSR
1001875,Food Explorer,occasional,39,74869,303.0,Budget,1,0.7,Takeaway,3.3,0.06,Marathahalli
1001876,Couple,regular,45,120752,1382.0,Premium,2,0.3,Fine Dining,2.0,0.03,Jayanagar
1001877,Office Worker,occasional,36,40797,429.0,Budget,1,0.2,Casual Dining,28.7,0.06,HSR
1001878,Office Worker,power_user,33,79622,536.0,Mid-range,1,0.2,Food Court,2.6,0.01,Marathahalli
1001879,Office Worker,power_user,38,45887,593.0,Mid-range,1,0.2,Cafe,2.0,0.01,HSR
1001880,Family,occasional,29,101894,453.0,Budget,1,0.15,Casual Dining,34.3,0.06,Frazer Town
1001881,Office Worker,occasional,34,43302,404.0,Budget,1,0.2,Casual Dining,16.2,0.06,JP Nagar
1001882,Family,trial_only,48,135729,558.0,Mid-range,6,0.15,Fine Dining,16.5,0.15,Indiranagar
1001883,Office Worker,occasional,37,71736,666.0,Mid-range,1,0.2,Casual Dining,14.8,0.06,Koramangala 5th Block
1001884,Family,trial_only,41,134902,712.0,Mid-range,6,0.15,Cafe,56.9,0.15,Kammanahalli
1001885,Office Worker,regular,29,59615,318.0,Budget,1,0.2,Quick Bites,10.1,0.03,Koramangala 3rd Block
1001886,Office Worker,regular,40,48192,674.0,Mid-range,1,0.2,Quick Bites,4.0,0.03,Koramangala 5th Block
1001887,Student,trial_only,22,27193,242.0,Budget,1,0.35,Quick Bites,27.4,0.15,Koramangala 7th Block
1001888,Student,regular,23,12965,170.0,Budget,1,0.35,Bakery,4.9,0.03,Vasanth Nagar
1001889,Couple,occasional,37,81191,852.0,Mid-range,2,0.3,Cafe,52.5,0.06,Nagawara
1001890,Office Worker,power_user,38,70951,464.0,Budget,1,0.2,Cafe,4.3,0.01,HSR
1001891,Student,occasional,21,27305,304.0,Budget,1,0.35,Bakery,5.7,0.06,Koramangala 4th Block
1001892,Couple,regular,36,76807,949.0,Mid-range,2,0.3,Cafe,10.5,0.03,Brigade Road
1001893,Family,occasional,48,100948,703.0,Mid-range,2,0.15,Dessert Parlor,2.4,0.06,Bannerghatta Road
1001894,Student,occasional,21,17957,304.0,Budget,1,0.35,Dessert Parlor,2.1,0.06,Church Street
1001895,Office Worker,power_user,27,83208,582.0,Mid-range,1,0.2,Quick Bites,2.8,0.01,BTM
1001896,Student,regular,23,24309,327.0,Budget,1,0.35,Beverage Shop,6.4,0.03,Shanti Nagar
1001897,Family,regular,33,74236,687.0,Mid-range,3,0.15,Cafe,6.6,0.03,JP Nagar
1001898,Office Worker,regular,24,39648,427.0,Budget,1,0.2,Quick Bites,8.8,0.03,HSR
1001899,Student,regular,20,11729,362.0,Budget,1,0.35,Bakery,4.4,0.03,Banashankari
1001900,Student,trial_only,18,16037,434.0,Budget,2,0.35,Cafe,46.2,0.15,Nagawara
1001901,Family,regular,51,86679,579.0,Mid-range,2,0.15,Dessert Parlor,4.0,0.03,Brigade Road
1001902,Student,regular,24,21152,389.0,Budget,1,0.35,Cafe,6.7,0.03,Race Course Road
1001903,Couple,occasional,29,124732,1106.0,Premium,1,0.3,Lounge,6.4,0.06,Ulsoor
1001904,Student,regular,24,31962,170.0,Budget,1,0.35,Bakery,4.9,0.03,Koramangala 4th Block
1001905,Family,regular,45,127024,436.0,Budget,3,0.15,Cafe,3.9,0.03,Koramangala 5th Block
1001906,Office Worker,occasional,40,76336,583.0,Mid-range,1,0.2,Quick Bites,10.6,0.06,Koramangala 5th Block
1001907,Office Worker,occasional,25,69300,595.0,Mid-range,1,0.2,Cafe,19.4,0.06,Banashankari
1001908,Student,trial_only,18,17940,254.0,Budget,1,0.35,Bakery,45.1,0.15,BTM
1001909,Couple,regular,44,111198,1136.0,Premium,3,0.3,Microbrewery,11.5,0.03,"Varthur Main Road, Whitefield"
1001910,Couple,occasional,29,80207,665.0,Mid-range,2,0.3,Lounge,8.7,0.06,Whitefield
1001911,Student,trial_only,22,17720,361.0,Budget,1,0.35,Quick Bites,31.5,0.15,Electronic City
1001912,Student,trial_only,24,34684,298.0,Budget,1,0.35,Bakery,12.8,0.15,Koramangala 5th Block
1001913,Food Explorer,trial_only,28,112854,212.0,Budget,2,0.7,Bakery,37.2,0.15,Electronic City
1001914,Office Worker,regular,24,69203,470.0,Budget,1,0.2,Cafe,1.4,0.03,JP Nagar
1001915,Student,trial_only,23,24826,189.0,Budget,1,0.35,Cafe,76.6,0.15,Shanti Nagar
1001916,Student,trial_only,21,27139,345.0,Budget,1,0.35,Bakery,13.9,0.15,BTM
1001917,Family,occasional,20,150358,583.0,Mid-range,2,0.15,Fine Dining,16.6,0.06,Bannerghatta Road
1001918,Family,occasional,32,66614,867.0,Mid-range,6,0.15,Casual Dining,59.6,0.06,Banaswadi
1001919,Family,trial_only,39,103019,669.0,Mid-range,3,0.15,Cafe,18.7,0.15,Ejipura
1001920,Food Explorer,regular,38,48397,100.0,Budget,1,0.7,Delivery,7.9,0.03,City Market
1001921,Office Worker,occasional,27,61750,550.0,Mid-range,2,0.2,Casual Dining,3.4,0.06,BTM
1001922,Office Worker,occasional,32,47667,555.0,Mid-range,2,0.2,Delivery,15.7,0.06,HSR
1001923,Office Worker,occasional,26,49807,398.0,Budget,3,0.2,Quick Bites,4.7,0.06,Whitefield
1001924,Office Worker,occasional,28,80521,477.0,Budget,1,0.2,Casual Dining,11.5,0.06,Majestic
1001925,Student,regular,19,15102,335.0,Budget,1,0.35,Bakery,1.3,0.03,Yeshwantpur
1001926,Student,regular,21,32767,338.0,Budget,2,0.35,Bakery,7.2,0.03,Sarjapur Road
1001927,Office Worker,regular,34,55252,623.0,Mid-range,3,0.2,Quick Bites,4.7,0.03,Basavanagudi
1001928,Family,occasional,24,82923,883.0,Mid-range,2,0.15,Casual Dining,9.8,0.06,Electronic City
1001929,Student,occasional,18,13582,271.0,Budget,1,0.35,Quick Bites,2.3,0.06,Koramangala 8th Block
1001930,Office Worker,trial_only,36,72852,493.0,Budget,1,0.2,Food Court,27.8,0.15,HSR
1001931,Family,occasional,30,168316,714.0,Mid-range,4,0.15,Fine Dining,9.9,0.06,Rajajinagar
1001932,Family,occasional,42,164897,587.0,Mid-range,2,0.15,Casual Dining,6.8,0.06,Koramangala 1st Block
1001933,Couple,regular,25,67029,1566.0,Premium,2,0.3,Pub,2.5,0.03,Electronic City
1001934,Couple,occasional,37,137890,1360.0,Premium,4,0.3,Lounge,18.0,0.06,Sarjapur Road
1001935,Family,trial_only,52,87061,428.0,Budget,4,0.15,Cafe,29.3,0.15,Koramangala 1st Block
1001936,Student,occasional,21,21470,245.0,Budget,1,0.35,Cafe,12.4,0.06,Cunningham Road
1001937,Office Worker,trial_only,33,30333,526.0,Mid-range,2,0.2,Casual Dining,90.9,0.15,Whitefield
1001938,Family,trial_only,30,91053,487.0,Budget,4,0.15,Casual Dining,48.2,0.15,HSR
1001939,Student,regular,20,17998,240.0,Budget,1,0.35,Cafe,8.5,0.03,Banashankari
1001940,Student,occasional,18,33908,513.0,Mid-range,2,0.35,Cafe,12.5,0.06,Brookefield
1001941,Student,occasional,21,16958,274.0,Budget,1,0.35,Cafe,17.1,0.06,Koramangala 1st Block
1001942,Office Worker,occasional,40,46595,558.0,Mid-range,1,0.2,Food Court,34.8,0.06,MG Road
1001943,Office Worker,regular,25,46402,600.0,Mid-range,1,0.2,Cafe,1.4,0.03,Koramangala 1st Block
1001944,Student,regular,20,16317,227.0,Budget,1,0.35,Dessert Parlor,6.9,0.03,Lavelle Road
1001945,Couple,regular,42,103997,1280.0,Premium,1,0.3,Lounge,7.8,0.03,Frazer Town
1001946,Food Explorer,occasional,31,56454,1115.0,Premium,1,0.7,Dhaba,4.8,0.06,HBR Layout
1001947,Student,regular,23,17263,337.0,Budget,2,0.35,Cafe,6.0,0.03,Koramangala 4th Block
1001948,Food Explorer,regular,29,82603,1191.0,Premium,1,0.7,Food Truck,9.3,0.03,Kalyan Nagar
1001949,Student,occasional,22,28911,249.0,Budget,1,0.35,Quick Bites,18.4,0.06,Koramangala 7th Block
1001950,Food Explorer,regular,40,48574,1049.0,Premium,1,0.7,Kiosk,5.7,0.03,Koramangala 7th Block
1001951,Food Explorer,trial_only,33,67883,604.0,Mid-range,1,0.7,Dessert Parlor,29.0,0.15,BTM
1001952,Student,regular,23,24267,274.0,Budget,1,0.35,Quick Bites,6.1,0.03,Bellandur
1001953,Couple,power_user,39,141677,1392.0,Premium,2,0.3,Microbrewery,0.7,0.01,JP Nagar
1001954,Food Explorer,trial_only,23,115496,572.0,Mid-range,1,0.7,Dhaba,17.9,0.15,City Market
1001955,Food Explorer,trial_only,25,109775,579.0,Mid-range,2,0.7,Delivery,25.9,0.15,St. Marks Road
1001956,Food Explorer,occasional,33,80398,721.0,Mid-range,1,0.7,Kiosk,8.3,0.06,Bannerghatta Road
1001957,Family,occasional,32,71779,438.0,Budget,5,0.15,Casual Dining,19.6,0.06,HSR
1001958,Student,regular,21,34134,236.0,Budget,1,0.35,Beverage Shop,1.3,0.03,Marathahalli
1001959,Couple,occasional,34,112160,1417.0,Premium,1,0.3,Cafe,8.9,0.06,Jalahalli
1001960,Family,regular,48,168685,998.0,Mid-range,3,0.15,Cafe,4.6,0.03,BTM
1001961,Family,occasional,55,170479,871.0,Mid-range,6,0.15,Casual Dining,19.6,0.06,St. Marks Road
1001962,Office Worker,regular,40,77538,478.0,Budget,1,0.2,Quick Bites,6.1,0.03,HSR
1001963,Family,occasional,22,110427,880.0,Mid-range,6,0.15,Casual Dining,13.5,0.06,Koramangala 6th Block
1001964,Student,regular,23,25202,377.0,Budget,2,0.35,Quick Bites,5.7,0.03,Domlur
1001965,Family,regular,46,142930,515.0,Mid-range,1,0.15,Dessert Parlor,2.7,0.03,Ulsoor
1001966,Student,regular,24,32017,259.0,Budget,1,0.35,Quick Bites,6.4,0.03,Koramangala 5th Block
1001967,Family,occasional,35,87140,785.0,Mid-range,3,0.15,Fine Dining,14.4,0.06,Rammurthy Nagar
1001968,Couple,regular,35,105498,1259.0,Premium,2,0.3,Fine Dining,4.6,0.03,Cunningham Road
1001969,Office Worker,occasional,31,65752,239.0,Budget,1,0.2,Quick Bites,17.0,0.06,Koramangala 5th Block
1001970,Office Worker,regular,29,42432,324.0,Budget,1,0.2,Casual Dining,3.2,0.03,Brigade Road
1001971,Office Worker,occasional,27,54114,448.0,Budget,2,0.2,Delivery,9.5,0.06,MG Road
1001972,Food Explorer,regular,34,114015,853.0,Mid-range,1,0.7,Meat Shop,13.1,0.03,Koramangala 4th Block
1001973,Family,trial_only,20,61930,716.0,Mid-range,4,0.15,Casual Dining,14.5,0.15,Jayanagar
1001974,Office Worker,regular,36,60131,383.0,Budget,1,0.2,Quick Bites,4.1,0.03,Church Street
1001975,Student,regular,23,25233,342.0,Budget,2,0.35,Cafe,7.0,0.03,Whitefield
1001976,Student,regular,19,32694,274.0,Budget,1,0.35,Quick Bites,14.6,0.03,Indiranagar
1001977,Office Worker,power_user,26,47004,538.0,Mid-range,1,0.2,Quick Bites,4.3,0.01,Koramangala 6th Block
1001978,Food Explorer,occasional,31,71452,545.0,Mid-range,1,0.7,Bar,14.4,0.06,BTM
1001979,Family,regular,50,69649,577.0,Mid-range,8,0.15,Casual Dining,5.6,0.03,BTM
1001980,Student,trial_only,18,18393,414.0,Budget,2,0.35,Beverage Shop,4.3,0.15,City Market
1001981,Couple,occasional,33,149730,1571.0,Premium,1,0.3,Fine Dining,13.8,0.06,Bellandur
1001982,Office Worker,regular,26,75960,354.0,Budget,1,0.2,Quick Bites,3.0,0.03,Koramangala 6th Block
1001983,Couple,occasional,42,92838,1319.0,Premium,2,0.3,Fine Dining,5.9,0.06,Sadashiv Nagar
1001984,Student,regular,24,25861,274.0,Budget,2,0.35,Cafe,2.1,0.03,South Bangalore
1001985,Family,regular,23,175745,924.0,Mid-range,4,0.15,Fine Dining,10.1,0.03,Banaswadi
1001986,Food Explorer,regular,24,75178,381.0,Budget,1,0.7,Food Truck,3.7,0.03,Sarjapur Road
1001987,Office Worker,regular,25,47679,537.0,Mid-range,2,0.2,Quick Bites,1.9,0.03,Whitefield
1001988,Family,regular,49,165431,1039.0,Premium,3,0.15,Cafe,4.9,0.03,Koramangala 5th Block
1001989,Food Explorer,trial_only,39,108040,363.0,Budget,1,0.7,Dessert Parlor,58.7,0.15,HSR
1001990,Student,occasional,20,22914,305.0,Budget,3,0.35,Beverage Shop,5.2,0.06,Marathahalli
1001991,Student,trial_only,19,10295,397.0,Budget,3,0.35,Cafe,64.0,0.15,Whitefield
1001992,Family,regular,43,61534,600.0,Mid-range,5,0.15,Casual Dining,7.3,0.03,Shivajinagar
1001993,Office Worker,trial_only,39,37054,383.0,Budget,1,0.2,Casual Dining,63.4,0.15,Wilson Garden
1001994,Student,regular,24,27330,353.0,Budget,2,0.35,Cafe,4.8,0.03,Koramangala 4th Block
1001995,Office Worker,regular,31,40532,434.0,Budget,2,0.2,Casual Dining,9.6,0.03,MG Road
1001996,Couple,trial_only,41,56315,727.0,Mid-range,1,0.3,Fine Dining,77.6,0.15,Koramangala 7th Block
1001997,Office Worker,power_user,40,70911,418.0,Budget,1,0.2,Food Court,1.6,0.01,HSR
1001998,Office Worker,regular,37,58866,625.0,Mid-range,2,0.2,Casual Dining,5.1,0.03,Cunningham Road
1001999,Couple,trial_only,34,103054,1819.0,Premium,2,0.3,Cafe,27.1,0.15,BTM
1002000,Office Worker,occasional,27,41524,386.0,Budget,1,0.2,Casual Dining,15.0,0.06,Kalyan Nagar
1002001,Couple,occasional,32,71472,926.0,Mid-range,2,0.3,Cafe,0.6,0.06,Koramangala 5th Block
1002002,Office Worker,regular,29,44519,404.0,Budget,1,0.2,Casual Dining,7.8,0.03,New BEL Road
1002003,Food Explorer,power_user,40,91524,1050.0,Premium,2,0.7,Sweet Shop,2.8,0.01,MG Road
1002004,Family,trial_only,46,177578,968.0,Mid-range,3,0.15,Casual Dining,17.8,0.15,Whitefield
1002005,Student,regular,24,32895,417.0,Budget,2,0.35,Quick Bites,25.1,0.03,New BEL Road
1002006,Couple,regular,41,61348,1500.0,Premium,1,0.3,Cafe,11.1,0.03,New BEL Road
1002007,Office Worker,regular,31,70776,318.0,Budget,1,0.2,Cafe,15.1,0.03,Brigade Road
1002008,Student,trial_only,23,28943,224.0,Budget,1,0.35,Dessert Parlor,19.2,0.15,Koramangala 6th Block
1002009,Student,occasional,22,11014,244.0,Budget,1,0.35,Dessert Parlor,7.8,0.06,HSR
1002010,Family,occasional,46,136494,696.0,Mid-range,3,0.15,Fine Dining,17.5,0.06,Bellandur
1002011,Student,trial_only,20,21112,246.0,Budget,1,0.35,Bakery,26.4,0.15,MG Road
1002012,Office Worker,power_user,27,41702,394.0,Budget,2,0.2,Delivery,1.7,0.01,BTM
1002013,Student,trial_only,19,29741,351.0,Budget,2,0.35,Quick Bites,17.2,0.15,Marathahalli
1002014,Office Worker,power_user,28,86121,464.0,Budget,1,0.2,Casual Dining,0.7,0.01,Electronic City
1002015,Office Worker,regular,40,65897,572.0,Mid-range,1,0.2,Cafe,11.3,0.03,Frazer Town
1002016,Office Worker,power_user,39,42085,475.0,Budget,3,0.2,Casual Dining,4.3,0.01,Marathahalli
1002017,Office Worker,trial_only,25,55734,382.0,Budget,1,0.2,Cafe,2.7,0.15,Bommanahalli
1002018,Student,trial_only,21,22890,315.0,Budget,1,0.35,Dessert Parlor,42.1,0.15,Rajajinagar
1002019,Family,occasional,53,168275,498.0,Budget,2,0.15,Casual Dining,40.7,0.06,Brigade Road
1002020,Office Worker,regular,36,77432,219.0,Budget,2,0.2,Quick Bites,10.2,0.03,Frazer Town
1002021,Family,regular,42,140482,929.0,Mid-range,3,0.15,Cafe,3.5,0.03,Indiranagar
1002022,Student,regular,22,29090,381.0,Budget,1,0.35,Quick Bites,6.9,0.03,Koramangala 1st Block
1002023,Student,regular,20,27353,306.0,Budget,2,0.35,Cafe,1.1,0.03,Sarjapur Road
1002024,Student,power_user,24,17993,269.0,Budget,1,0.35,Quick Bites,1.1,0.01,Indiranagar
1002025,Office Worker,occasional,24,38007,316.0,Budget,1,0.2,Delivery,21.0,0.06,Shivajinagar
1002026,Office Worker,occasional,38,80357,567.0,Mid-range,1,0.2,Casual Dining,5.4,0.06,Koramangala 6th Block
1002027,Couple,trial_only,43,105386,1348.0,Premium,1,0.3,Cafe,20.3,0.15,Electronic City
1002028,Office Worker,occasional,27,87726,479.0,Budget,1,0.2,Delivery,11.4,0.06,Indiranagar
1002029,Office Worker,regular,32,70862,450.0,Budget,2,0.2,Quick Bites,9.6,0.03,Ejipura
1002030,Family,occasional,51,116882,706.0,Mid-range,5,0.15,Dessert Parlor,10.3,0.06,Indiranagar
1002031,Student,regular,21,26169,211.0,Budget,1,0.35,Beverage Shop,2.6,0.03,HSR
1002032,Office Worker,occasional,28,69139,475.0,Budget,2,0.2,Cafe,15.3,0.06,BTM
1002033,Office Worker,occasional,24,88891,396.0,Budget,1,0.2,Delivery,3.9,0.06,Cunningham Road
1002034,Office Worker,regular,30,51871,408.0,Budget,1,0.2,Delivery,14.0,0.03,Indiranagar
1002035,Student,regular,19,19506,437.0,Budget,1,0.35,Cafe,1.7,0.03,MG Road
1002036,Couple,trial_only,42,85408,1186.0,Premium,1,0.3,Cafe,43.8,0.15,Jalahalli
1002037,Food Explorer,occasional,38,48631,100.0,Budget,1,0.7,Beverage Shop,17.7,0.06,Whitefield
1002038,Student,occasional,20,21743,257.0,Budget,2,0.35,Quick Bites,21.8,0.06,Banashankari
1002039,Family,occasional,27,113441,600.0,Mid-range,4,0.15,Fine Dining,5.1,0.06,Koramangala 6th Block
1002040,Couple,occasional,30,69713,1158.0,Premium,1,0.3,Cafe,7.1,0.06,BTM
1002041,Office Worker,power_user,30,78912,308.0,Budget,1,0.2,Casual Dining,1.6,0.01,Jayanagar
1002042,Couple,trial_only,38,118940,1330.0,Premium,2,0.3,Cafe,20.2,0.15,HSR
1002043,Family,trial_only,25,88983,741.0,Mid-range,2,0.15,Dessert Parlor,7.8,0.15,Whitefield
1002044,Food Explorer,power_user,40,53246,481.0,Budget,1,0.7,Beverage Shop,2.3,0.01,Cunningham Road
1002045,Food Explorer,regular,35,89444,637.0,Mid-range,2,0.7,Meat Shop,5.5,0.03,Jayanagar
1002046,Student,occasional,18,10129,294.0,Budget,1,0.35,Quick Bites,21.4,0.06,BTM
1002047,Office Worker,occasional,28,39063,437.0,Budget,2,0.2,Casual Dining,11.1,0.06,Ejipura
1002048,Office Worker,regular,35,56369,428.0,Budget,2,0.2,Casual Dining,1.0,0.03,Wilson Garden
1002049,Student,occasional,21,34765,298.0,Budget,2,0.35,Cafe,2.8,0.06,Koramangala 7th Block
1002050,Office Worker,occasional,32,34585,484.0,Budget,2,0.2,Quick Bites,6.2,0.06,Jayanagar
1002051,Food Explorer,occasional,22,82295,654.0,Mid-range,1,0.7,Food Court,9.9,0.06,Church Street
1002052,Student,regular,20,24061,390.0,Budget,1,0.35,Cafe,15.8,0.03,BTM
1002053,Office Worker,power_user,34,45110,395.0,Budget,2,0.2,Delivery,4.9,0.01,Ulsoor
1002054,Couple,regular,40,102037,1271.0,Premium,2,0.3,Cafe,4.2,0.03,HSR
1002055,Office Worker,trial_only,31,68052,695.0,Mid-range,1,0.2,Quick Bites,13.1,0.15,Cunningham Road
1002056,Office Worker,occasional,32,38236,446.0,Budget,2,0.2,Food Court,11.9,0.06,Banaswadi
1002057,Food Explorer,regular,26,116334,599.0,Mid-range,1,0.7,Food Court,5.5,0.03,St. Marks Road
1002058,Office Worker,trial_only,37,44760,324.0,Budget,1,0.2,Cafe,21.9,0.15,City Market
1002059,Student,regular,22,19218,243.0,Budget,2,0.35,Quick Bites,1.7,0.03,Kammanahalli
1002060,Student,occasional,23,10611,291.0,Budget,1,0.35,Cafe,8.1,0.06,Whitefield
1002061,Food Explorer,regular,34,87481,733.0,Mid-range,1,0.7,Dhaba,3.7,0.03,Ulsoor
1002062,Office Worker,occasional,40,65637,515.0,Mid-range,1,0.2,Delivery,14.6,0.06,Thippasandra
1002063,Office Worker,occasional,38,36969,483.0,Budget,1,0.2,Casual Dining,24.5,0.06,Koramangala 5th Block
1002064,Student,occasional,23,17321,364.0,Budget,1,0.35,Dessert Parlor,7.8,0.06,Koramangala 5th Block
1002065,Office Worker,regular,29,76004,350.0,Budget,1,0.2,Casual Dining,6.5,0.03,Residency Road
1002066,Food Explorer,regular,23,97039,722.0,Mid-range,3,0.7,Casual Dining,0.2,0.03,Banashankari
1002067,Office Worker,regular,23,48438,451.0,Budget,2,0.2,Quick Bites,6.2,0.03,Electronic City
1002068,Food Explorer,trial_only,36,90386,631.0,Mid-range,2,0.7,Irani Cafe,1.9,0.15,BTM
1002069,Office Worker,power_user,39,74822,414.0,Budget,3,0.2,Casual Dining,1.0,0.01,Brookefield
1002070,Office Worker,occasional,34,52415,355.0,Budget,1,0.2,Cafe,6.7,0.06,Jayanagar
1002071,Couple,occasional,39,67574,835.0,Mid-range,1,0.3,Pub,14.5,0.06,Vasanth Nagar
1002072,Office Worker,regular,24,31303,482.0,Budget,2,0.2,Quick Bites,5.5,0.03,Koramangala 4th Block
1002073,Office Worker,regular,33,87285,500.0,Budget,1,0.2,Cafe,0.9,0.03,Brookefield
1002074,Couple,power_user,37,82016,1161.0,Premium,2,0.3,Pub,2.9,0.01,Koramangala 5th Block
1002075,Office Worker,occasional,25,78369,449.0,Budget,1,0.2,Cafe,33.1,0.06,Kalyan Nagar
1002076,Office Worker,trial_only,36,49492,378.0,Budget,1,0.2,Cafe,7.1,0.15,City Market
1002077,Food Explorer,regular,28,96978,726.0,Mid-range,1,0.7,Sweet Shop,3.6,0.03,JP Nagar
1002078,Student,trial_only,19,18317,305.0,Budget,1,0.35,Bakery,19.6,0.15,Residency Road
1002079,Office Worker,regular,35,66442,413.0,Budget,1,0.2,Casual Dining,4.3,0.03,Bannerghatta Road
1002080,Student,regular,21,33837,369.0,Budget,1,0.35,Cafe,9.7,0.03,HSR
1002081,Office Worker,trial_only,32,75224,515.0,Mid-range,1,0.2,Casual Dining,34.9,0.15,Commercial Street
1002082,Student,trial_only,21,14114,177.0,Budget,3,0.35,Quick Bites,26.8,0.15,Bellandur
1002083,Family,regular,42,122842,810.0,Mid-range,3,0.15,Casual Dining,4.7,0.03,Jayanagar
1002084,Student,occasional,20,16751,223.0,Budget,4,0.35,Cafe,17.5,0.06,Kammanahalli
1002085,Family,trial_only,49,86323,828.0,Mid-range,3,0.15,Casual Dining,3.5,0.15,BTM
1002086,Office Worker,occasional,38,79944,135.0,Budget,1,0.2,Casual Dining,36.2,0.06,Koramangala 4th Block
1002087,Office Worker,occasional,31,88956,470.0,Budget,1,0.2,Cafe,21.5,0.06,BTM
1002088,Office Worker,regular,26,85510,521.0,Mid-range,1,0.2,Delivery,10.8,0.03,Nagawara
1002089,Family,power_user,30,160687,778.0,Mid-range,3,0.15,Casual Dining,8.7,0.01,St. Marks Road
1002090,Office Worker,occasional,36,58097,334.0,Budget,1,0.2,Quick Bites,21.1,0.06,MG Road
1002091,Office Worker,occasional,27,61571,646.0,Mid-range,1,0.2,Cafe,4.2,0.06,Koramangala 7th Block
1002092,Couple,regular,41,104005,1547.0,Premium,4,0.3,Fine Dining,5.9,0.03,New BEL Road
1002093,Family,regular,43,148347,694.0,Mid-range,4,0.15,Food Court,9.6,0.03,Malleshwaram
1002094,Student,regular,21,11321,279.0,Budget,2,0.35,Cafe,5.8,0.03,Bellandur
1002095,Food Explorer,occasional,24,106146,105.0,Budget,1,0.7,Club,13.5,0.06,Koramangala 5th Block
1002096,Office Worker,regular,32,78483,497.0,Budget,1,0.2,Quick Bites,11.8,0.03,Shanti Nagar
1002097,Student,regular,22,34879,190.0,Budget,1,0.35,Dessert Parlor,4.7,0.03,Richmond Road
1002098,Office Worker,regular,25,65674,517.0,Mid-range,1,0.2,Casual Dining,13.6,0.03,Indiranagar
1002099,Student,trial_only,23,21432,382.0,Budget,2,0.35,Quick Bites,14.1,0.15,Bellandur
1002100,Student,occasional,19,21975,294.0,Budget,2,0.35,Quick Bites,13.6,0.06,Basavanagudi
1002101,Family,regular,34,134423,587.0,Mid-range,4,0.15,Fine Dining,1.0,0.03,Banashankari
1002102,Student,regular,21,17564,400.0,Budget,1,0.35,Dessert Parlor,1.0,0.03,Jeevan Bhima Nagar
1002103,Couple,regular,40,127691,1201.0,Premium,2,0.3,Cafe,23.2,0.03,BTM
1002104,Food Explorer,occasional,26,75502,623.0,Mid-range,1,0.7,Lounge,12.4,0.06,Banashankari
1002105,Family,occasional,32,93811,614.0,Mid-range,5,0.15,Fine Dining,10.0,0.06,Marathahalli
1002106,Family,occasional,49,148238,839.0,Mid-range,4,0.15,Cafe,14.6,0.06,Indiranagar
1002107,Family,occasional,31,100415,759.0,Mid-range,2,0.15,Casual Dining,17.7,0.06,St. Marks Road
1002108,Food Explorer,regular,33,46462,268.0,Budget,1,0.7,Club,2.2,0.03,Bellandur
1002109,Office Worker,regular,30,61325,584.0,Mid-range,2,0.2,Delivery,9.8,0.03,Bannerghatta Road
1002110,Student,power_user,18,22670,441.0,Budget,1,0.35,Cafe,1.7,0.01,Whitefield
1002111,Office Worker,occasional,32,47488,552.0,Mid-range,1,0.2,Food Court,47.4,0.06,Residency Road
1002112,Office Worker,regular,29,32078,537.0,Mid-range,1,0.2,Cafe,6.4,0.03,Bellandur
1002113,Student,occasional,19,21893,441.0,Budget,1,0.35,Quick Bites,1.1,0.06,Bannerghatta Road
1002114,Family,regular,50,152671,591.0,Mid-range,2,0.15,Casual Dining,3.7,0.03,Richmond Road
1002115,Student,occasional,23,30037,215.0,Budget,3,0.35,Quick Bites,13.6,0.06,Ulsoor
1002116,Food Explorer,regular,27,56881,496.0,Budget,1,0.7,Microbrewery,1.6,0.03,Jalahalli
1002117,Office Worker,regular,32,55821,480.0,Budget,2,0.2,Quick Bites,7.5,0.03,Indiranagar
1002118,Student,occasional,23,32585,277.0,Budget,1,0.35,Bakery,17.9,0.06,Thippasandra
1002119,Student,power_user,18,18613,218.0,Budget,1,0.35,Dessert Parlor,2.1,0.01,Brigade Road
1002120,Student,regular,18,21902,300.0,Budget,2,0.35,Cafe,0.5,0.03,BTM
1002121,Office Worker,regular,32,70775,441.0,Budget,1,0.2,Casual Dining,17.6,0.03,Frazer Town
1002122,Student,occasional,24,21432,367.0,Budget,1,0.35,Beverage Shop,2.7,0.06,Marathahalli
1002123,Office Worker,regular,39,80481,454.0,Budget,1,0.2,Delivery,3.9,0.03,Old Airport Road
1002124,Student,trial_only,21,19009,148.0,Budget,3,0.35,Food Court,40.1,0.15,Bannerghatta Road
1002125,Office Worker,trial_only,35,59530,489.0,Budget,3,0.2,Delivery,33.9,0.15,HSR
1002126,Office Worker,trial_only,31,60982,608.0,Mid-range,1,0.2,Casual Dining,12.1,0.15,Kalyan Nagar
1002127,Office Worker,regular,39,74661,453.0,Budget,1,0.2,Quick Bites,2.8,0.03,Jayanagar
1002128,Office Worker,occasional,33,50282,549.0,Mid-range,1,0.2,Quick Bites,12.6,0.06,Ulsoor
1002129,Student,power_user,24,16883,260.0,Budget,2,0.35,Beverage Shop,0.9,0.01,Indiranagar
1002130,Student,trial_only,20,18998,345.0,Budget,3,0.35,Beverage Shop,24.9,0.15,Jayanagar
1002131,Student,occasional,24,15811,240.0,Budget,1,0.35,Quick Bites,21.3,0.06,Koramangala 7th Block
1002132,Couple,regular,39,69561,1126.0,Premium,1,0.3,Cafe,3.6,0.03,Brigade Road
1002133,Food Explorer,regular,36,105540,540.0,Mid-range,2,0.7,Lounge,5.0,0.03,Magadi Road
1002134,Food Explorer,trial_only,22,67617,719.0,Mid-range,1,0.7,Food Truck,31.1,0.15,Koramangala 7th Block
1002135,Office Worker,trial_only,37,46201,368.0,Budget,1,0.2,Casual Dining,56.5,0.15,Koramangala 4th Block
1002136,Office Worker,occasional,25,78703,304.0,Budget,1,0.2,Food Court,16.4,0.06,Cunningham Road
1002137,Office Worker,occasional,39,77310,497.0,Budget,1,0.2,Casual Dining,7.2,0.06,BTM
1002138,Couple,occasional,28,74569,1330.0,Premium,1,0.3,Fine Dining,23.7,0.06,Nagawara
1002139,Couple,trial_only,42,80485,1234.0,Premium,2,0.3,Lounge,40.8,0.15,Jayanagar
1002140,Couple,occasional,37,132127,1480.0,Premium,3,0.3,Fine Dining,23.1,0.06,Lavelle Road
1002141,Couple,regular,32,77790,1139.0,Premium,2,0.3,Fine Dining,4.2,0.03,Koramangala 4th Block
1002142,Office Worker,occasional,39,81679,478.0,Budget,1,0.2,Cafe,26.3,0.06,Cunningham Road
1002143,Couple,trial_only,32,111768,1095.0,Premium,3,0.3,Microbrewery,15.7,0.15,Marathahalli
1002144,Couple,regular,25,116634,1122.0,Premium,3,0.3,Microbrewery,2.8,0.03,Cunningham Road
1002145,Office Worker,regular,24,62038,484.0,Budget,1,0.2,Cafe,12.4,0.03,Koramangala 3rd Block
1002146,Food Explorer,power_user,38,42454,1167.0,Premium,1,0.7,Club,2.4,0.01,Indiranagar
1002147,Student,regular,20,30614,359.0,Budget,2,0.35,Bakery,5.7,0.03,Ulsoor
1002148,Food Explorer,occasional,37,84883,737.0,Mid-range,2,0.7,Meat Shop,4.6,0.06,JP Nagar
1002149,Couple,regular,24,67285,1432.0,Premium,3,0.3,Fine Dining,2.4,0.03,MG Road
1002150,Student,occasional,18,30829,112.0,Budget,1,0.35,Cafe,6.2,0.06,Bommanahalli
1002151,Family,power_user,55,95217,864.0,Mid-range,1,0.15,Casual Dining,1.7,0.01,MG Road
1002152,Student,trial_only,19,19144,373.0,Budget,1,0.35,Bakery,17.5,0.15,Basavanagudi
1002153,Couple,trial_only,39,113913,1225.0,Premium,2,0.3,Cafe,4.1,0.15,Old Airport Road
1002154,Couple,occasional,31,78282,1187.0,Premium,4,0.3,Fine Dining,20.1,0.06,Kalyan Nagar
1002155,Family,occasional,38,60775,612.0,Mid-range,4,0.15,Cafe,37.3,0.06,Whitefield
1002156,Couple,regular,26,82138,1070.0,Premium,1,0.3,Cafe,2.1,0.03,MG Road
1002157,Student,trial_only,19,27079,233.0,Budget,1,0.35,Cafe,22.8,0.15,Bommanahalli
1002158,Office Worker,occasional,36,55385,550.0,Mid-range,1,0.2,Casual Dining,22.5,0.06,Frazer Town
1002159,Office Worker,regular,32,72743,600.0,Mid-range,2,0.2,Casual Dining,11.9,0.03,Whitefield
1002160,Student,trial_only,21,11754,455.0,Budget,2,0.35,Quick Bites,16.4,0.15,St. Marks Road
1002161,Office Worker,power_user,40,45450,365.0,Budget,1,0.2,Quick Bites,4.7,0.01,Bommanahalli
1002162,Office Worker,occasional,30,44261,383.0,Budget,1,0.2,Cafe,3.8,0.06,JP Nagar
1002163,Office Worker,regular,37,33844,375.0,Budget,1,0.2,Casual Dining,0.3,0.03,Marathahalli
1002164,Office Worker,occasional,36,68816,348.0,Budget,1,0.2,Food Court,8.5,0.06,HSR
1002165,Couple,power_user,34,71028,899.0,Mid-range,1,0.3,Cafe,7.9,0.01,Bommanahalli
1002166,Office Worker,power_user,28,58349,398.0,Budget,1,0.2,Quick Bites,2.4,0.01,Sarjapur Road
1002167,Couple,occasional,31,149048,1462.0,Premium,5,0.3,Fine Dining,49.3,0.06,Jayanagar
1002168,Office Worker,trial_only,38,44840,378.0,Budget,1,0.2,Quick Bites,8.1,0.15,Whitefield
1002169,Office Worker,regular,28,41683,555.0,Mid-range,1,0.2,Quick Bites,3.4,0.03,Koramangala 6th Block
1002170,Office Worker,occasional,34,85853,587.0,Mid-range,2,0.2,Cafe,19.7,0.06,Yeshwantpur
1002171,Office Worker,occasional,25,51444,479.0,Budget,2,0.2,Casual Dining,26.5,0.06,Electronic City
1002172,Office Worker,trial_only,29,47732,573.0,Mid-range,2,0.2,Casual Dining,33.5,0.15,Hosur Road
1002173,Office Worker,regular,39,73178,314.0,Budget,3,0.2,Cafe,3.8,0.03,Residency Road
1002174,Student,occasional,21,13233,255.0,Budget,2,0.35,Quick Bites,48.2,0.06,Malleshwaram
1002175,Office Worker,trial_only,37,52692,469.0,Budget,2,0.2,Quick Bites,21.6,0.15,Koramangala 5th Block
1002176,Family,regular,29,83922,845.0,Mid-range,2,0.15,Casual Dining,3.7,0.03,Koramangala 5th Block
1002177,Office Worker,regular,36,83507,593.0,Mid-range,1,0.2,Food Court,7.2,0.03,Residency Road
1002178,Couple,trial_only,45,79658,900.0,Mid-range,2,0.3,Cafe,41.9,0.15,Koramangala 5th Block
1002179,Office Worker,regular,39,64011,396.0,Budget,2,0.2,Casual Dining,3.4,0.03,Koramangala 6th Block
1002180,Food Explorer,regular,30,81805,579.0,Mid-range,2,0.7,Cafe,2.2,0.03,Brigade Road
1002181,Couple,regular,38,99273,1044.0,Premium,2,0.3,Fine Dining,10.7,0.03,Basavanagudi
1002182,Food Explorer,trial_only,39,45305,339.0,Budget,2,0.7,Club,1.1,0.15,Koramangala 6th Block
1002183,Couple,trial_only,41,76269,1057.0,Premium,2,0.3,Cafe,9.8,0.15,JP Nagar
1002184,Student,occasional,24,31374,280.0,Budget,1,0.35,Cafe,4.8,0.06,New BEL Road
1002185,Office Worker,occasional,23,62889,595.0,Mid-range,1,0.2,Cafe,7.2,0.06,New BEL Road
1002186,Student,regular,21,31937,218.0,Budget,2,0.35,Cafe,10.3,0.03,BTM
1002187,Couple,power_user,41,105946,1445.0,Premium,1,0.3,Fine Dining,4.9,0.01,Koramangala 7th Block
1002188,Family,regular,46,98202,1054.0,Premium,3,0.15,Food Court,5.3,0.03,BTM
1002189,Office Worker,regular,25,50723,399.0,Budget,1,0.2,Quick Bites,13.7,0.03,HSR
1002190,Food Explorer,regular,32,102025,665.0,Mid-range,2,0.7,Fine Dining,16.8,0.03,BTM
1002191,Student,occasional,19,15943,346.0,Budget,3,0.35,Quick Bites,9.9,0.06,Brookefield
1002192,Family,regular,23,131963,882.0,Mid-range,3,0.15,Fine Dining,8.5,0.03,Koramangala 6th Block
1002193,Family,power_user,24,172281,816.0,Mid-range,2,0.15,Casual Dining,1.2,0.01,Brigade Road
1002194,Student,regular,24,31136,246.0,Budget,2,0.35,Dessert Parlor,0.8,0.03,JP Nagar
1002195,Family,regular,29,106483,932.0,Mid-range,5,0.15,Casual Dining,5.3,0.03,BTM
1002196,Couple,regular,34,77696,1088.0,Premium,4,0.3,Cafe,6.4,0.03,JP Nagar
1002197,Student,regular,19,25541,302.0,Budget,1,0.35,Food Court,8.0,0.03,Indiranagar
1002198,Office Worker,regular,39,66614,468.0,Budget,3,0.2,Quick Bites,5.3,0.03,Domlur
1002199,Office Worker,occasional,39,73350,536.0,Mid-range,1,0.2,Quick Bites,2.6,0.06,HSR
1002200,Family,occasional,43,68723,1186.0,Premium,3,0.15,Dessert Parlor,8.5,0.06,JP Nagar
1002201,Student,trial_only,23,23498,241.0,Budget,1,0.35,Dessert Parlor,51.6,0.15,HSR
1002202,Food Explorer,occasional,23,40756,613.0,Mid-range,2,0.7,Quick Bites,3.0,0.06,New BEL Road
1002203,Couple,occasional,45,149099,755.0,Mid-range,3,0.3,Cafe,11.1,0.06,HSR
1002204,Student,trial_only,20,31868,419.0,Budget,2,0.35,Quick Bites,15.5,0.15,HSR
1002205,Office Worker,occasional,30,74388,454.0,Budget,1,0.2,Casual Dining,9.1,0.06,Brigade Road
1002206,Family,occasional,27,95346,740.0,Mid-range,6,0.15,Casual Dining,23.4,0.06,Brigade Road
1002207,Family,regular,51,149564,810.0,Mid-range,4,0.15,Cafe,19.6,0.03,Bellandur
1002208,Office Worker,regular,26,56725,460.0,Budget,1,0.2,Quick Bites,3.2,0.03,Cunningham Road
1002209,Student,regular,24,26224,241.0,Budget,1,0.35,Quick Bites,1.7,0.03,Koramangala 6th Block
1002210,Student,regular,23,15794,395.0,Budget,2,0.35,Cafe,2.4,0.03,BTM
1002211,Food Explorer,occasional,36,77973,761.0,Mid-range,1,0.7,Confectionery,4.9,0.06,Indiranagar
1002212,Office Worker,power_user,23,82609,528.0,Mid-range,1,0.2,Quick Bites,2.3,0.01,New BEL Road
1002213,Couple,occasional,40,68981,996.0,Mid-range,2,0.3,Cafe,23.1,0.06,HSR
1002214,Office Worker,trial_only,40,53072,377.0,Budget,1,0.2,Casual Dining,17.1,0.15,Shivajinagar
1002215,Food Explorer,occasional,29,63327,572.0,Mid-range,1,0.7,Fine Dining,5.8,0.06,Brigade Road
1002216,Student,power_user,21,14478,364.0,Budget,1,0.35,Cafe,4.7,0.01,Jayanagar
1002217,Student,regular,18,19930,340.0,Budget,1,0.35,Cafe,1.6,0.03,JP Nagar
1002218,Food Explorer,regular,31,88640,406.0,Budget,2,0.7,Irani Cafe,5.6,0.03,Jayanagar
1002219,Food Explorer,trial_only,34,44381,767.0,Mid-range,1,0.7,Bhojanalya,34.3,0.15,BTM
1002220,Office Worker,occasional,28,42328,353.0,Budget,1,0.2,Quick Bites,4.4,0.06,Koramangala 6th Block
1002221,Office Worker,occasional,36,79031,384.0,Budget,1,0.2,Food Court,12.0,0.06,Whitefield
1002222,Office Worker,occasional,24,45641,466.0,Budget,1,0.2,Quick Bites,23.4,0.06,Old Airport Road
1002223,Office Worker,occasional,35,50145,333.0,Budget,2,0.2,Delivery,8.2,0.06,HSR
1002224,Student,occasional,22,26820,223.0,Budget,2,0.35,Quick Bites,17.5,0.06,Electronic City
1002225,Couple,power_user,29,124641,1666.0,Premium,3,0.3,Lounge,0.5,0.01,Basavanagudi
1002226,Office Worker,regular,29,87554,587.0,Mid-range,1,0.2,Cafe,2.8,0.03,Brookefield
1002227,Family,power_user,28,79058,1258.0,Premium,2,0.15,Casual Dining,0.9,0.01,JP Nagar
1002228,Student,occasional,22,28871,336.0,Budget,1,0.35,Quick Bites,9.7,0.06,Hennur
1002229,Student,trial_only,22,28094,352.0,Budget,2,0.35,Bakery,11.3,0.15,Seshadripuram
1002230,Family,occasional,40,74897,769.0,Mid-range,3,0.15,Cafe,32.7,0.06,Bannerghatta Road
1002231,Office Worker,occasional,26,82596,415.0,Budget,1,0.2,Cafe,14.9,0.06,Electronic City
1002232,Family,trial_only,27,97507,974.0,Mid-range,2,0.15,Dessert Parlor,8.3,0.15,Jayanagar
1002233,Student,regular,23,20577,409.0,Budget,2,0.35,Quick Bites,3.6,0.03,Bannerghatta Road
1002234,Food Explorer,power_user,30,103709,797.0,Mid-range,1,0.7,Mess,1.6,0.01,Kammanahalli
1002235,Family,trial_only,35,122879,632.0,Mid-range,1,0.15,Food Court,47.4,0.15,Brigade Road
1002236,Couple,trial_only,30,77515,1317.0,Premium,2,0.3,Microbrewery,32.4,0.15,Commercial Street
1002237,Student,occasional,24,18048,238.0,Budget,1,0.35,Quick Bites,11.5,0.06,Bannerghatta Road
1002238,Office Worker,regular,27,74404,418.0,Budget,2,0.2,Delivery,7.8,0.03,Richmond Road
1002239,Office Worker,trial_only,36,40996,614.0,Mid-range,1,0.2,Quick Bites,51.8,0.15,Basavanagudi
1002240,Office Worker,occasional,36,58308,330.0,Budget,1,0.2,Cafe,47.0,0.06,Jayanagar
1002241,Office Worker,occasional,27,74847,667.0,Mid-range,1,0.2,Cafe,37.0,0.06,Vasanth Nagar
1002242,Student,regular,18,32111,344.0,Budget,1,0.35,Cafe,6.0,0.03,Brigade Road
1002243,Office Worker,occasional,27,79564,403.0,Budget,1,0.2,Casual Dining,9.0,0.06,Brigade Road
1002244,Office Worker,trial_only,27,51549,457.0,Budget,2,0.2,Quick Bites,29.8,0.15,BTM
1002245,Office Worker,trial_only,36,41921,382.0,Budget,1,0.2,Casual Dining,41.6,0.15,Shivajinagar
1002246,Student,occasional,21,33365,256.0,Budget,1,0.35,Quick Bites,6.9,0.06,Ulsoor
1002247,Office Worker,occasional,30,65845,457.0,Budget,1,0.2,Casual Dining,13.5,0.06,JP Nagar
1002248,Family,occasional,37,108892,734.0,Mid-range,3,0.15,Fine Dining,15.3,0.06,Indiranagar
1002249,Office Worker,occasional,40,84118,357.0,Budget,2,0.2,Casual Dining,33.3,0.06,Marathahalli
1002250,Office Worker,regular,39,73574,428.0,Budget,1,0.2,Casual Dining,2.7,0.03,Shanti Nagar
1002251,Office Worker,power_user,23,58590,319.0,Budget,2,0.2,Cafe,0.5,0.01,Rajajinagar
1002252,Couple,regular,42,69519,818.0,Mid-range,1,0.3,Cafe,1.1,0.03,Koramangala 7th Block
1002253,Office Worker,occasional,29,34899,322.0,Budget,1,0.2,Delivery,23.8,0.06,New BEL Road
1002254,Family,power_user,47,123695,1134.0,Premium,6,0.15,Casual Dining,5.8,0.01,Koramangala 6th Block
1002255,Food Explorer,power_user,40,49152,701.0,Mid-range,1,0.7,Cafe,1.7,0.01,Koramangala 5th Block
1002256,Office Worker,trial_only,32,48608,510.0,Mid-range,1,0.2,Quick Bites,41.6,0.15,JP Nagar
1002257,Food Explorer,occasional,33,94509,603.0,Mid-range,1,0.7,Pop Up,26.6,0.06,Jayanagar
1002258,Couple,power_user,33,51272,1352.0,Premium,2,0.3,Fine Dining,3.1,0.01,JP Nagar
1002259,Student,regular,18,34736,394.0,Budget,2,0.35,Quick Bites,19.6,0.03,St. Marks Road
1002260,Office Worker,occasional,23,56236,491.0,Budget,2,0.2,Food Court,10.5,0.06,Koramangala 5th Block
1002261,Family,regular,32,164421,1128.0,Premium,2,0.15,Fine Dining,9.4,0.03,BTM
1002262,Food Explorer,occasional,37,53799,591.0,Mid-range,2,0.7,Kiosk,0.3,0.06,Shanti Nagar
1002263,Office Worker,occasional,29,57644,510.0,Mid-range,1,0.2,Quick Bites,35.5,0.06,HSR
1002264,Student,regular,21,33965,356.0,Budget,2,0.35,Quick Bites,6.5,0.03,BTM
1002265,Family,occasional,39,135879,614.0,Mid-range,1,0.15,Casual Dining,15.2,0.06,Kalyan Nagar
1002266,Student,regular,20,30215,303.0,Budget,1,0.35,Quick Bites,9.6,0.03,Koramangala 5th Block
1002267,Couple,occasional,34,118506,648.0,Mid-range,3,0.3,Pub,25.3,0.06,Bannerghatta Road
1002268,Office Worker,regular,33,74372,437.0,Budget,1,0.2,Quick Bites,5.4,0.03,Jayanagar
1002269,Family,power_user,50,103724,744.0,Mid-range,5,0.15,Casual Dining,4.8,0.01,Infantry Road
1002270,Couple,regular,40,95333,1098.0,Premium,3,0.3,Fine Dining,4.6,0.03,BTM
1002271,Family,trial_only,49,65938,718.0,Mid-range,3,0.15,Fine Dining,59.9,0.15,BTM
1002272,Family,regular,38,91092,902.0,Mid-range,3,0.15,Casual Dining,9.9,0.03,New BEL Road
1002273,Couple,regular,39,56451,934.0,Mid-range,2,0.3,Cafe,2.3,0.03,Jayanagar
1002274,Couple,regular,27,82436,1758.0,Premium,3,0.3,Cafe,2.2,0.03,Koramangala 6th Block
1002275,Couple,occasional,27,122585,1370.0,Premium,1,0.3,Pub,25.0,0.06,BTM
1002276,Student,regular,24,15109,236.0,Budget,2,0.35,Dessert Parlor,0.8,0.03,Sanjay Nagar
1002277,Family,trial_only,41,117423,929.0,Mid-range,2,0.15,Fine Dining,20.1,0.15,MG Road
1002278,Student,occasional,18,23797,380.0,Budget,1,0.35,Dessert Parlor,22.4,0.06,MG Road
1002279,Couple,occasional,32,66380,1311.0,Premium,1,0.3,Pub,7.5,0.06,Residency Road
1002280,Family,occasional,54,157353,599.0,Mid-range,2,0.15,Casual Dining,14.0,0.06,Marathahalli
1002281,Office Worker,power_user,23,76273,674.0,Mid-range,1,0.2,Cafe,1.4,0.01,Bannerghatta Road
1002282,Student,trial_only,21,14685,351.0,Budget,1,0.35,Quick Bites,9.3,0.15,Bellandur
1002283,Office Worker,trial_only,38,32171,325.0,Budget,1,0.2,Food Court,56.8,0.15,Kammanahalli
1002284,Family,regular,54,60545,842.0,Mid-range,6,0.15,Fine Dining,2.6,0.03,BTM
1002285,Student,occasional,20,17323,282.0,Budget,1,0.35,Dessert Parlor,6.7,0.06,Indiranagar
1002286,Student,regular,24,13140,301.0,Budget,3,0.35,Cafe,4.4,0.03,New BEL Road
1002287,Couple,occasional,39,51743,842.0,Mid-range,2,0.3,Fine Dining,9.9,0.06,BTM
1002288,Couple,occasional,32,96093,1216.0,Premium,4,0.3,Lounge,10.8,0.06,Seshadripuram
1002289,Student,trial_only,23,23125,233.0,Budget,1,0.35,Quick Bites,54.7,0.15,Koramangala 6th Block
1002290,Office Worker,regular,37,31115,415.0,Budget,1,0.2,Casual Dining,6.8,0.03,HSR
1002291,Food Explorer,occasional,27,87892,697.0,Mid-range,1,0.7,Bakery,8.1,0.06,JP Nagar
1002292,Family,occasional,23,108392,705.0,Mid-range,5,0.15,Cafe,10.7,0.06,JP Nagar
1002293,Family,regular,48,84040,742.0,Mid-range,2,0.15,Casual Dining,8.5,0.03,Koramangala 5th Block
1002294,Office Worker,occasional,24,36669,532.0,Mid-range,1,0.2,Cafe,1.1,0.06,Brigade Road
1002295,Office Worker,occasional,37,75550,361.0,Budget,1,0.2,Delivery,9.7,0.06,Rajajinagar
1002296,Student,occasional,20,12694,248.0,Budget,1,0.35,Dessert Parlor,31.5,0.06,Koramangala 5th Block
1002297,Family,trial_only,45,84059,549.0,Mid-range,3,0.15,Casual Dining,24.0,0.15,BTM
1002298,Student,power_user,22,27815,234.0,Budget,1,0.35,Cafe,2.6,0.01,BTM
1002299,Student,regular,18,25741,310.0,Budget,2,0.35,Cafe,4.9,0.03,HSR
1002300,Family,regular,20,179940,928.0,Mid-range,3,0.15,Casual Dining,12.9,0.03,JP Nagar
1002301,Food Explorer,regular,33,43234,398.0,Budget,1,0.7,Microbrewery,15.9,0.03,Bannerghatta Road
1002302,Couple,occasional,35,69448,1383.0,Premium,2,0.3,Microbrewery,0.5,0.06,Residency Road
1002303,Office Worker,trial_only,23,69697,461.0,Budget,2,0.2,Cafe,79.6,0.15,BTM
1002304,Office Worker,regular,40,43775,312.0,Budget,1,0.2,Delivery,1.7,0.03,Indiranagar
1002305,Office Worker,occasional,27,52858,467.0,Budget,1,0.2,Delivery,22.7,0.06,BTM
1002306,Office Worker,regular,38,47785,569.0,Mid-range,1,0.2,Casual Dining,10.7,0.03,Sahakara Nagar
1002307,Office Worker,regular,25,78502,261.0,Budget,2,0.2,Casual Dining,2.1,0.03,Richmond Road
1002308,Office Worker,trial_only,27,77107,651.0,Mid-range,2,0.2,Casual Dining,19.8,0.15,JP Nagar
1002309,Family,occasional,39,156696,678.0,Mid-range,7,0.15,Casual Dining,14.6,0.06,HSR
1002310,Couple,regular,35,100589,705.0,Mid-range,1,0.3,Cafe,19.2,0.03,Indiranagar
1002311,Food Explorer,trial_only,33,79019,635.0,Mid-range,1,0.7,Bakery,28.1,0.15,Basavanagudi
1002312,Student,occasional,19,24267,366.0,Budget,1,0.35,Cafe,15.7,0.06,Mysore Road
1002313,Office Worker,regular,27,34038,422.0,Budget,1,0.2,Casual Dining,12.2,0.03,Whitefield
1002314,Student,occasional,19,23663,325.0,Budget,2,0.35,Quick Bites,7.2,0.06,Rajajinagar
1002315,Office Worker,occasional,30,46596,662.0,Mid-range,2,0.2,Quick Bites,6.4,0.06,Lavelle Road
1002316,Office Worker,regular,39,86243,471.0,Budget,1,0.2,Cafe,9.5,0.03,Kalyan Nagar
1002317,Student,trial_only,21,14604,539.0,Mid-range,1,0.35,Cafe,33.5,0.15,Brigade Road
1002318,Couple,occasional,45,53485,1579.0,Premium,4,0.3,Lounge,9.7,0.06,Bommanahalli
1002319,Office Worker,occasional,27,87806,455.0,Budget,1,0.2,Quick Bites,25.5,0.06,MG Road
1002320,Food Explorer,trial_only,26,52633,673.0,Mid-range,2,0.7,Irani Cafe,69.3,0.15,Brigade Road
1002321,Student,occasional,18,22937,274.0,Budget,1,0.35,Quick Bites,25.2,0.06,Ulsoor
1002322,Student,regular,19,19553,320.0,Budget,1,0.35,Beverage Shop,4.3,0.03,Banaswadi
1002323,Office Worker,regular,28,46158,506.0,Mid-range,1,0.2,Food Court,6.2,0.03,HSR
1002324,Student,regular,20,22201,268.0,Budget,2,0.35,Quick Bites,3.4,0.03,Lavelle Road
1002325,Office Worker,regular,35,73946,312.0,Budget,1,0.2,Quick Bites,14.8,0.03,Shivajinagar
1002326,Food Explorer,regular,30,49115,930.0,Mid-range,1,0.7,Bhojanalya,6.0,0.03,Jayanagar
1002327,Student,occasional,22,26539,378.0,Budget,1,0.35,Quick Bites,2.7,0.06,BTM
1002328,Student,regular,18,32330,187.0,Budget,2,0.35,Cafe,9.2,0.03,New BEL Road
1002329,Family,regular,54,94830,834.0,Mid-range,6,0.15,Casual Dining,6.3,0.03,Old Airport Road
1002330,Office Worker,occasional,25,70672,553.0,Mid-range,1,0.2,Quick Bites,11.9,0.06,Sarjapur Road
1002331,Family,regular,21,170440,985.0,Mid-range,3,0.15,Casual Dining,1.4,0.03,Residency Road
1002332,Office Worker,occasional,30,85935,381.0,Budget,1,0.2,Cafe,7.2,0.06,Banaswadi
1002333,Couple,occasional,38,114792,1495.0,Premium,3,0.3,Cafe,14.3,0.06,Indiranagar
1002334,Student,regular,19,33520,301.0,Budget,1,0.35,Quick Bites,10.5,0.03,HSR
1002335,Office Worker,power_user,25,76636,489.0,Budget,1,0.2,Quick Bites,3.5,0.01,Old Airport Road
1002336,Family,occasional,50,121504,616.0,Mid-range,3,0.15,Casual Dining,6.2,0.06,Whitefield
1002337,Couple,power_user,42,62582,100.0,Budget,2,0.3,Cafe,1.7,0.01,Bellandur
1002338,Office Worker,occasional,36,81181,372.0,Budget,1,0.2,Cafe,5.6,0.06,Old Airport Road
1002339,Family,occasional,27,94393,907.0,Mid-range,2,0.15,Food Court,10.4,0.06,Indiranagar
1002340,Student,occasional,21,28419,284.0,Budget,2,0.35,Quick Bites,21.8,0.06,Bannerghatta Road
1002341,Student,regular,22,26122,352.0,Budget,1,0.35,Quick Bites,4.0,0.03,BTM
1002342,Student,trial_only,21,19013,388.0,Budget,3,0.35,Quick Bites,20.3,0.15,BTM
1002343,Family,regular,26,152962,734.0,Mid-range,4,0.15,Casual Dining,5.7,0.03,MG Road
1002344,Office Worker,trial_only,37,69441,407.0,Budget,1,0.2,Delivery,7.2,0.15,Basaveshwara Nagar
1002345,Family,trial_only,53,149458,363.0,Budget,5,0.15,Fine Dining,29.5,0.15,HSR
1002346,Student,regular,19,33819,176.0,Budget,1,0.35,Quick Bites,6.4,0.03,Vasanth Nagar
1002347,Couple,regular,39,77483,798.0,Mid-range,2,0.3,Cafe,6.5,0.03,HSR
1002348,Couple,regular,43,126401,1367.0,Premium,1,0.3,Cafe,2.6,0.03,Ejipura
1002349,Student,trial_only,21,10992,274.0,Budget,2,0.35,Quick Bites,78.0,0.15,Ejipura
1002350,Student,regular,18,27736,257.0,Budget,1,0.35,Dessert Parlor,19.0,0.03,BTM
1002351,Student,trial_only,22,13887,248.0,Budget,2,0.35,Dessert Parlor,20.0,0.15,Jayanagar
1002352,Couple,occasional,44,72187,966.0,Mid-range,3,0.3,Cafe,1.9,0.06,JP Nagar
1002353,Student,occasional,19,14890,374.0,Budget,1,0.35,Quick Bites,0.5,0.06,CV Raman Nagar
1002354,Office Worker,occasional,25,79868,459.0,Budget,1,0.2,Delivery,5.0,0.06,Indiranagar
1002355,Office Worker,regular,27,52431,549.0,Mid-range,2,0.2,Casual Dining,2.5,0.03,Koramangala 6th Block
1002356,Couple,regular,41,88966,542.0,Mid-range,3,0.3,Cafe,5.0,0.03,Bannerghatta Road
1002357,Office Worker,trial_only,33,51682,503.0,Mid-range,1,0.2,Cafe,14.3,0.15,Koramangala 7th Block
1002358,Office Worker,regular,23,67445,402.0,Budget,1,0.2,Delivery,4.0,0.03,Kalyan Nagar
1002359,Food Explorer,trial_only,33,113279,530.0,Mid-range,1,0.7,Delivery,51.1,0.15,Marathahalli
1002360,Student,trial_only,23,26943,408.0,Budget,1,0.35,Dessert Parlor,15.8,0.15,Commercial Street
1002361,Couple,power_user,28,60123,1083.0,Premium,4,0.3,Pub,6.4,0.01,JP Nagar
1002362,Student,occasional,22,22881,339.0,Budget,2,0.35,Quick Bites,12.6,0.06,Domlur
1002363,Office Worker,regular,27,36454,348.0,Budget,1,0.2,Food Court,6.2,0.03,Koramangala 6th Block
1002364,Couple,occasional,24,66558,1211.0,Premium,1,0.3,Fine Dining,22.7,0.06,Bommanahalli
1002365,Family,trial_only,34,83602,482.0,Budget,4,0.15,Casual Dining,51.2,0.15,Shanti Nagar
1002366,Family,trial_only,47,143695,789.0,Mid-range,2,0.15,Cafe,34.4,0.15,Brookefield
1002367,Office Worker,trial_only,35,82530,489.0,Budget,1,0.2,Quick Bites,25.0,0.15,Jayanagar
1002368,Office Worker,regular,24,44834,561.0,Mid-range,1,0.2,Quick Bites,4.1,0.03,JP Nagar
1002369,Office Worker,occasional,26,86533,368.0,Budget,1,0.2,Cafe,2.1,0.06,Koramangala 8th Block
1002370,Office Worker,regular,32,45922,397.0,Budget,1,0.2,Casual Dining,11.1,0.03,Koramangala 5th Block
1002371,Office Worker,trial_only,28,48429,386.0,Budget,1,0.2,Quick Bites,38.9,0.15,BTM
1002372,Office Worker,regular,28,37607,425.0,Budget,1,0.2,Delivery,4.0,0.03,Shanti Nagar
1002373,Office Worker,regular,30,32802,354.0,Budget,1,0.2,Quick Bites,3.7,0.03,Church Street
1002374,Office Worker,power_user,36,67197,234.0,Budget,1,0.2,Quick Bites,5.3,0.01,Jeevan Bhima Nagar
1002375,Office Worker,regular,33,54448,346.0,Budget,1,0.2,Cafe,0.2,0.03,Residency Road
1002376,Student,regular,23,12935,296.0,Budget,1,0.35,Dessert Parlor,5.9,0.03,Shanti Nagar
1002377,Couple,power_user,26,106470,1156.0,Premium,3,0.3,Fine Dining,2.2,0.01,HSR
1002378,Family,trial_only,36,101426,910.0,Mid-range,5,0.15,Casual Dining,47.8,0.15,Ulsoor
1002379,Student,occasional,21,19821,367.0,Budget,1,0.35,Food Court,19.2,0.06,Jeevan Bhima Nagar
1002380,Family,regular,47,166743,710.0,Mid-range,3,0.15,Casual Dining,2.1,0.03,Koramangala 8th Block
1002381,Couple,occasional,35,90349,724.0,Mid-range,1,0.3,Fine Dining,7.7,0.06,St. Marks Road
1002382,Student,regular,24,21327,332.0,Budget,4,0.35,Cafe,6.5,0.03,Frazer Town
1002383,Student,occasional,23,27182,299.0,Budget,3,0.35,Food Court,8.0,0.06,Marathahalli
1002384,Student,regular,22,32363,279.0,Budget,3,0.35,Dessert Parlor,1.8,0.03,Koramangala 5th Block
1002385,Student,occasional,20,28455,398.0,Budget,2,0.35,Quick Bites,5.1,0.06,BTM
1002386,Couple,regular,31,99272,1335.0,Premium,2,0.3,Lounge,16.5,0.03,BTM
1002387,Food Explorer,regular,32,64451,631.0,Mid-range,1,0.7,Kiosk,4.1,0.03,Koramangala 5th Block
1002388,Student,occasional,21,14471,313.0,Budget,2,0.35,Dessert Parlor,16.2,0.06,Koramangala 6th Block
1002389,Family,occasional,21,74836,970.0,Mid-range,2,0.15,Casual Dining,1.5,0.06,BTM
1002390,Student,occasional,19,28973,245.0,Budget,1,0.35,Food Court,21.8,0.06,Koramangala 5th Block
1002391,Family,regular,50,148430,624.0,Mid-range,2,0.15,Cafe,7.8,0.03,Jayanagar
1002392,Couple,occasional,34,85345,1130.0,Premium,5,0.3,Pub,23.1,0.06,Banashankari
1002393,Office Worker,occasional,40,86324,332.0,Budget,1,0.2,Delivery,3.5,0.06,Cunningham Road
1002394,Student,power_user,19,34161,296.0,Budget,1,0.35,Quick Bites,8.1,0.01,Bannerghatta Road
1002395,Family,power_user,54,134491,819.0,Mid-range,7,0.15,Cafe,5.6,0.01,Jayanagar
1002396,Food Explorer,regular,37,60970,583.0,Mid-range,1,0.7,Meat Shop,1.6,0.03,Brigade Road
1002397,Office Worker,regular,29,60393,414.0,Budget,2,0.2,Cafe,3.6,0.03,Koramangala 4th Block
1002398,Student,regular,22,30554,432.0,Budget,1,0.35,Quick Bites,7.8,0.03,Jayanagar
1002399,Student,power_user,24,22673,375.0,Budget,1,0.35,Quick Bites,0.7,0.01,MG Road
1002400,Family,occasional,42,119263,781.0,Mid-range,4,0.15,Fine Dining,34.3,0.06,Bannerghatta Road
1002401,Family,occasional,53,123918,819.0,Mid-range,1,0.15,Casual Dining,20.9,0.06,Koramangala 5th Block
1002402,Couple,occasional,26,134214,1613.0,Premium,2,0.3,Microbrewery,7.9,0.06,Shivajinagar
1002403,Couple,occasional,27,91068,1025.0,Premium,2,0.3,Fine Dining,19.2,0.06,JP Nagar
1002404,Couple,regular,24,68303,910.0,Mid-range,1,0.3,Fine Dining,3.8,0.03,Kammanahalli
1002405,Couple,trial_only,31,101377,1268.0,Premium,1,0.3,Cafe,71.6,0.15,Sarjapur Road
1002406,Student,occasional,23,25842,333.0,Budget,2,0.35,Quick Bites,13.8,0.06,Brookefield
1002407,Family,occasional,54,172165,898.0,Mid-range,2,0.15,Casual Dining,16.1,0.06,BTM
1002408,Office Worker,regular,32,36791,533.0,Mid-range,1,0.2,Quick Bites,2.4,0.03,JP Nagar
1002409,Office Worker,occasional,30,86560,377.0,Budget,1,0.2,Casual Dining,9.4,0.06,Bellandur
1002410,Food Explorer,occasional,39,104442,248.0,Budget,1,0.7,Mess,26.1,0.06,Domlur
1002411,Family,occasional,41,145256,683.0,Mid-range,4,0.15,Dessert Parlor,10.1,0.06,HSR
1002412,Food Explorer,occasional,32,58852,745.0,Mid-range,1,0.7,Lounge,4.8,0.06,Koramangala 6th Block
1002413,Office Worker,trial_only,24,42382,358.0,Budget,1,0.2,Casual Dining,6.7,0.15,Shanti Nagar
1002414,Office Worker,trial_only,26,55654,257.0,Budget,1,0.2,Quick Bites,29.8,0.15,BTM
1002415,Office Worker,occasional,35,40953,464.0,Budget,1,0.2,Delivery,2.4,0.06,BTM
1002416,Student,trial_only,22,26400,255.0,Budget,1,0.35,Quick Bites,2.2,0.15,Bannerghatta Road
1002417,Student,trial_only,21,28808,162.0,Budget,1,0.35,Dessert Parlor,30.7,0.15,BTM
1002418,Office Worker,power_user,35,58693,457.0,Budget,1,0.2,Cafe,0.2,0.01,BTM
1002419,Student,occasional,22,27294,269.0,Budget,1,0.35,Quick Bites,13.8,0.06,JP Nagar
1002420,Food Explorer,regular,23,102312,1019.0,Premium,2,0.7,Lounge,5.7,0.03,Koramangala 1st Block
1002421,Student,regular,23,32822,307.0,Budget,1,0.35,Food Court,3.6,0.03,Jayanagar
1002422,Student,regular,22,27204,347.0,Budget,2,0.35,Dessert Parlor,5.5,0.03,"ITPL Main Road, Whitefield"
1002423,Couple,occasional,28,73372,1195.0,Premium,2,0.3,Fine Dining,18.1,0.06,Bellandur
1002424,Student,power_user,19,13260,252.0,Budget,2,0.35,Cafe,6.2,0.01,Sarjapur Road
1002425,Food Explorer,regular,40,115230,478.0,Budget,1,0.7,Bhojanalya,4.8,0.03,Marathahalli
1002426,Family,power_user,29,152816,1016.0,Premium,5,0.15,Casual Dining,2.8,0.01,HSR
1002427,Student,occasional,18,31235,360.0,Budget,1,0.35,Bakery,4.5,0.06,Bannerghatta Road
1002428,Family,trial_only,21,110818,502.0,Mid-range,1,0.15,Casual Dining,27.5,0.15,Electronic City
1002429,Family,trial_only,28,78900,550.0,Mid-range,1,0.15,Casual Dining,21.4,0.15,Hennur
1002430,Couple,regular,37,109776,842.0,Mid-range,2,0.3,Fine Dining,7.7,0.03,Commercial Street
1002431,Couple,regular,34,113972,1518.0,Premium,1,0.3,Fine Dining,1.9,0.03,BTM
1002432,Family,trial_only,46,85989,454.0,Budget,3,0.15,Casual Dining,84.3,0.15,Whitefield
1002433,Family,regular,28,116388,957.0,Mid-range,3,0.15,Casual Dining,4.0,0.03,Sarjapur Road
1002434,Office Worker,trial_only,27,55385,490.0,Budget,1,0.2,Casual Dining,29.5,0.15,Malleshwaram
1002435,Family,occasional,34,91154,829.0,Mid-range,4,0.15,Dessert Parlor,0.6,0.06,Bellandur
1002436,Food Explorer,occasional,37,105373,482.0,Budget,1,0.7,Club,12.3,0.06,Frazer Town
1002437,Family,power_user,38,118288,1038.0,Premium,7,0.15,Casual Dining,3.1,0.01,Frazer Town
1002438,Family,power_user,47,171152,823.0,Mid-range,3,0.15,Cafe,4.9,0.01,Frazer Town
1002439,Office Worker,occasional,24,30081,306.0,Budget,2,0.2,Quick Bites,16.4,0.06,Whitefield
1002440,Couple,regular,33,143870,837.0,Mid-range,2,0.3,Pub,15.4,0.03,BTM
1002441,Food Explorer,trial_only,30,92933,189.0,Budget,1,0.7,Food Truck,51.5,0.15,Koramangala 5th Block
1002442,Student,occasional,18,27502,396.0,Budget,1,0.35,Cafe,3.1,0.06,Jayanagar
1002443,Student,regular,20,17195,414.0,Budget,1,0.35,Quick Bites,15.8,0.03,Bellandur
1002444,Office Worker,regular,28,34734,559.0,Mid-range,1,0.2,Quick Bites,4.4,0.03,BTM
1002445,Office Worker,occasional,31,43886,436.0,Budget,1,0.2,Delivery,11.8,0.06,Richmond Road
1002446,Family,regular,25,113116,515.0,Mid-range,2,0.15,Casual Dining,1.2,0.03,HSR
1002447,Student,occasional,19,18448,216.0,Budget,1,0.35,Cafe,23.4,0.06,Indiranagar
1002448,Office Worker,occasional,40,41584,351.0,Budget,1,0.2,Casual Dining,10.3,0.06,Jayanagar
1002449,Family,trial_only,25,61519,791.0,Mid-range,4,0.15,Casual Dining,21.6,0.15,Sarjapur Road
1002450,Family,regular,49,143714,1077.0,Premium,3,0.15,Cafe,6.0,0.03,Basavanagudi
1002451,Family,regular,39,140033,1077.0,Premium,4,0.15,Fine Dining,9.9,0.03,Indiranagar
1002452,Family,trial_only,22,79364,702.0,Mid-range,6,0.15,Dessert Parlor,62.4,0.15,Shanti Nagar
1002453,Family,occasional,34,153980,353.0,Budget,3,0.15,Casual Dining,2.4,0.06,Jayanagar
1002454,Couple,occasional,35,147758,850.0,Mid-range,4,0.3,Cafe,9.1,0.06,Rajajinagar
1002455,Family,occasional,29,179979,1038.0,Premium,3,0.15,Casual Dining,5.2,0.06,Koramangala 5th Block
1002456,Office Worker,trial_only,27,41672,473.0,Budget,1,0.2,Casual Dining,48.5,0.15,Marathahalli
1002457,Family,regular,45,111263,729.0,Mid-range,2,0.15,Dessert Parlor,9.2,0.03,Sarjapur Road
1002458,Student,regular,18,11317,266.0,Budget,3,0.35,Cafe,7.6,0.03,Brigade Road
1002459,Office Worker,occasional,39,30739,375.0,Budget,1,0.2,Quick Bites,11.1,0.06,Marathahalli
1002460,Office Worker,regular,28,80613,330.0,Budget,1,0.2,Quick Bites,10.0,0.03,JP Nagar
1002461,Couple,trial_only,32,146806,1822.0,Premium,2,0.3,Fine Dining,27.6,0.15,Brigade Road
1002462,Family,regular,24,84272,1144.0,Premium,2,0.15,Casual Dining,8.3,0.03,BTM
1002463,Student,regular,24,21593,234.0,Budget,1,0.35,Quick Bites,13.6,0.03,Bannerghatta Road
1002464,Family,power_user,28,62881,449.0,Budget,7,0.15,Fine Dining,3.6,0.01,BTM
1002465,Student,trial_only,23,30394,314.0,Budget,1,0.35,Dessert Parlor,21.5,0.15,Bellandur
1002466,Family,occasional,31,125769,771.0,Mid-range,1,0.15,Casual Dining,6.5,0.06,Infantry Road
1002467,Couple,regular,24,79214,1388.0,Premium,5,0.3,Fine Dining,3.0,0.03,Koramangala 1st Block
1002468,Family,regular,34,176309,971.0,Mid-range,3,0.15,Fine Dining,3.9,0.03,Sarjapur Road
1002469,Family,regular,38,76320,566.0,Mid-range,3,0.15,Fine Dining,7.5,0.03,Brigade Road
1002470,Office Worker,regular,31,46050,578.0,Mid-range,1,0.2,Quick Bites,14.4,0.03,JP Nagar
1002471,Office Worker,occasional,40,74864,415.0,Budget,2,0.2,Cafe,5.7,0.06,HSR
1002472,Couple,regular,35,90872,1382.0,Premium,1,0.3,Fine Dining,13.1,0.03,Jayanagar
1002473,Family,regular,48,144065,748.0,Mid-range,4,0.15,Casual Dining,3.5,0.03,Brigade Road
1002474,Office Worker,power_user,29,44230,542.0,Mid-range,3,0.2,Casual Dining,6.2,0.01,Malleshwaram
1002475,Office Worker,occasional,25,69502,214.0,Budget,1,0.2,Casual Dining,7.6,0.06,MG Road
1002476,Student,occasional,21,23950,359.0,Budget,3,0.35,Bakery,7.0,0.06,Koramangala 7th Block
1002477,Student,occasional,21,11175,233.0,Budget,3,0.35,Dessert Parlor,2.8,0.06,Jayanagar
1002478,Student,occasional,20,18070,306.0,Budget,1,0.35,Quick Bites,9.1,0.06,Whitefield
1002479,Office Worker,trial_only,36,47846,574.0,Mid-range,2,0.2,Quick Bites,16.3,0.15,Residency Road
1002480,Food Explorer,occasional,40,87309,399.0,Budget,1,0.7,Dessert Parlor,18.1,0.06,Commercial Street
1002481,Office Worker,trial_only,24,56298,354.0,Budget,2,0.2,Quick Bites,12.0,0.15,Banashankari
1002482,Student,occasional,18,21951,270.0,Budget,1,0.35,Cafe,14.1,0.06,HSR
1002483,Student,power_user,19,14238,265.0,Budget,1,0.35,Cafe,1.6,0.01,Kammanahalli
1002484,Office Worker,trial_only,33,85735,345.0,Budget,2,0.2,Casual Dining,44.9,0.15,Koramangala 4th Block
1002485,Couple,occasional,24,124972,1232.0,Premium,1,0.3,Pub,20.4,0.06,MG Road
1002486,Office Worker,occasional,26,70201,466.0,Budget,2,0.2,Food Court,18.9,0.06,Richmond Road
1002487,Couple,regular,32,77565,1339.0,Premium,2,0.3,Fine Dining,0.4,0.03,Electronic City
1002488,Couple,regular,32,118260,954.0,Mid-range,2,0.3,Fine Dining,2.7,0.03,Brigade Road
1002489,Student,trial_only,23,15873,224.0,Budget,2,0.35,Quick Bites,47.6,0.15,Indiranagar
1002490,Family,regular,39,118376,776.0,Mid-range,4,0.15,Dessert Parlor,3.4,0.03,Ulsoor
1002491,Food Explorer,power_user,38,61460,539.0,Mid-range,1,0.7,Bhojanalya,4.4,0.01,Koramangala 1st Block
1002492,Office Worker,regular,36,48189,427.0,Budget,1,0.2,Cafe,1.5,0.03,Jayanagar
1002493,Student,occasional,20,26235,243.0,Budget,3,0.35,Cafe,17.4,0.06,JP Nagar
1002494,Food Explorer,trial_only,40,65117,683.0,Mid-range,1,0.7,Delivery,31.8,0.15,Banashankari
1002495,Couple,occasional,42,123013,917.0,Mid-range,2,0.3,Cafe,16.3,0.06,Bellandur
1002496,Office Worker,trial_only,31,60239,438.0,Budget,2,0.2,Cafe,66.9,0.15,JP Nagar
1002497,Family,occasional,50,177730,739.0,Mid-range,3,0.15,Casual Dining,5.2,0.06,New BEL Road
1002498,Student,regular,19,14797,297.0,Budget,1,0.35,Quick Bites,10.5,0.03,Koramangala 7th Block
1002499,Couple,regular,28,144486,1556.0,Premium,1,0.3,Microbrewery,6.6,0.03,Banashankari
1002500,Office Worker,regular,37,37945,319.0,Budget,1,0.2,Casual Dining,18.1,0.03,Koramangala 6th Block
1002501,Student,occasional,23,23742,109.0,Budget,1,0.35,Dessert Parlor,8.6,0.06,Ulsoor
1002502,Family,power_user,27,104684,681.0,Mid-range,3,0.15,Casual Dining,5.2,0.01,BTM
1002503,Food Explorer,regular,36,100184,312.0,Budget,1,0.7,Bhojanalya,16.9,0.03,Indiranagar
1002504,Couple,trial_only,35,63047,296.0,Budget,1,0.3,Cafe,11.0,0.15,Banaswadi
1002505,Office Worker,occasional,33,45285,625.0,Mid-range,1,0.2,Casual Dining,8.0,0.06,Kammanahalli
1002506,Student,power_user,23,15769,345.0,Budget,1,0.35,Quick Bites,4.5,0.01,BTM
1002507,Food Explorer,occasional,25,113660,767.0,Mid-range,1,0.7,Takeaway,18.3,0.06,Basavanagudi
1002508,Food Explorer,occasional,29,82802,529.0,Mid-range,1,0.7,Casual Dining,10.5,0.06,JP Nagar
1002509,Office Worker,trial_only,28,39853,492.0,Budget,2,0.2,Quick Bites,29.5,0.15,Shanti Nagar
1002510,Family,occasional,40,154812,715.0,Mid-range,4,0.15,Cafe,10.2,0.06,Marathahalli
1002511,Office Worker,power_user,25,47134,531.0,Mid-range,2,0.2,Cafe,2.1,0.01,Indiranagar
1002512,Office Worker,regular,25,43486,469.0,Budget,2,0.2,Food Court,3.4,0.03,Indiranagar
1002513,Student,regular,22,22358,297.0,Budget,2,0.35,Quick Bites,9.2,0.03,Richmond Road
1002514,Student,occasional,18,29792,303.0,Budget,1,0.35,Quick Bites,7.9,0.06,Richmond Road
1002515,Student,occasional,20,30989,417.0,Budget,1,0.35,Dessert Parlor,2.8,0.06,Koramangala 4th Block
1002516,Couple,occasional,45,51554,1250.0,Premium,1,0.3,Pub,12.7,0.06,Seshadripuram
1002517,Student,occasional,24,32452,218.0,Budget,1,0.35,Quick Bites,16.1,0.06,Indiranagar
1002518,Student,regular,19,34926,327.0,Budget,1,0.35,Food Court,2.1,0.03,Ulsoor
1002519,Office Worker,regular,39,49253,499.0,Budget,1,0.2,Cafe,6.7,0.03,Bellandur
1002520,Student,regular,20,22923,288.0,Budget,2,0.35,Cafe,2.1,0.03,Koramangala 6th Block
1002521,Student,regular,19,19410,296.0,Budget,2,0.35,Dessert Parlor,2.9,0.03,HSR
1002522,Family,occasional,38,117106,587.0,Mid-range,3,0.15,Casual Dining,6.8,0.06,Jeevan Bhima Nagar
1002523,Office Worker,trial_only,31,69140,460.0,Budget,1,0.2,Casual Dining,37.7,0.15,Old Airport Road
1002524,Family,regular,33,138067,557.0,Mid-range,5,0.15,Casual Dining,2.4,0.03,Majestic
1002525,Food Explorer,occasional,30,77975,537.0,Mid-range,1,0.7,Confectionery,25.1,0.06,Residency Road
1002526,Student,regular,18,21879,246.0,Budget,3,0.35,Quick Bites,12.8,0.03,Malleshwaram
1002527,Food Explorer,occasional,27,79086,846.0,Mid-range,1,0.7,Meat Shop,6.3,0.06,BTM
1002528,Food Explorer,power_user,25,72642,987.0,Mid-range,1,0.7,Pop Up,3.7,0.01,Bellandur
1002529,Couple,occasional,44,62320,857.0,Mid-range,2,0.3,Cafe,16.1,0.06,BTM
1002530,Family,regular,37,104518,799.0,Mid-range,3,0.15,Casual Dining,7.1,0.03,Bommanahalli
1002531,Family,regular,39,145864,738.0,Mid-range,1,0.15,Fine Dining,13.3,0.03,Koramangala 4th Block
1002532,Family,occasional,35,177340,893.0,Mid-range,4,0.15,Casual Dining,9.7,0.06,BTM
1002533,Family,regular,51,157522,819.0,Mid-range,3,0.15,Casual Dining,6.7,0.03,Koramangala 4th Block
1002534,Student,occasional,23,31538,269.0,Budget,1,0.35,Quick Bites,17.3,0.06,MG Road
1002535,Food Explorer,regular,35,102648,623.0,Mid-range,2,0.7,Irani Cafe,0.8,0.03,Hosur Road
1002536,Family,trial_only,31,120289,757.0,Mid-range,5,0.15,Dessert Parlor,42.7,0.15,MG Road
1002537,Couple,regular,30,118202,1677.0,Premium,2,0.3,Fine Dining,17.6,0.03,Rajajinagar
1002538,Office Worker,occasional,39,80187,371.0,Budget,2,0.2,Cafe,2.0,0.06,New BEL Road
1002539,Student,trial_only,24,15572,321.0,Budget,1,0.35,Dessert Parlor,29.9,0.15,Frazer Town
1002540,Office Worker,occasional,28,38945,501.0,Mid-range,3,0.2,Food Court,10.9,0.06,HSR
1002541,Office Worker,regular,29,45981,494.0,Budget,1,0.2,Cafe,7.5,0.03,Jayanagar
1002542,Office Worker,occasional,28,61767,420.0,Budget,2,0.2,Quick Bites,21.3,0.06,Brookefield
1002543,Office Worker,power_user,37,77172,587.0,Mid-range,1,0.2,Quick Bites,1.5,0.01,Commercial Street
1002544,Student,occasional,24,21254,133.0,Budget,1,0.35,Quick Bites,16.4,0.06,Koramangala 5th Block
1002545,Office Worker,regular,38,88973,341.0,Budget,1,0.2,Quick Bites,13.3,0.03,BTM
1002546,Office Worker,occasional,38,49493,516.0,Mid-range,1,0.2,Casual Dining,23.5,0.06,Shivajinagar
1002547,Food Explorer,trial_only,28,76957,380.0,Budget,2,0.7,Dhaba,39.9,0.15,JP Nagar
1002548,Student,regular,20,32961,225.0,Budget,2,0.35,Cafe,4.6,0.03,Koramangala 7th Block
1002549,Office Worker,power_user,39,40243,403.0,Budget,2,0.2,Quick Bites,1.8,0.01,Sahakara Nagar
1002550,Office Worker,regular,30,79950,371.0,Budget,1,0.2,Delivery,7.1,0.03,Residency Road
1002551,Office Worker,occasional,26,39060,514.0,Mid-range,2,0.2,Quick Bites,15.4,0.06,Koramangala 5th Block
1002552,Office Worker,regular,38,84426,540.0,Mid-range,1,0.2,Cafe,11.1,0.03,Bommanahalli
1002553,Family,occasional,37,98786,818.0,Mid-range,2,0.15,Fine Dining,15.0,0.06,JP Nagar
1002554,Food Explorer,occasional,23,90817,864.0,Mid-range,1,0.7,Irani Cafe,21.4,0.06,Lavelle Road
1002555,Office Worker,trial_only,39,72702,311.0,Budget,2,0.2,Quick Bites,5.4,0.15,BTM
1002556,Family,regular,30,105146,815.0,Mid-range,4,0.15,Fine Dining,9.1,0.03,JP Nagar
1002557,Student,power_user,20,23757,408.0,Budget,1,0.35,Food Court,4.0,0.01,HSR
1002558,Office Worker,regular,32,75409,548.0,Mid-range,1,0.2,Delivery,12.8,0.03,Koramangala 6th Block
1002559,Office Worker,occasional,27,82553,594.0,Mid-range,1,0.2,Quick Bites,1.9,0.06,Koramangala 4th Block
1002560,Student,regular,23,12714,253.0,Budget,1,0.35,Quick Bites,15.2,0.03,Malleshwaram
1002561,Family,regular,44,119454,983.0,Mid-range,6,0.15,Cafe,5.4,0.03,Indiranagar
1002562,Family,regular,40,162370,715.0,Mid-range,1,0.15,Casual Dining,4.3,0.03,Seshadripuram
1002563,Family,occasional,27,126707,919.0,Mid-range,3,0.15,Cafe,22.3,0.06,BTM
1002564,Office Worker,trial_only,31,31726,581.0,Mid-range,1,0.2,Food Court,21.0,0.15,Indiranagar
1002565,Family,regular,29,75060,641.0,Mid-range,3,0.15,Casual Dining,8.1,0.03,BTM
1002566,Office Worker,regular,40,79093,264.0,Budget,1,0.2,Quick Bites,8.2,0.03,Marathahalli
1002567,Student,regular,23,20584,448.0,Budget,1,0.35,Cafe,25.2,0.03,Basaveshwara Nagar
1002568,Student,regular,18,27599,339.0,Budget,1,0.35,Quick Bites,23.0,0.03,Indiranagar
1002569,Family,trial_only,39,167115,779.0,Mid-range,3,0.15,Fine Dining,52.1,0.15,Indiranagar
1002570,Food Explorer,occasional,36,47076,559.0,Mid-range,2,0.7,Confectionery,6.9,0.06,Indiranagar
1002571,Student,occasional,21,21378,132.0,Budget,2,0.35,Cafe,18.2,0.06,Lavelle Road
1002572,Family,trial_only,24,77639,842.0,Mid-range,3,0.15,Casual Dining,10.5,0.15,Koramangala 4th Block
1002573,Couple,occasional,27,134221,1041.0,Premium,3,0.3,Cafe,12.7,0.06,Bannerghatta Road
1002574,Couple,regular,40,95239,1216.0,Premium,1,0.3,Fine Dining,4.8,0.03,Marathahalli
1002575,Office Worker,occasional,32,82600,453.0,Budget,2,0.2,Quick Bites,39.3,0.06,Richmond Road
1002576,Family,regular,39,95985,124.0,Budget,5,0.15,Food Court,5.3,0.03,Kaggadasapura
1002577,Family,regular,29,77439,898.0,Mid-range,6,0.15,Casual Dining,11.5,0.03,Bellandur
1002578,Couple,trial_only,29,136730,1257.0,Premium,1,0.3,Cafe,28.3,0.15,JP Nagar
1002579,Student,regular,20,25330,326.0,Budget,2,0.35,Dessert Parlor,11.6,0.03,Bannerghatta Road
1002580,Food Explorer,occasional,32,55426,554.0,Mid-range,1,0.7,Dhaba,1.6,0.06,Koramangala 5th Block
1002581,Student,regular,21,27357,304.0,Budget,1,0.35,Beverage Shop,5.7,0.03,MG Road
1002582,Couple,regular,43,91708,1252.0,Premium,1,0.3,Cafe,11.3,0.03,BTM
1002583,Student,occasional,19,11165,322.0,Budget,1,0.35,Cafe,24.5,0.06,Bellandur
1002584,Student,occasional,21,16512,338.0,Budget,1,0.35,Quick Bites,20.7,0.06,BTM
1002585,Student,occasional,19,28752,323.0,Budget,1,0.35,Dessert Parlor,9.2,0.06,BTM
1002586,Office Worker,regular,23,37631,635.0,Mid-range,1,0.2,Casual Dining,9.8,0.03,Marathahalli
1002587,Office Worker,power_user,30,50259,377.0,Budget,1,0.2,Quick Bites,3.8,0.01,Brookefield
1002588,Student,occasional,18,16493,270.0,Budget,1,0.35,Cafe,14.9,0.06,Kalyan Nagar
1002589,Office Worker,occasional,29,73977,619.0,Mid-range,1,0.2,Cafe,23.1,0.06,St. Marks Road
1002590,Office Worker,occasional,34,81600,435.0,Budget,2,0.2,Food Court,6.1,0.06,Bellandur
1002591,Couple,occasional,32,128758,1479.0,Premium,1,0.3,Cafe,12.1,0.06,Koramangala 5th Block
1002592,Couple,trial_only,38,121550,1241.0,Premium,2,0.3,Cafe,6.6,0.15,BTM
1002593,Family,occasional,30,70745,754.0,Mid-range,3,0.15,Fine Dining,4.0,0.06,Whitefield
1002594,Student,regular,20,32856,379.0,Budget,2,0.35,Quick Bites,3.1,0.03,Brigade Road
1002595,Office Worker,occasional,38,39709,502.0,Mid-range,2,0.2,Cafe,35.9,0.06,Whitefield
1002596,Food Explorer,occasional,26,72422,216.0,Budget,2,0.7,Microbrewery,24.1,0.06,Brookefield
1002597,Student,trial_only,21,30695,314.0,Budget,1,0.35,Quick Bites,15.5,0.15,MG Road
1002598,Office Worker,regular,35,44425,350.0,Budget,1,0.2,Casual Dining,5.0,0.03,Bellandur
1002599,Food Explorer,occasional,28,57345,918.0,Mid-range,1,0.7,Bakery,9.5,0.06,Frazer Town
1002600,Food Explorer,regular,27,42105,1038.0,Premium,2,0.7,Mess,8.9,0.03,Electronic City
1002601,Office Worker,occasional,35,51493,637.0,Mid-range,1,0.2,Casual Dining,6.4,0.06,BTM
1002602,Family,trial_only,22,119419,872.0,Mid-range,4,0.15,Food Court,79.6,0.15,Residency Road
1002603,Office Worker,trial_only,27,58044,404.0,Budget,1,0.2,Casual Dining,82.7,0.15,MG Road
1002604,Couple,regular,33,53972,1297.0,Premium,1,0.3,Lounge,7.8,0.03,Brigade Road
1002605,Student,regular,19,15124,225.0,Budget,2,0.35,Cafe,4.5,0.03,HSR
1002606,Student,occasional,21,10106,488.0,Budget,2,0.35,Cafe,29.8,0.06,Brigade Road
1002607,Family,occasional,42,86997,1039.0,Premium,4,0.15,Casual Dining,23.2,0.06,Whitefield
1002608,Student,trial_only,24,25118,324.0,Budget,2,0.35,Quick Bites,11.2,0.15,"ITPL Main Road, Whitefield"
1002609,Family,regular,41,61046,999.0,Mid-range,4,0.15,Casual Dining,6.1,0.03,Electronic City
1002610,Office Worker,trial_only,33,39889,401.0,Budget,1,0.2,Cafe,25.1,0.15,New BEL Road
1002611,Couple,occasional,39,104401,868.0,Mid-range,2,0.3,Lounge,1.3,0.06,Sarjapur Road
1002612,Couple,regular,28,105978,536.0,Mid-range,3,0.3,Lounge,10.3,0.03,Church Street
1002613,Office Worker,regular,31,83774,458.0,Budget,1,0.2,Food Court,4.7,0.03,Electronic City
1002614,Couple,occasional,42,107352,1138.0,Premium,2,0.3,Cafe,16.2,0.06,Sarjapur Road
1002615,Office Worker,regular,26,85553,502.0,Mid-range,1,0.2,Quick Bites,13.1,0.03,Koramangala 1st Block
1002616,Office Worker,occasional,28,73431,451.0,Budget,1,0.2,Quick Bites,14.5,0.06,Nagawara
1002617,Student,occasional,19,23762,338.0,Budget,1,0.35,Quick Bites,22.8,0.06,HSR
1002618,Couple,occasional,45,88313,1443.0,Premium,3,0.3,Cafe,12.2,0.06,Jayanagar
1002619,Couple,regular,31,61130,762.0,Mid-range,2,0.3,Cafe,1.5,0.03,Koramangala 6th Block
1002620,Food Explorer,trial_only,28,96413,817.0,Mid-range,1,0.7,Sweet Shop,67.1,0.15,BTM
1002621,Couple,occasional,41,143807,1078.0,Premium,1,0.3,Cafe,34.9,0.06,Shanti Nagar
1002622,Food Explorer,occasional,39,69277,729.0,Mid-range,2,0.7,Sweet Shop,5.2,0.06,Domlur
1002623,Student,occasional,18,18888,382.0,Budget,1,0.35,Quick Bites,42.2,0.06,JP Nagar
1002624,Food Explorer,occasional,38,47823,857.0,Mid-range,1,0.7,Food Truck,10.9,0.06,Kumaraswamy Layout
1002625,Family,trial_only,45,131720,826.0,Mid-range,2,0.15,Fine Dining,26.6,0.15,Ulsoor
1002626,Office Worker,occasional,38,48599,468.0,Budget,1,0.2,Casual Dining,21.3,0.06,Koramangala 4th Block
1002627,Family,occasional,23,61219,978.0,Mid-range,4,0.15,Casual Dining,17.7,0.06,Jayanagar
1002628,Office Worker,regular,23,30454,300.0,Budget,1,0.2,Cafe,1.0,0.03,Sarjapur Road
1002629,Office Worker,regular,29,50135,355.0,Budget,2,0.2,Food Court,14.2,0.03,Whitefield
1002630,Student,occasional,23,21561,278.0,Budget,1,0.35,Dessert Parlor,12.0,0.06,BTM
1002631,Student,regular,21,21429,193.0,Budget,2,0.35,Cafe,4.2,0.03,Basavanagudi
1002632,Office Worker,occasional,35,74419,423.0,Budget,2,0.2,Cafe,20.4,0.06,HBR Layout
1002633,Couple,trial_only,29,102806,1102.0,Premium,2,0.3,Fine Dining,32.2,0.15,BTM
1002634,Family,regular,32,154170,817.0,Mid-range,3,0.15,Fine Dining,15.8,0.03,Koramangala 4th Block
1002635,Office Worker,power_user,38,47821,444.0,Budget,1,0.2,Delivery,6.4,0.01,Whitefield
1002636,Office Worker,occasional,31,43926,557.0,Mid-range,1,0.2,Casual Dining,8.8,0.06,Marathahalli
1002637,Office Worker,power_user,37,62373,507.0,Mid-range,1,0.2,Casual Dining,2.2,0.01,Indiranagar
1002638,Student,occasional,22,12641,294.0,Budget,1,0.35,Dessert Parlor,5.3,0.06,BTM
1002639,Couple,occasional,27,126452,1100.0,Premium,3,0.3,Fine Dining,32.2,0.06,RT Nagar
1002640,Student,occasional,24,14635,296.0,Budget,2,0.35,Quick Bites,26.4,0.06,Sarjapur Road
1002641,Family,occasional,54,169812,794.0,Mid-range,5,0.15,Fine Dining,8.9,0.06,Koramangala 6th Block
1002642,Couple,occasional,41,148372,1956.0,Premium,1,0.3,Microbrewery,24.3,0.06,Sarjapur Road
1002643,Family,regular,36,124499,508.0,Mid-range,5,0.15,Fine Dining,3.1,0.03,BTM
1002644,Couple,regular,33,81210,922.0,Mid-range,3,0.3,Microbrewery,7.9,0.03,Bannerghatta Road
1002645,Office Worker,regular,28,50321,343.0,Budget,2,0.2,Delivery,8.5,0.03,Bommanahalli
1002646,Couple,trial_only,38,92928,1281.0,Premium,2,0.3,Fine Dining,32.5,0.15,Koramangala 6th Block
1002647,Family,regular,31,117513,846.0,Mid-range,1,0.15,Casual Dining,1.8,0.03,Bannerghatta Road
1002648,Couple,regular,28,57562,1028.0,Premium,1,0.3,Fine Dining,10.5,0.03,JP Nagar
1002649,Family,regular,22,83704,979.0,Mid-range,7,0.15,Food Court,3.5,0.03,Whitefield
1002650,Couple,regular,33,128933,1311.0,Premium,1,0.3,Fine Dining,2.0,0.03,Rajajinagar
1002651,Food Explorer,regular,37,44216,835.0,Mid-range,1,0.7,Casual Dining,10.3,0.03,Banashankari
1002652,Office Worker,occasional,37,56909,570.0,Mid-range,2,0.2,Quick Bites,34.7,0.06,Jayanagar
1002653,Couple,regular,42,137503,561.0,Mid-range,1,0.3,Fine Dining,1.9,0.03,St. Marks Road
1002654,Family,occasional,41,70487,937.0,Mid-range,6,0.15,Casual Dining,1.2,0.06,BTM
1002655,Office Worker,regular,38,85533,321.0,Budget,1,0.2,Casual Dining,4.1,0.03,Brookefield
1002656,Food Explorer,occasional,36,77835,662.0,Mid-range,1,0.7,Food Court,17.3,0.06,Koramangala 7th Block
1002657,Office Worker,regular,37,55404,443.0,Budget,1,0.2,Casual Dining,3.2,0.03,Commercial Street
1002658,Family,occasional,38,145593,794.0,Mid-range,5,0.15,Casual Dining,17.7,0.06,Old Airport Road
1002659,Student,trial_only,18,29430,204.0,Budget,1,0.35,Cafe,16.7,0.15,Indiranagar
1002660,Student,regular,20,21826,382.0,Budget,1,0.35,Cafe,2.3,0.03,BTM
1002661,Couple,trial_only,42,58312,813.0,Mid-range,1,0.3,Fine Dining,3.1,0.15,Domlur
1002662,Office Worker,regular,36,88118,525.0,Mid-range,1,0.2,Casual Dining,13.7,0.03,Lavelle Road
1002663,Office Worker,occasional,23,30530,307.0,Budget,1,0.2,Cafe,18.8,0.06,Koramangala 5th Block
1002664,Student,occasional,18,31792,299.0,Budget,1,0.35,Dessert Parlor,22.1,0.06,Koramangala 7th Block
1002665,Office Worker,regular,34,56043,630.0,Mid-range,2,0.2,Casual Dining,0.3,0.03,Marathahalli
1002666,Couple,regular,45,101481,1908.0,Premium,1,0.3,Lounge,4.9,0.03,Basavanagudi
1002667,Couple,power_user,40,126503,714.0,Mid-range,2,0.3,Microbrewery,6.5,0.01,Domlur
1002668,Student,occasional,24,33513,244.0,Budget,2,0.35,Dessert Parlor,56.2,0.06,Ulsoor
1002669,Family,regular,22,78050,695.0,Mid-range,3,0.15,Cafe,11.9,0.03,Seshadripuram
1002670,Office Worker,trial_only,38,78684,676.0,Mid-range,3,0.2,Cafe,27.0,0.15,BTM
1002671,Family,regular,24,139337,786.0,Mid-range,2,0.15,Casual Dining,3.4,0.03,Bannerghatta Road
1002672,Office Worker,trial_only,38,52096,557.0,Mid-range,1,0.2,Food Court,36.4,0.15,Jayanagar
1002673,Office Worker,regular,40,55544,480.0,Budget,1,0.2,Quick Bites,1.1,0.03,Whitefield
1002674,Office Worker,occasional,32,76285,330.0,Budget,3,0.2,Quick Bites,5.5,0.06,Marathahalli
1002675,Family,regular,39,76803,428.0,Budget,2,0.15,Casual Dining,5.4,0.03,HSR
1002676,Office Worker,regular,31,60351,389.0,Budget,1,0.2,Casual Dining,11.8,0.03,Brigade Road
1002677,Office Worker,power_user,32,73331,682.0,Mid-range,1,0.2,Cafe,2.9,0.01,Jayanagar
1002678,Couple,occasional,42,103911,1277.0,Premium,2,0.3,Cafe,21.0,0.06,Koramangala 4th Block
1002679,Family,regular,30,113743,1011.0,Premium,2,0.15,Food Court,8.2,0.03,Bellandur
1002680,Office Worker,occasional,28,61237,308.0,Budget,1,0.2,Cafe,9.1,0.06,BTM
1002681,Couple,trial_only,45,101153,1102.0,Premium,3,0.3,Microbrewery,6.3,0.15,Koramangala 7th Block
1002682,Couple,regular,42,130368,1434.0,Premium,2,0.3,Fine Dining,3.4,0.03,Koramangala 6th Block
1002683,Student,power_user,21,30524,213.0,Budget,2,0.35,Cafe,3.2,0.01,Shivajinagar
1002684,Family,regular,27,170229,787.0,Mid-range,4,0.15,Food Court,3.4,0.03,Indiranagar
1002685,Office Worker,regular,40,34327,362.0,Budget,1,0.2,Food Court,7.2,0.03,Residency Road
1002686,Family,occasional,51,98342,965.0,Mid-range,3,0.15,Fine Dining,39.7,0.06,Old Airport Road
1002687,Student,occasional,20,31920,332.0,Budget,1,0.35,Quick Bites,2.7,0.06,Richmond Road
1002688,Family,regular,39,137031,937.0,Mid-range,3,0.15,Casual Dining,10.0,0.03,HSR
1002689,Office Worker,regular,30,52609,537.0,Mid-range,1,0.2,Quick Bites,1.2,0.03,Bannerghatta Road
1002690,Office Worker,occasional,38,67705,427.0,Budget,1,0.2,Quick Bites,18.4,0.06,Bannerghatta Road
1002691,Food Explorer,regular,35,77052,851.0,Mid-range,3,0.7,Food Truck,9.9,0.03,Whitefield
1002692,Office Worker,occasional,31,83250,391.0,Budget,1,0.2,Casual Dining,7.7,0.06,Jayanagar
1002693,Couple,trial_only,45,105811,1388.0,Premium,2,0.3,Lounge,56.4,0.15,Malleshwaram
1002694,Food Explorer,regular,33,75777,107.0,Budget,1,0.7,Quick Bites,8.7,0.03,Marathahalli
1002695,Couple,occasional,34,112357,976.0,Mid-range,2,0.3,Fine Dining,44.3,0.06,JP Nagar
1002696,Student,trial_only,24,14754,485.0,Budget,2,0.35,Bakery,17.4,0.15,Kammanahalli
1002697,Couple,occasional,33,127075,1383.0,Premium,4,0.3,Pub,9.2,0.06,Marathahalli
1002698,Student,occasional,20,15077,349.0,Budget,1,0.35,Dessert Parlor,3.4,0.06,Bellandur
1002699,Office Worker,occasional,29,31423,368.0,Budget,1,0.2,Delivery,53.5,0.06,BTM
1002700,Couple,occasional,28,55127,872.0,Mid-range,1,0.3,Microbrewery,29.4,0.06,New BEL Road
1002701,Family,occasional,30,67936,747.0,Mid-range,2,0.15,Casual Dining,4.8,0.06,BTM
1002702,Office Worker,occasional,24,36043,443.0,Budget,2,0.2,Casual Dining,20.9,0.06,Sarjapur Road
1002703,Office Worker,occasional,36,33040,641.0,Mid-range,1,0.2,Casual Dining,37.3,0.06,Brookefield
1002704,Couple,occasional,36,80122,1506.0,Premium,4,0.3,Fine Dining,9.2,0.06,HSR
1002705,Family,regular,53,175296,822.0,Mid-range,5,0.15,Dessert Parlor,3.8,0.03,Indiranagar
1002706,Office Worker,trial_only,33,36153,457.0,Budget,1,0.2,Quick Bites,5.2,0.15,Sanjay Nagar
1002707,Couple,regular,25,117610,1427.0,Premium,1,0.3,Fine Dining,12.6,0.03,Bellandur
1002708,Student,regular,22,31778,194.0,Budget,1,0.35,Food Court,3.4,0.03,Sarjapur Road
1002709,Student,regular,19,30231,146.0,Budget,1,0.35,Dessert Parlor,1.7,0.03,Domlur
1002710,Family,regular,21,103442,949.0,Mid-range,6,0.15,Casual Dining,9.3,0.03,St. Marks Road
1002711,Food Explorer,occasional,34,44220,618.0,Mid-range,2,0.7,Lounge,2.9,0.06,Jayanagar
1002712,Student,regular,18,19212,195.0,Budget,1,0.35,Quick Bites,7.8,0.03,Shanti Nagar
1002713,Student,occasional,20,25039,132.0,Budget,1,0.35,Cafe,4.2,0.06,Jayanagar
1002714,Student,occasional,24,28938,372.0,Budget,2,0.35,Food Court,21.7,0.06,Rajajinagar
1002715,Couple,regular,29,64180,1044.0,Premium,1,0.3,Fine Dining,2.3,0.03,Kammanahalli
1002716,Student,regular,22,17533,332.0,Budget,1,0.35,Food Court,3.6,0.03,Sarjapur Road
1002717,Office Worker,occasional,29,66089,424.0,Budget,2,0.2,Quick Bites,13.8,0.06,MG Road
1002718,Food Explorer,occasional,24,97215,591.0,Mid-range,2,0.7,Food Truck,8.7,0.06,Sarjapur Road
1002719,Student,regular,19,17773,253.0,Budget,2,0.35,Dessert Parlor,25.6,0.03,HSR
1002720,Family,regular,22,158691,785.0,Mid-range,6,0.15,Casual Dining,2.7,0.03,Bellandur
1002721,Office Worker,regular,25,78109,508.0,Mid-range,1,0.2,Delivery,1.8,0.03,HSR
1002722,Couple,power_user,27,86018,1117.0,Premium,2,0.3,Cafe,7.8,0.01,BTM
1002723,Office Worker,power_user,38,62165,417.0,Budget,1,0.2,Delivery,2.0,0.01,Koramangala 1st Block
1002724,Office Worker,trial_only,37,58669,511.0,Mid-range,1,0.2,Quick Bites,40.8,0.15,Whitefield
1002725,Student,power_user,20,26721,354.0,Budget,1,0.35,Beverage Shop,1.4,0.01,Jayanagar
1002726,Family,regular,46,98667,573.0,Mid-range,3,0.15,Dessert Parlor,4.5,0.03,Ulsoor
1002727,Couple,trial_only,28,82958,1191.0,Premium,3,0.3,Pub,33.2,0.15,Electronic City
1002728,Student,occasional,22,20579,258.0,Budget,3,0.35,Dessert Parlor,15.6,0.06,Koramangala 6th Block
1002729,Office Worker,regular,26,42950,451.0,Budget,1,0.2,Casual Dining,13.8,0.03,Kalyan Nagar
1002730,Couple,occasional,38,108075,1630.0,Premium,1,0.3,Fine Dining,3.7,0.06,Kalyan Nagar
1002731,Student,trial_only,20,33952,329.0,Budget,1,0.35,Cafe,29.8,0.15,Richmond Road
1002732,Office Worker,power_user,38,50978,666.0,Mid-range,1,0.2,Quick Bites,0.3,0.01,Electronic City
1002733,Family,regular,50,163318,844.0,Mid-range,3,0.15,Casual Dining,5.2,0.03,Malleshwaram
1002734,Office Worker,trial_only,29,57848,433.0,Budget,1,0.2,Casual Dining,52.1,0.15,Whitefield
1002735,Office Worker,occasional,23,39947,448.0,Budget,1,0.2,Casual Dining,70.7,0.06,Banaswadi
1002736,Office Worker,trial_only,28,59773,464.0,Budget,1,0.2,Cafe,35.3,0.15,Kammanahalli
1002737,Student,regular,19,22485,326.0,Budget,1,0.35,Dessert Parlor,12.9,0.03,St. Marks Road
1002738,Office Worker,trial_only,30,31470,351.0,Budget,1,0.2,Cafe,17.5,0.15,Nagawara
1002739,Family,regular,40,117522,753.0,Mid-range,2,0.15,Fine Dining,4.1,0.03,Brigade Road
1002740,Family,occasional,55,79638,655.0,Mid-range,3,0.15,Dessert Parlor,12.8,0.06,Koramangala 7th Block
1002741,Student,trial_only,18,29861,382.0,Budget,1,0.35,Quick Bites,25.2,0.15,Marathahalli
1002742,Couple,regular,36,104137,622.0,Mid-range,2,0.3,Fine Dining,7.5,0.03,New BEL Road
1002743,Student,regular,19,17604,313.0,Budget,1,0.35,Quick Bites,1.9,0.03,Whitefield
1002744,Couple,occasional,36,50265,745.0,Mid-range,2,0.3,Cafe,34.5,0.06,Banashankari
1002745,Office Worker,trial_only,34,64260,493.0,Budget,1,0.2,Casual Dining,28.1,0.15,Koramangala 6th Block
1002746,Couple,power_user,41,120420,1080.0,Premium,2,0.3,Fine Dining,4.3,0.01,Whitefield
1002747,Student,trial_only,21,20602,155.0,Budget,1,0.35,Dessert Parlor,56.3,0.15,Whitefield
1002748,Student,regular,19,32637,375.0,Budget,2,0.35,Bakery,2.4,0.03,Koramangala 5th Block
1002749,Office Worker,regular,39,41775,198.0,Budget,1,0.2,Cafe,15.1,0.03,Basavanagudi
1002750,Student,regular,20,28864,297.0,Budget,1,0.35,Cafe,8.5,0.03,Church Street
1002751,Student,trial_only,21,22392,355.0,Budget,1,0.35,Quick Bites,38.8,0.15,Koramangala 5th Block
1002752,Family,regular,43,97698,1075.0,Premium,5,0.15,Casual Dining,5.7,0.03,Koramangala 8th Block
1002753,Couple,occasional,29,78819,717.0,Mid-range,1,0.3,Cafe,39.6,0.06,JP Nagar
1002754,Student,regular,24,21246,259.0,Budget,1,0.35,Quick Bites,15.1,0.03,HSR
1002755,Couple,trial_only,24,58057,1525.0,Premium,4,0.3,Fine Dining,15.4,0.15,Old Airport Road
1002756,Couple,occasional,27,115072,1545.0,Premium,1,0.3,Fine Dining,11.3,0.06,Wilson Garden
1002757,Couple,regular,45,90881,1584.0,Premium,2,0.3,Cafe,7.8,0.03,Koramangala 5th Block
1002758,Family,regular,36,141653,1312.0,Premium,2,0.15,Casual Dining,5.7,0.03,Koramangala 5th Block
1002759,Family,regular,52,121829,698.0,Mid-range,5,0.15,Casual Dining,14.0,0.03,Indiranagar
1002760,Office Worker,regular,39,88650,487.0,Budget,1,0.2,Quick Bites,15.2,0.03,BTM
1002761,Family,trial_only,55,69915,731.0,Mid-range,1,0.15,Casual Dining,19.0,0.15,Bannerghatta Road
1002762,Food Explorer,occasional,35,79438,106.0,Budget,1,0.7,Bakery,8.0,0.06,Frazer Town
1002763,Student,regular,22,23407,293.0,Budget,1,0.35,Cafe,5.9,0.03,BTM
1002764,Office Worker,occasional,34,44972,251.0,Budget,1,0.2,Cafe,16.9,0.06,Indiranagar
1002765,Student,occasional,22,26809,258.0,Budget,1,0.35,Cafe,17.0,0.06,Jayanagar
1002766,Food Explorer,regular,26,68975,233.0,Budget,1,0.7,Club,2.7,0.03,Nagawara
1002767,Office Worker,regular,37,75812,494.0,Budget,1,0.2,Cafe,1.9,0.03,Residency Road
1002768,Family,regular,26,170694,644.0,Mid-range,4,0.15,Fine Dining,13.1,0.03,Marathahalli
1002769,Couple,occasional,34,135364,664.0,Mid-range,2,0.3,Lounge,8.3,0.06,JP Nagar
1002770,Food Explorer,regular,29,90617,816.0,Mid-range,1,0.7,Confectionery,5.3,0.03,Domlur
1002771,Student,occasional,23,27949,252.0,Budget,2,0.35,Beverage Shop,24.9,0.06,Indiranagar
1002772,Couple,regular,29,136426,1070.0,Premium,1,0.3,Cafe,7.0,0.03,Ulsoor
1002773,Couple,occasional,28,148065,907.0,Mid-range,2,0.3,Microbrewery,11.5,0.06,Richmond Road
1002774,Student,power_user,23,28102,392.0,Budget,1,0.35,Cafe,1.0,0.01,Kammanahalli
1002775,Couple,occasional,34,141299,1281.0,Premium,1,0.3,Cafe,8.5,0.06,Ulsoor
1002776,Office Worker,power_user,35,87926,389.0,Budget,1,0.2,Quick Bites,1.4,0.01,Bannerghatta Road
1002777,Family,regular,51,81107,417.0,Budget,2,0.15,Casual Dining,4.9,0.03,Koramangala 5th Block
1002778,Office Worker,power_user,38,60074,701.0,Mid-range,1,0.2,Cafe,1.3,0.01,JP Nagar
1002779,Office Worker,occasional,30,51444,648.0,Mid-range,2,0.2,Food Court,4.3,0.06,Sarjapur Road
1002780,Student,occasional,19,33748,415.0,Budget,1,0.35,Bakery,12.2,0.06,Koramangala 1st Block
1002781,Student,regular,24,28601,244.0,Budget,2,0.35,Beverage Shop,8.7,0.03,Marathahalli
1002782,Student,occasional,20,32148,260.0,Budget,3,0.35,Quick Bites,2.3,0.06,Koramangala 7th Block
1002783,Family,occasional,47,101950,880.0,Mid-range,1,0.15,Casual Dining,5.6,0.06,Cunningham Road
1002784,Office Worker,occasional,36,80586,361.0,Budget,2,0.2,Cafe,20.7,0.06,BTM
1002785,Student,occasional,21,12030,221.0,Budget,1,0.35,Quick Bites,15.8,0.06,HSR
1002786,Family,regular,25,172692,1092.0,Premium,6,0.15,Casual Dining,8.0,0.03,BTM
1002787,Family,occasional,36,87589,789.0,Mid-range,4,0.15,Casual Dining,20.3,0.06,Indiranagar
1002788,Office Worker,occasional,25,61532,338.0,Budget,1,0.2,Casual Dining,23.5,0.06,Koramangala 5th Block
1002789,Food Explorer,occasional,28,97307,838.0,Mid-range,1,0.7,Microbrewery,10.8,0.06,Whitefield
1002790,Office Worker,regular,29,74570,393.0,Budget,1,0.2,Quick Bites,5.9,0.03,BTM
1002791,Couple,occasional,35,71221,606.0,Mid-range,1,0.3,Cafe,4.7,0.06,Jayanagar
1002792,Student,regular,19,23883,209.0,Budget,2,0.35,Quick Bites,5.5,0.03,Bannerghatta Road
1002793,Family,occasional,50,123662,697.0,Mid-range,8,0.15,Fine Dining,19.5,0.06,Bommanahalli
1002794,Food Explorer,power_user,23,102101,655.0,Mid-range,2,0.7,Dessert Parlor,2.1,0.01,Sarjapur Road
1002795,Couple,regular,45,82087,1252.0,Premium,2,0.3,Fine Dining,4.7,0.03,Shivajinagar
1002796,Family,occasional,31,151651,1046.0,Premium,5,0.15,Casual Dining,5.1,0.06,Ulsoor
1002797,Family,trial_only,37,133954,753.0,Mid-range,3,0.15,Casual Dining,18.2,0.15,Bellandur
1002798,Office Worker,power_user,38,75505,403.0,Budget,2,0.2,Cafe,2.3,0.01,Commercial Street
1002799,Family,occasional,43,165025,1049.0,Premium,2,0.15,Casual Dining,22.1,0.06,Banaswadi
1002800,Couple,occasional,25,92845,1494.0,Premium,2,0.3,Lounge,7.0,0.06,BTM
1002801,Food Explorer,trial_only,33,74576,547.0,Mid-range,2,0.7,Mess,16.2,0.15,JP Nagar
1002802,Office Worker,occasional,33,77778,479.0,Budget,1,0.2,Quick Bites,21.1,0.06,Hebbal
1002803,Student,regular,24,29547,262.0,Budget,1,0.35,Dessert Parlor,0.6,0.03,Banaswadi
1002804,Family,regular,40,165179,568.0,Mid-range,2,0.15,Casual Dining,11.2,0.03,Bannerghatta Road
1002805,Student,occasional,24,23761,476.0,Budget,1,0.35,Cafe,9.4,0.06,Koramangala 4th Block
1002806,Student,regular,21,25907,257.0,Budget,2,0.35,Dessert Parlor,4.0,0.03,Banaswadi
1002807,Office Worker,trial_only,26,33546,479.0,Budget,1,0.2,Quick Bites,46.6,0.15,Marathahalli
1002808,Family,trial_only,38,114558,497.0,Budget,1,0.15,Fine Dining,29.6,0.15,BTM
1002809,Student,trial_only,24,16157,359.0,Budget,1,0.35,Quick Bites,24.9,0.15,Ulsoor
1002810,Student,regular,18,31332,204.0,Budget,1,0.35,Quick Bites,4.2,0.03,HSR
1002811,Student,occasional,20,13060,434.0,Budget,1,0.35,Quick Bites,6.0,0.06,Whitefield
1002812,Couple,occasional,25,127845,1739.0,Premium,1,0.3,Cafe,23.9,0.06,Brigade Road
1002813,Family,power_user,50,160420,913.0,Mid-range,5,0.15,Casual Dining,3.3,0.01,Kammanahalli
1002814,Student,regular,21,21740,309.0,Budget,2,0.35,Quick Bites,1.9,0.03,JP Nagar
1002815,Student,regular,23,26705,285.0,Budget,1,0.35,Dessert Parlor,12.3,0.03,Koramangala 5th Block
1002816,Family,regular,54,129584,790.0,Mid-range,1,0.15,Dessert Parlor,0.9,0.03,Bannerghatta Road
1002817,Office Worker,trial_only,37,71349,491.0,Budget,2,0.2,Food Court,13.4,0.15,HSR
1002818,Family,trial_only,34,142299,818.0,Mid-range,3,0.15,Food Court,10.1,0.15,Whitefield
1002819,Office Worker,regular,39,45183,548.0,Mid-range,2,0.2,Cafe,1.0,0.03,Indiranagar
1002820,Food Explorer,occasional,30,95066,370.0,Budget,2,0.7,Meat Shop,12.5,0.06,New BEL Road
1002821,Office Worker,regular,40,84106,603.0,Mid-range,2,0.2,Casual Dining,3.9,0.03,Kalyan Nagar
1002822,Family,regular,55,97324,715.0,Mid-range,5,0.15,Dessert Parlor,4.2,0.03,Marathahalli
1002823,Student,power_user,19,17663,240.0,Budget,1,0.35,Quick Bites,3.3,0.01,Basaveshwara Nagar
1002824,Food Explorer,occasional,36,63415,691.0,Mid-range,1,0.7,Mess,4.2,0.06,Whitefield
1002825,Food Explorer,occasional,35,112939,707.0,Mid-range,1,0.7,Microbrewery,15.5,0.06,Brigade Road
1002826,Family,trial_only,47,166482,453.0,Budget,5,0.15,Food Court,86.4,0.15,Ulsoor
1002827,Office Worker,trial_only,26,50867,402.0,Budget,1,0.2,Quick Bites,14.9,0.15,Majestic
1002828,Student,regular,21,33426,126.0,Budget,2,0.35,Quick Bites,22.4,0.03,Cunningham Road
1002829,Couple,occasional,27,126147,997.0,Mid-range,2,0.3,Fine Dining,19.0,0.06,Marathahalli
1002830,Family,regular,52,108248,673.0,Mid-range,3,0.15,Cafe,9.8,0.03,Brigade Road
1002831,Student,regular,24,30629,324.0,Budget,1,0.35,Dessert Parlor,5.8,0.03,Electronic City
1002832,Office Worker,occasional,33,84803,371.0,Budget,1,0.2,Quick Bites,4.9,0.06,Indiranagar
1002833,Office Worker,power_user,25,82111,395.0,Budget,1,0.2,Delivery,2.1,0.01,Koramangala 1st Block
1002834,Couple,regular,38,97069,1591.0,Premium,1,0.3,Fine Dining,8.7,0.03,BTM
1002835,Family,regular,35,86000,1213.0,Premium,3,0.15,Dessert Parlor,2.8,0.03,BTM
1002836,Family,regular,48,80064,616.0,Mid-range,3,0.15,Dessert Parlor,6.7,0.03,BTM
1002837,Family,trial_only,23,159284,1004.0,Premium,4,0.15,Dessert Parlor,49.8,0.15,HSR
1002838,Office Worker,regular,30,73973,489.0,Budget,1,0.2,Cafe,3.2,0.03,Indiranagar
1002839,Office Worker,occasional,29,72531,276.0,Budget,1,0.2,Cafe,27.5,0.06,Banashankari
1002840,Student,trial_only,24,11147,237.0,Budget,1,0.35,Cafe,12.9,0.15,Shanti Nagar
1002841,Couple,occasional,30,146534,292.0,Budget,1,0.3,Fine Dining,35.6,0.06,New BEL Road
1002842,Office Worker,regular,40,36835,482.0,Budget,1,0.2,Casual Dining,8.9,0.03,Jayanagar
1002843,Office Worker,trial_only,39,64830,342.0,Budget,1,0.2,Casual Dining,27.2,0.15,BTM
1002844,Student,regular,22,33526,311.0,Budget,1,0.35,Quick Bites,13.2,0.03,BTM
1002845,Student,regular,19,16052,506.0,Mid-range,1,0.35,Quick Bites,9.9,0.03,Kammanahalli
1002846,Family,occasional,27,122115,1119.0,Premium,5,0.15,Casual Dining,16.8,0.06,Domlur
1002847,Student,regular,18,31005,239.0,Budget,3,0.35,Dessert Parlor,3.2,0.03,Koramangala 3rd Block
1002848,Student,occasional,23,16659,219.0,Budget,1,0.35,Cafe,14.1,0.06,City Market
1002849,Couple,power_user,39,60170,1588.0,Premium,2,0.3,Cafe,3.4,0.01,Shivajinagar
1002850,Office Worker,occasional,28,58825,350.0,Budget,1,0.2,Cafe,23.0,0.06,Jayanagar
1002851,Office Worker,occasional,36,77702,549.0,Mid-range,1,0.2,Delivery,9.0,0.06,Koramangala 1st Block
1002852,Office Worker,trial_only,33,64691,724.0,Mid-range,1,0.2,Quick Bites,14.7,0.15,Lavelle Road
1002853,Couple,regular,41,94264,1403.0,Premium,1,0.3,Pub,3.8,0.03,St. Marks Road
1002854,Office Worker,regular,24,68335,568.0,Mid-range,1,0.2,Quick Bites,10.0,0.03,Marathahalli
1002855,Couple,trial_only,28,55179,1520.0,Premium,3,0.3,Lounge,16.5,0.15,Banashankari
1002856,Food Explorer,occasional,37,67858,461.0,Budget,1,0.7,Pub,21.5,0.06,Koramangala 5th Block
1002857,Family,power_user,33,165358,858.0,Mid-range,4,0.15,Casual Dining,3.3,0.01,BTM
1002858,Office Worker,power_user,40,53244,354.0,Budget,2,0.2,Food Court,3.6,0.01,Jayanagar
1002859,Family,occasional,51,175820,1058.0,Premium,6,0.15,Cafe,37.5,0.06,Wilson Garden
1002860,Office Worker,occasional,24,62986,341.0,Budget,1,0.2,Food Court,23.4,0.06,MG Road
1002861,Office Worker,occasional,30,86034,520.0,Mid-range,1,0.2,Quick Bites,28.8,0.06,Commercial Street
1002862,Office Worker,trial_only,36,67600,563.0,Mid-range,2,0.2,Quick Bites,16.6,0.15,Marathahalli
1002863,Office Worker,regular,25,55132,401.0,Budget,1,0.2,Cafe,2.2,0.03,BTM
1002864,Student,regular,24,33034,242.0,Budget,1,0.35,Cafe,2.8,0.03,Marathahalli
1002865,Office Worker,occasional,24,46199,433.0,Budget,1,0.2,Delivery,4.8,0.06,Bellandur
1002866,Student,trial_only,18,19807,229.0,Budget,3,0.35,Cafe,13.5,0.15,Kalyan Nagar
1002867,Office Worker,regular,32,73348,466.0,Budget,3,0.2,Quick Bites,5.3,0.03,City Market
1002868,Family,occasional,28,164963,617.0,Mid-range,7,0.15,Casual Dining,10.1,0.06,Indiranagar
1002869,Food Explorer,regular,34,55463,389.0,Budget,1,0.7,Lounge,9.1,0.03,Brookefield
1002870,Student,regular,20,34831,344.0,Budget,1,0.35,Quick Bites,3.3,0.03,Ejipura
1002871,Family,trial_only,29,111673,924.0,Mid-range,3,0.15,Fine Dining,18.2,0.15,Whitefield
1002872,Office Worker,regular,38,50340,421.0,Budget,1,0.2,Cafe,8.6,0.03,New BEL Road
1002873,Student,power_user,19,13213,168.0,Budget,2,0.35,Dessert Parlor,2.9,0.01,Hennur
1002874,Student,occasional,21,10682,394.0,Budget,1,0.35,Quick Bites,10.1,0.06,New BEL Road
1002875,Student,regular,19,23935,264.0,Budget,2,0.35,Quick Bites,15.6,0.03,Bannerghatta Road
1002876,Student,regular,18,25109,465.0,Budget,2,0.35,Dessert Parlor,12.0,0.03,Sarjapur Road
1002877,Office Worker,occasional,26,35631,437.0,Budget,1,0.2,Casual Dining,44.4,0.06,Residency Road
1002878,Office Worker,regular,27,84219,464.0,Budget,1,0.2,Cafe,18.0,0.03,Rajajinagar
1002879,Office Worker,occasional,30,62634,407.0,Budget,1,0.2,Quick Bites,3.2,0.06,Malleshwaram
1002880,Student,regular,21,11334,319.0,Budget,1,0.35,Dessert Parlor,7.5,0.03,Koramangala 2nd Block
1002881,Student,regular,18,31035,578.0,Mid-range,1,0.35,Quick Bites,5.4,0.03,Cunningham Road
1002882,Student,occasional,18,14928,272.0,Budget,1,0.35,Cafe,20.6,0.06,JP Nagar
1002883,Office Worker,regular,24,70374,578.0,Mid-range,1,0.2,Quick Bites,19.8,0.03,Kengeri
1002884,Office Worker,trial_only,34,70569,459.0,Budget,1,0.2,Casual Dining,41.0,0.15,Malleshwaram
1002885,Office Worker,trial_only,40,78623,567.0,Mid-range,2,0.2,Cafe,26.6,0.15,Vasanth Nagar
1002886,Student,trial_only,18,30242,145.0,Budget,1,0.35,Cafe,23.9,0.15,Koramangala 1st Block
1002887,Student,regular,18,34641,456.0,Budget,1,0.35,Quick Bites,12.5,0.03,Commercial Street
1002888,Food Explorer,regular,36,46931,685.0,Mid-range,1,0.7,Sweet Shop,10.7,0.03,CV Raman Nagar
1002889,Student,trial_only,23,19123,279.0,Budget,2,0.35,Quick Bites,22.5,0.15,Church Street
1002890,Student,occasional,23,19093,372.0,Budget,1,0.35,Dessert Parlor,3.9,0.06,Kammanahalli
1002891,Student,occasional,19,19406,312.0,Budget,2,0.35,Dessert Parlor,14.6,0.06,JP Nagar
1002892,Food Explorer,trial_only,38,59099,313.0,Budget,1,0.7,Quick Bites,16.3,0.15,HSR
1002893,Family,regular,42,88064,315.0,Budget,4,0.15,Dessert Parlor,3.3,0.03,Banaswadi
1002894,Family,regular,25,175786,1165.0,Premium,3,0.15,Casual Dining,1.2,0.03,Malleshwaram
1002895,Food Explorer,occasional,24,111910,544.0,Mid-range,1,0.7,Sweet Shop,35.5,0.06,Ulsoor
1002896,Student,occasional,22,27062,251.0,Budget,1,0.35,Quick Bites,46.3,0.06,Bellandur
1002897,Food Explorer,regular,36,84398,466.0,Budget,1,0.7,Irani Cafe,4.9,0.03,BTM
1002898,Student,occasional,23,21891,417.0,Budget,2,0.35,Quick Bites,12.1,0.06,Sarjapur Road
1002899,Family,occasional,41,141852,702.0,Mid-range,4,0.15,Casual Dining,15.1,0.06,Koramangala 7th Block
1002900,Office Worker,regular,32,81741,514.0,Mid-range,2,0.2,Cafe,4.7,0.03,Frazer Town
1002901,Office Worker,regular,35,55576,417.0,Budget,1,0.2,Food Court,8.1,0.03,BTM
1002902,Food Explorer,occasional,24,83013,286.0,Budget,2,0.7,Delivery,18.4,0.06,Bannerghatta Road
1002903,Student,occasional,20,32803,372.0,Budget,1,0.35,Cafe,34.0,0.06,Bannerghatta Road
1002904,Food Explorer,trial_only,23,112907,876.0,Mid-range,1,0.7,Pop Up,10.2,0.15,Electronic City
1002905,Office Worker,regular,38,43794,382.0,Budget,1,0.2,Casual Dining,7.9,0.03,BTM
1002906,Family,trial_only,41,88657,792.0,Mid-range,3,0.15,Dessert Parlor,21.6,0.15,Sarjapur Road
1002907,Food Explorer,occasional,36,56342,624.0,Mid-range,2,0.7,Delivery,10.1,0.06,Koramangala 5th Block
1002908,Student,occasional,21,10683,336.0,Budget,2,0.35,Quick Bites,1.7,0.06,Vasanth Nagar
1002909,Food Explorer,regular,39,95556,1093.0,Premium,3,0.7,Food Truck,3.4,0.03,Banashankari
1002910,Family,power_user,53,111449,735.0,Mid-range,6,0.15,Casual Dining,3.8,0.01,Lavelle Road
1002911,Family,occasional,42,63805,734.0,Mid-range,4,0.15,Dessert Parlor,7.6,0.06,Koramangala 1st Block
1002912,Student,regular,23,15107,286.0,Budget,1,0.35,Quick Bites,6.9,0.03,Marathahalli
1002913,Office Worker,regular,34,61929,356.0,Budget,1,0.2,Quick Bites,5.3,0.03,Whitefield
1002914,Family,trial_only,46,160288,456.0,Budget,3,0.15,Casual Dining,28.5,0.15,Bannerghatta Road
1002915,Office Worker,regular,27,69776,463.0,Budget,1,0.2,Cafe,3.2,0.03,Wilson Garden
1002916,Student,trial_only,24,23323,342.0,Budget,2,0.35,Quick Bites,21.3,0.15,Bommanahalli
1002917,Student,occasional,19,14661,300.0,Budget,1,0.35,Quick Bites,16.1,0.06,Kumaraswamy Layout
1002918,Couple,trial_only,39,78866,1181.0,Premium,2,0.3,Pub,18.3,0.15,Banaswadi
1002919,Student,regular,22,29548,228.0,Budget,2,0.35,Dessert Parlor,8.6,0.03,Koramangala 5th Block
1002920,Family,occasional,23,152829,850.0,Mid-range,4,0.15,Dessert Parlor,8.3,0.06,Frazer Town
1002921,Food Explorer,occasional,36,109455,642.0,Mid-range,1,0.7,Beverage Shop,22.4,0.06,Jayanagar
1002922,Student,trial_only,18,23172,338.0,Budget,1,0.35,Quick Bites,6.6,0.15,Bannerghatta Road
1002923,Student,regular,21,16826,326.0,Budget,1,0.35,Cafe,5.7,0.03,Electronic City
1002924,Family,regular,49,120335,879.0,Mid-range,3,0.15,Casual Dining,8.5,0.03,Whitefield
1002925,Student,trial_only,18,32406,406.0,Budget,2,0.35,Beverage Shop,25.4,0.15,JP Nagar
1002926,Family,power_user,32,81694,914.0,Mid-range,5,0.15,Food Court,4.4,0.01,HSR
1002927,Family,occasional,38,161632,896.0,Mid-range,2,0.15,Fine Dining,9.8,0.06,Bellandur
1002928,Family,power_user,53,179426,451.0,Budget,2,0.15,Food Court,2.0,0.01,Koramangala 4th Block
1002929,Office Worker,power_user,29,79192,555.0,Mid-range,1,0.2,Food Court,0.5,0.01,Ejipura
1002930,Family,occasional,24,139082,740.0,Mid-range,1,0.15,Fine Dining,22.0,0.06,BTM
1002931,Family,occasional,24,109104,816.0,Mid-range,5,0.15,Casual Dining,24.9,0.06,BTM
1002932,Student,occasional,19,31371,198.0,Budget,1,0.35,Quick Bites,23.3,0.06,Residency Road
1002933,Family,occasional,51,79297,1218.0,Premium,2,0.15,Casual Dining,8.8,0.06,Kammanahalli
1002934,Couple,occasional,41,125973,458.0,Budget,1,0.3,Pub,3.1,0.06,BTM
1002935,Family,trial_only,35,108202,1098.0,Premium,3,0.15,Fine Dining,73.9,0.15,Brookefield
1002936,Office Worker,regular,38,60176,493.0,Budget,1,0.2,Delivery,5.5,0.03,Koramangala 6th Block
1002937,Office Worker,regular,39,57792,259.0,Budget,1,0.2,Cafe,1.8,0.03,Indiranagar
1002938,Student,regular,24,10243,463.0,Budget,1,0.35,Bakery,13.9,0.03,MG Road
1002939,Student,occasional,18,34667,341.0,Budget,1,0.35,Quick Bites,1.9,0.06,Indiranagar
1002940,Student,regular,18,26667,111.0,Budget,1,0.35,Dessert Parlor,16.3,0.03,Bellandur
1002941,Food Explorer,occasional,35,88002,494.0,Budget,1,0.7,Bar,3.3,0.06,Koramangala 1st Block
1002942,Student,regular,20,12518,343.0,Budget,1,0.35,Dessert Parlor,5.4,0.03,Indiranagar
1002943,Couple,occasional,27,127881,1714.0,Premium,2,0.3,Fine Dining,11.6,0.06,Jayanagar
1002944,Student,trial_only,22,34037,267.0,Budget,2,0.35,Quick Bites,30.4,0.15,Commercial Street
1002945,Office Worker,occasional,29,78879,185.0,Budget,1,0.2,Cafe,18.4,0.06,Bannerghatta Road
1002946,Office Worker,occasional,39,44956,596.0,Mid-range,2,0.2,Quick Bites,8.2,0.06,Whitefield
1002947,Office Worker,regular,33,40884,500.0,Budget,1,0.2,Cafe,4.8,0.03,Brigade Road
1002948,Couple,occasional,29,86733,530.0,Mid-range,1,0.3,Fine Dining,8.1,0.06,HSR
1002949,Food Explorer,regular,39,41808,686.0,Mid-range,1,0.7,Dhaba,12.4,0.03,Koramangala 6th Block
1002950,Couple,trial_only,37,105156,1335.0,Premium,2,0.3,Fine Dining,33.8,0.15,Shanti Nagar
1002951,Student,regular,20,21456,274.0,Budget,1,0.35,Quick Bites,12.1,0.03,Koramangala 1st Block
1002952,Couple,regular,27,100261,952.0,Mid-range,3,0.3,Fine Dining,4.4,0.03,BTM
1002953,Student,regular,21,34750,251.0,Budget,1,0.35,Quick Bites,4.4,0.03,Koramangala 8th Block
1002954,Food Explorer,occasional,36,92412,519.0,Mid-range,3,0.7,Sweet Shop,4.1,0.06,Brookefield
1002955,Office Worker,trial_only,38,55012,485.0,Budget,1,0.2,Cafe,43.3,0.15,City Market
1002956,Office Worker,regular,25,77007,529.0,Mid-range,1,0.2,Delivery,6.3,0.03,Rajajinagar
1002957,Student,regular,21,19243,128.0,Budget,2,0.35,Dessert Parlor,5.6,0.03,Cunningham Road
1002958,Student,regular,24,28941,320.0,Budget,1,0.35,Quick Bites,4.0,0.03,Jeevan Bhima Nagar
1002959,Student,trial_only,22,33319,339.0,Budget,1,0.35,Cafe,19.8,0.15,Whitefield
1002960,Food Explorer,trial_only,23,112647,642.0,Mid-range,2,0.7,Meat Shop,34.3,0.15,Vijay Nagar
1002961,Couple,regular,44,101888,1079.0,Premium,3,0.3,Fine Dining,9.6,0.03,Whitefield
1002962,Food Explorer,occasional,35,77593,955.0,Mid-range,1,0.7,Meat Shop,7.1,0.06,South Bangalore
1002963,Student,occasional,21,19939,408.0,Budget,1,0.35,Cafe,20.0,0.06,Kammanahalli
1002964,Family,occasional,47,124101,727.0,Mid-range,5,0.15,Fine Dining,12.5,0.06,Basavanagudi
1002965,Office Worker,occasional,34,86172,442.0,Budget,2,0.2,Casual Dining,16.1,0.06,JP Nagar
1002966,Office Worker,occasional,27,82445,527.0,Mid-range,1,0.2,Quick Bites,10.7,0.06,Indiranagar
1002967,Office Worker,occasional,37,66389,578.0,Mid-range,1,0.2,Casual Dining,9.6,0.06,Koramangala 5th Block
1002968,Office Worker,regular,27,46940,368.0,Budget,1,0.2,Casual Dining,5.0,0.03,Indiranagar
1002969,Family,power_user,28,105184,591.0,Mid-range,6,0.15,Fine Dining,0.8,0.01,Wilson Garden
1002970,Student,regular,22,16148,322.0,Budget,2,0.35,Quick Bites,4.2,0.03,Electronic City
1002971,Office Worker,power_user,23,41191,338.0,Budget,2,0.2,Food Court,0.5,0.01,Majestic
1002972,Family,regular,42,61094,411.0,Budget,5,0.15,Cafe,9.8,0.03,Koramangala 4th Block
1002973,Student,trial_only,21,29347,234.0,Budget,1,0.35,Quick Bites,7.7,0.15,BTM
1002974,Food Explorer,trial_only,35,99079,704.0,Mid-range,1,0.7,Quick Bites,36.0,0.15,Jayanagar
1002975,Office Worker,power_user,25,40745,605.0,Mid-range,2,0.2,Delivery,1.1,0.01,Jayanagar
1002976,Couple,power_user,36,118759,987.0,Mid-range,1,0.3,Lounge,5.8,0.01,Bellandur
1002977,Family,occasional,35,79846,775.0,Mid-range,5,0.15,Dessert Parlor,1.9,0.06,Kalyan Nagar
1002978,Family,occasional,26,93206,831.0,Mid-range,5,0.15,Fine Dining,11.3,0.06,Whitefield
1002979,Family,regular,36,91025,670.0,Mid-range,3,0.15,Casual Dining,14.0,0.03,Bannerghatta Road
1002980,Couple,trial_only,44,62991,982.0,Mid-range,1,0.3,Cafe,37.0,0.15,Kanakapura Road
1002981,Family,regular,49,147484,867.0,Mid-range,3,0.15,Casual Dining,4.2,0.03,Marathahalli
1002982,Office Worker,power_user,25,32551,330.0,Budget,1,0.2,Casual Dining,8.2,0.01,Brigade Road
1002983,Student,occasional,23,20134,239.0,Budget,1,0.35,Quick Bites,10.9,0.06,Brigade Road
1002984,Family,occasional,40,118544,759.0,Mid-range,7,0.15,Casual Dining,10.6,0.06,Koramangala 5th Block
1002985,Student,regular,18,24428,326.0,Budget,2,0.35,Cafe,11.1,0.03,Koramangala 1st Block
1002986,Student,occasional,24,14837,179.0,Budget,1,0.35,Quick Bites,10.2,0.06,JP Nagar
1002987,Student,trial_only,21,21785,290.0,Budget,1,0.35,Quick Bites,21.0,0.15,HSR
1002988,Office Worker,power_user,39,77604,321.0,Budget,1,0.2,Cafe,1.6,0.01,Rajajinagar
1002989,Student,occasional,18,19357,245.0,Budget,2,0.35,Cafe,17.2,0.06,Frazer Town
1002990,Family,regular,26,174004,958.0,Mid-range,4,0.15,Fine Dining,9.1,0.03,Whitefield
1002991,Couple,occasional,43,92980,1178.0,Premium,1,0.3,Fine Dining,7.6,0.06,HSR
1002992,Couple,regular,29,127686,1701.0,Premium,2,0.3,Lounge,12.7,0.03,Kaggadasapura
1002993,Office Worker,regular,32,36849,443.0,Budget,1,0.2,Quick Bites,3.6,0.03,Jeevan Bhima Nagar
1002994,Office Worker,regular,33,81096,547.0,Mid-range,1,0.2,Casual Dining,2.9,0.03,Marathahalli
1002995,Family,trial_only,54,117568,959.0,Mid-range,3,0.15,Casual Dining,9.7,0.15,Banashankari
1002996,Office Worker,regular,29,89448,449.0,Budget,1,0.2,Cafe,11.7,0.03,Indiranagar
1002997,Family,trial_only,47,144074,537.0,Mid-range,5,0.15,Casual Dining,10.9,0.15,Marathahalli
1002998,Student,regular,23,28521,292.0,Budget,2,0.35,Beverage Shop,17.3,0.03,Koramangala 7th Block
1002999,Food Explorer,trial_only,35,51877,467.0,Budget,1,0.7,Bhojanalya,9.1,0.15,Whitefield
1003000,Student,occasional,21,24183,254.0,Budget,2,0.35,Cafe,11.0,0.06,BTM
1003001,Couple,regular,25,123806,1247.0,Premium,2,0.3,Fine Dining,2.5,0.03,Frazer Town
1003002,Family,occasional,29,157202,510.0,Mid-range,5,0.15,Casual Dining,8.5,0.06,Koramangala 5th Block
1003003,Student,occasional,21,19408,230.0,Budget,2,0.35,Bakery,11.9,0.06,Indiranagar
1003004,Family,occasional,34,127662,598.0,Mid-range,4,0.15,Fine Dining,36.0,0.06,Majestic
1003005,Student,regular,19,14334,280.0,Budget,1,0.35,Dessert Parlor,10.0,0.03,Koramangala 4th Block
1003006,Couple,occasional,39,93251,970.0,Mid-range,1,0.3,Pub,1.4,0.06,JP Nagar
1003007,Family,occasional,36,117109,660.0,Mid-range,4,0.15,Casual Dining,11.5,0.06,Indiranagar
1003008,Student,regular,23,10812,311.0,Budget,4,0.35,Cafe,5.5,0.03,JP Nagar
1003009,Student,occasional,21,32916,264.0,Budget,2,0.35,Cafe,8.8,0.06,Domlur
1003010,Couple,regular,32,114298,1201.0,Premium,2,0.3,Lounge,6.8,0.03,Rajajinagar
1003011,Office Worker,occasional,24,40980,338.0,Budget,2,0.2,Delivery,47.1,0.06,Koramangala 6th Block
1003012,Couple,occasional,26,139752,951.0,Mid-range,2,0.3,Fine Dining,7.8,0.06,HSR
1003013,Couple,trial_only,35,119142,1812.0,Premium,2,0.3,Cafe,36.4,0.15,Residency Road
1003014,Family,regular,32,143178,661.0,Mid-range,3,0.15,Cafe,1.8,0.03,Shivajinagar
1003015,Office Worker,regular,35,85977,239.0,Budget,1,0.2,Cafe,1.0,0.03,Koramangala 7th Block
1003016,Family,regular,42,108497,868.0,Mid-range,6,0.15,Casual Dining,5.2,0.03,JP Nagar
1003017,Food Explorer,occasional,27,68411,423.0,Budget,1,0.7,Cafe,20.9,0.06,Richmond Road
1003018,Student,regular,23,25423,320.0,Budget,1,0.35,Quick Bites,5.0,0.03,Jayanagar
1003019,Office Worker,regular,33,83312,441.0,Budget,1,0.2,Quick Bites,9.3,0.03,Jeevan Bhima Nagar
1003020,Student,regular,24,30324,344.0,Budget,1,0.35,Quick Bites,9.3,0.03,Lavelle Road
1003021,Office Worker,trial_only,40,77199,440.0,Budget,1,0.2,Cafe,129.0,0.15,Bannerghatta Road
1003022,Family,regular,54,151709,755.0,Mid-range,5,0.15,Casual Dining,7.8,0.03,BTM
1003023,Office Worker,occasional,25,32099,565.0,Mid-range,1,0.2,Delivery,11.4,0.06,Basaveshwara Nagar
1003024,Family,regular,39,118941,356.0,Budget,3,0.15,Casual Dining,8.1,0.03,Majestic
1003025,Office Worker,regular,23,51342,317.0,Budget,1,0.2,Cafe,3.3,0.03,Koramangala 1st Block
1003026,Student,power_user,24,19042,234.0,Budget,1,0.35,Quick Bites,3.9,0.01,BTM
1003027,Office Worker,regular,35,81360,281.0,Budget,1,0.2,Quick Bites,8.4,0.03,Frazer Town
1003028,Couple,occasional,29,89686,1056.0,Premium,3,0.3,Cafe,31.1,0.06,Whitefield
1003029,Family,regular,41,160418,684.0,Mid-range,2,0.15,Fine Dining,2.7,0.03,Residency Road
1003030,Office Worker,regular,33,84475,547.0,Mid-range,2,0.2,Cafe,6.5,0.03,BTM
1003031,Couple,power_user,35,95513,1174.0,Premium,2,0.3,Fine Dining,7.4,0.01,Ulsoor
1003032,Student,regular,21,14246,283.0,Budget,2,0.35,Cafe,3.8,0.03,Kumaraswamy Layout
1003033,Office Worker,regular,40,71906,412.0,Budget,1,0.2,Casual Dining,0.4,0.03,Brigade Road
1003034,Student,regular,23,31575,216.0,Budget,2,0.35,Food Court,6.2,0.03,Basaveshwara Nagar
1003035,Food Explorer,power_user,29,72487,823.0,Mid-range,1,0.7,Bar,2.5,0.01,Frazer Town
1003036,Family,occasional,47,83434,1042.0,Premium,4,0.15,Casual Dining,12.1,0.06,Koramangala 4th Block
1003037,Family,trial_only,25,122468,558.0,Mid-range,5,0.15,Casual Dining,30.6,0.15,Shivajinagar
1003038,Student,occasional,19,34523,430.0,Budget,2,0.35,Bakery,20.6,0.06,Wilson Garden
1003039,Student,power_user,18,22927,246.0,Budget,2,0.35,Bakery,14.0,0.01,Cunningham Road
1003040,Family,trial_only,51,113801,649.0,Mid-range,6,0.15,Cafe,16.1,0.15,Jeevan Bhima Nagar
1003041,Office Worker,trial_only,23,56397,497.0,Budget,1,0.2,Quick Bites,14.0,0.15,BTM
1003042,Food Explorer,occasional,38,98675,741.0,Mid-range,1,0.7,Mess,20.1,0.06,JP Nagar
1003043,Couple,regular,42,84097,1179.0,Premium,4,0.3,Cafe,3.0,0.03,Whitefield
1003044,Office Worker,occasional,40,73763,415.0,Budget,1,0.2,Quick Bites,9.3,0.06,HBR Layout
1003045,Family,trial_only,47,178385,1034.0,Premium,3,0.15,Casual Dining,20.2,0.15,Vasanth Nagar
1003046,Food Explorer,occasional,30,101803,444.0,Budget,1,0.7,Takeaway,29.6,0.06,Rajajinagar
1003047,Office Worker,occasional,37,85719,443.0,Budget,1,0.2,Cafe,32.1,0.06,Kammanahalli
1003048,Family,occasional,55,154728,1139.0,Premium,6,0.15,Casual Dining,1.9,0.06,Bellandur
1003049,Food Explorer,trial_only,38,107493,266.0,Budget,2,0.7,Confectionery,5.0,0.15,HSR
1003050,Student,power_user,23,10976,263.0,Budget,1,0.35,Bakery,2.5,0.01,Kalyan Nagar
1003051,Couple,regular,40,85297,1508.0,Premium,1,0.3,Lounge,11.9,0.03,Brigade Road
1003052,Student,trial_only,22,16833,342.0,Budget,1,0.35,Quick Bites,26.6,0.15,Bannerghatta Road
1003053,Family,regular,52,163585,979.0,Mid-range,3,0.15,Food Court,14.8,0.03,Marathahalli
1003054,Couple,regular,33,72971,803.0,Mid-range,1,0.3,Fine Dining,3.3,0.03,Koramangala 5th Block
1003055,Family,regular,38,176134,864.0,Mid-range,3,0.15,Fine Dining,4.7,0.03,Bannerghatta Road
1003056,Office Worker,regular,38,71916,421.0,Budget,2,0.2,Casual Dining,6.8,0.03,Wilson Garden
1003057,Family,power_user,29,74874,1254.0,Premium,2,0.15,Cafe,1.8,0.01,JP Nagar
1003058,Student,occasional,23,27083,365.0,Budget,1,0.35,Quick Bites,36.4,0.06,Koramangala 4th Block
1003059,Student,regular,18,18565,298.0,Budget,1,0.35,Quick Bites,4.4,0.03,Ulsoor
1003060,Office Worker,occasional,33,47822,479.0,Budget,2,0.2,Cafe,15.8,0.06,Marathahalli
1003061,Family,regular,21,179288,811.0,Mid-range,5,0.15,Casual Dining,3.8,0.03,Whitefield
1003062,Office Worker,trial_only,40,77613,520.0,Mid-range,1,0.2,Delivery,17.1,0.15,Koramangala 5th Block
1003063,Student,occasional,23,29084,231.0,Budget,1,0.35,Food Court,5.6,0.06,Bannerghatta Road
1003064,Couple,trial_only,29,81162,1610.0,Premium,5,0.3,Fine Dining,47.1,0.15,Brigade Road
1003065,Office Worker,regular,25,69754,318.0,Budget,2,0.2,Casual Dining,9.4,0.03,BTM
1003066,Office Worker,power_user,34,50576,471.0,Budget,1,0.2,Cafe,4.3,0.01,Wilson Garden
1003067,Office Worker,occasional,39,66179,368.0,Budget,2,0.2,Quick Bites,8.8,0.06,BTM
1003068,Student,trial_only,20,19971,303.0,Budget,1,0.35,Quick Bites,20.7,0.15,BTM
1003069,Family,power_user,54,133144,998.0,Mid-range,3,0.15,Fine Dining,3.7,0.01,Kalyan Nagar
1003070,Office Worker,occasional,31,74676,279.0,Budget,1,0.2,Casual Dining,5.6,0.06,Kammanahalli
1003071,Student,occasional,21,17878,286.0,Budget,1,0.35,Dessert Parlor,11.3,0.06,Electronic City
1003072,Food Explorer,regular,28,40942,240.0,Budget,1,0.7,Beverage Shop,8.7,0.03,Jayanagar
1003073,Couple,occasional,29,59680,1116.0,Premium,2,0.3,Fine Dining,7.3,0.06,Frazer Town
1003074,Family,regular,32,168776,512.0,Mid-range,4,0.15,Cafe,19.3,0.03,Domlur
1003075,Couple,power_user,27,145940,1249.0,Premium,1,0.3,Lounge,3.5,0.01,Indiranagar
1003076,Food Explorer,trial_only,29,95365,493.0,Budget,1,0.7,Bar,23.8,0.15,Ulsoor
1003077,Office Worker,occasional,28,36423,525.0,Mid-range,2,0.2,Cafe,9.4,0.06,St. Marks Road
1003078,Family,occasional,22,130392,1046.0,Premium,1,0.15,Dessert Parlor,19.5,0.06,Kalyan Nagar
1003079,Family,occasional,33,111894,802.0,Mid-range,6,0.15,Casual Dining,7.7,0.06,BTM
1003080,Office Worker,trial_only,23,44240,539.0,Mid-range,1,0.2,Cafe,39.9,0.15,Koramangala 5th Block
1003081,Student,regular,19,19482,411.0,Budget,1,0.35,Cafe,2.3,0.03,Rajajinagar
1003082,Student,regular,23,29638,226.0,Budget,2,0.35,Quick Bites,5.5,0.03,Koramangala 1st Block
1003083,Family,regular,20,179565,1087.0,Premium,8,0.15,Casual Dining,10.5,0.03,JP Nagar
1003084,Couple,occasional,30,137279,1189.0,Premium,1,0.3,Fine Dining,7.2,0.06,BTM
1003085,Couple,occasional,39,70381,906.0,Mid-range,1,0.3,Fine Dining,7.2,0.06,BTM
1003086,Office Worker,occasional,23,60093,480.0,Budget,1,0.2,Cafe,12.7,0.06,Brigade Road
1003087,Student,regular,23,23205,294.0,Budget,2,0.35,Quick Bites,6.6,0.03,Basavanagudi
1003088,Office Worker,regular,24,47547,309.0,Budget,1,0.2,Quick Bites,11.8,0.03,Bannerghatta Road
1003089,Office Worker,trial_only,23,56104,340.0,Budget,1,0.2,Cafe,39.3,0.15,Bannerghatta Road
1003090,Food Explorer,trial_only,25,70444,1009.0,Premium,2,0.7,Bhojanalya,21.4,0.15,BTM
1003091,Couple,regular,42,56958,1284.0,Premium,3,0.3,Lounge,5.2,0.03,Marathahalli
1003092,Food Explorer,occasional,22,73300,970.0,Mid-range,1,0.7,Lounge,20.8,0.06,Koramangala 5th Block
1003093,Couple,occasional,26,86416,1075.0,Premium,1,0.3,Cafe,4.7,0.06,Bannerghatta Road
1003094,Food Explorer,occasional,39,64473,400.0,Budget,2,0.7,Takeaway,6.1,0.06,BTM
1003095,Office Worker,regular,33,66826,282.0,Budget,1,0.2,Casual Dining,4.0,0.03,Koramangala 6th Block
1003096,Student,occasional,21,27805,377.0,Budget,2,0.35,Beverage Shop,3.2,0.06,Sarjapur Road
1003097,Student,power_user,18,11173,333.0,Budget,2,0.35,Quick Bites,4.9,0.01,Shivajinagar
1003098,Office Worker,regular,30,50530,409.0,Budget,1,0.2,Food Court,2.0,0.03,Koramangala 5th Block
1003099,Office Worker,occasional,33,31851,371.0,Budget,2,0.2,Casual Dining,49.1,0.06,Ulsoor
1003100,Student,regular,21,30531,390.0,Budget,1,0.35,Beverage Shop,8.5,0.03,Shivajinagar
1003101,Food Explorer,power_user,31,114177,556.0,Mid-range,2,0.7,Irani Cafe,1.7,0.01,Jeevan Bhima Nagar
1003102,Student,regular,18,21592,287.0,Budget,2,0.35,Food Court,5.0,0.03,Koramangala 5th Block
1003103,Food Explorer,regular,40,115602,450.0,Budget,1,0.7,Delivery,15.7,0.03,Banashankari
1003104,Couple,occasional,39,112896,1078.0,Premium,2,0.3,Fine Dining,9.7,0.06,Koramangala 5th Block
1003105,Family,regular,28,164284,910.0,Mid-range,4,0.15,Casual Dining,4.0,0.03,Koramangala 5th Block
1003106,Family,occasional,54,173755,517.0,Mid-range,2,0.15,Fine Dining,10.5,0.06,Frazer Town
1003107,Office Worker,trial_only,28,65222,458.0,Budget,2,0.2,Casual Dining,20.1,0.15,Shanti Nagar
1003108,Family,regular,24,113526,991.0,Mid-range,6,0.15,Cafe,6.2,0.03,Marathahalli
1003109,Student,trial_only,24,28549,293.0,Budget,2,0.35,Cafe,20.1,0.15,Kammanahalli
1003110,Food Explorer,regular,24,53627,864.0,Mid-range,2,0.7,Food Truck,14.0,0.03,Richmond Road
1003111,Office Worker,regular,24,47799,584.0,Mid-range,1,0.2,Food Court,5.6,0.03,Marathahalli
1003112,Office Worker,power_user,34,62995,540.0,Mid-range,2,0.2,Delivery,1.3,0.01,Whitefield
1003113,Family,power_user,29,84161,693.0,Mid-range,5,0.15,Dessert Parlor,0.8,0.01,Basavanagudi
1003114,Family,power_user,25,119601,793.0,Mid-range,2,0.15,Casual Dining,1.0,0.01,Shanti Nagar
1003115,Office Worker,regular,24,81353,485.0,Budget,1,0.2,Delivery,9.8,0.03,BTM
1003116,Family,trial_only,24,153910,706.0,Mid-range,3,0.15,Casual Dining,36.0,0.15,Electronic City
1003117,Student,occasional,24,32283,260.0,Budget,1,0.35,Bakery,15.0,0.06,Whitefield
1003118,Family,trial_only,44,163224,687.0,Mid-range,7,0.15,Fine Dining,41.9,0.15,HSR
1003119,Office Worker,occasional,38,49942,704.0,Mid-range,1,0.2,Cafe,21.1,0.06,Koramangala 5th Block
1003120,Office Worker,occasional,34,72757,423.0,Budget,2,0.2,Quick Bites,18.2,0.06,Church Street
1003121,Student,regular,21,19300,385.0,Budget,3,0.35,Quick Bites,1.6,0.03,Richmond Road
1003122,Office Worker,occasional,26,88288,363.0,Budget,1,0.2,Casual Dining,2.8,0.06,City Market
1003123,Office Worker,regular,40,40605,620.0,Mid-range,1,0.2,Quick Bites,5.4,0.03,Jayanagar
1003124,Office Worker,trial_only,37,46151,412.0,Budget,3,0.2,Cafe,53.3,0.15,Vasanth Nagar
1003125,Student,trial_only,21,33540,304.0,Budget,1,0.35,Quick Bites,22.6,0.15,BTM
1003126,Student,regular,18,15980,153.0,Budget,1,0.35,Quick Bites,5.6,0.03,Old Airport Road
1003127,Office Worker,occasional,36,67166,562.0,Mid-range,1,0.2,Quick Bites,19.6,0.06,BTM
1003128,Student,occasional,20,17282,407.0,Budget,1,0.35,Quick Bites,0.9,0.06,Koramangala 5th Block
1003129,Family,occasional,27,94138,563.0,Mid-range,6,0.15,Casual Dining,12.1,0.06,Rajajinagar
1003130,Food Explorer,regular,36,93673,894.0,Mid-range,1,0.7,Microbrewery,5.0,0.03,Thippasandra
1003131,Office Worker,occasional,38,77692,316.0,Budget,1,0.2,Casual Dining,12.6,0.06,Koramangala 4th Block
1003132,Food Explorer,occasional,33,58603,758.0,Mid-range,1,0.7,Club,37.3,0.06,Cunningham Road
1003133,Student,regular,18,34572,277.0,Budget,1,0.35,Quick Bites,4.4,0.03,HSR
1003134,Student,occasional,22,12210,407.0,Budget,1,0.35,Dessert Parlor,20.0,0.06,Domlur
1003135,Family,regular,53,72006,850.0,Mid-range,4,0.15,Casual Dining,4.6,0.03,Indiranagar
1003136,Couple,trial_only,39,147773,1479.0,Premium,1,0.3,Lounge,13.3,0.15,Kumaraswamy Layout
1003137,Couple,regular,29,55542,1571.0,Premium,1,0.3,Lounge,5.0,0.03,Bellandur
1003138,Student,regular,22,17865,277.0,Budget,1,0.35,Quick Bites,13.2,0.03,New BEL Road
1003139,Couple,regular,29,62115,1191.0,Premium,2,0.3,Microbrewery,11.0,0.03,Malleshwaram
1003140,Office Worker,trial_only,38,43343,339.0,Budget,1,0.2,Casual Dining,19.1,0.15,BTM
1003141,Office Worker,occasional,38,34440,420.0,Budget,1,0.2,Delivery,4.7,0.06,JP Nagar
1003142,Student,power_user,21,18969,454.0,Budget,1,0.35,Quick Bites,4.5,0.01,Sarjapur Road
1003143,Food Explorer,regular,24,63653,789.0,Mid-range,1,0.7,Meat Shop,10.1,0.03,JP Nagar
1003144,Student,occasional,20,13960,216.0,Budget,2,0.35,Cafe,12.1,0.06,Kammanahalli
1003145,Couple,regular,26,121868,1689.0,Premium,3,0.3,Cafe,2.2,0.03,Church Street
1003146,Family,power_user,47,64292,878.0,Mid-range,2,0.15,Dessert Parlor,4.7,0.01,BTM
1003147,Family,trial_only,44,116915,966.0,Mid-range,8,0.15,Cafe,27.5,0.15,Koramangala 4th Block
1003148,Family,regular,29,96646,898.0,Mid-range,3,0.15,Fine Dining,6.3,0.03,Koramangala
1003149,Couple,occasional,42,115026,1326.0,Premium,1,0.3,Pub,34.3,0.06,Koramangala 7th Block
1003150,Student,regular,23,18446,140.0,Budget,2,0.35,Quick Bites,6.5,0.03,Shivajinagar
1003151,Student,occasional,24,21817,389.0,Budget,1,0.35,Dessert Parlor,22.4,0.06,HSR
1003152,Family,occasional,30,157322,349.0,Budget,1,0.15,Casual Dining,30.0,0.06,Basavanagudi
1003153,Office Worker,regular,26,38664,552.0,Mid-range,1,0.2,Food Court,4.1,0.03,JP Nagar
1003154,Student,occasional,21,20891,308.0,Budget,2,0.35,Cafe,5.9,0.06,Indiranagar
1003155,Student,trial_only,19,24054,367.0,Budget,1,0.35,Bakery,32.2,0.15,Koramangala 1st Block
1003156,Office Worker,trial_only,36,74205,466.0,Budget,1,0.2,Quick Bites,89.4,0.15,Kumaraswamy Layout
1003157,Student,regular,20,23414,384.0,Budget,2,0.35,Quick Bites,5.8,0.03,Richmond Road
1003158,Student,regular,22,28393,301.0,Budget,1,0.35,Dessert Parlor,2.9,0.03,Wilson Garden
1003159,Food Explorer,trial_only,25,103670,670.0,Mid-range,1,0.7,Delivery,13.9,0.15,Residency Road
1003160,Office Worker,power_user,24,77340,490.0,Budget,1,0.2,Quick Bites,2.0,0.01,Brookefield
1003161,Food Explorer,power_user,39,89236,1070.0,Premium,2,0.7,Lounge,2.5,0.01,Cunningham Road
1003162,Food Explorer,regular,30,113481,750.0,Mid-range,1,0.7,Beverage Shop,9.2,0.03,Jayanagar
1003163,Student,trial_only,18,10567,195.0,Budget,2,0.35,Cafe,34.8,0.15,Kammanahalli
1003164,Family,regular,49,119836,687.0,Mid-range,4,0.15,Cafe,14.7,0.03,Shivajinagar
1003165,Family,regular,24,156246,920.0,Mid-range,4,0.15,Fine Dining,6.1,0.03,Residency Road
1003166,Family,occasional,55,72474,1052.0,Premium,3,0.15,Fine Dining,18.7,0.06,Richmond Road
1003167,Student,regular,20,30455,242.0,Budget,2,0.35,Quick Bites,15.6,0.03,Koramangala 5th Block
1003168,Student,regular,21,10966,479.0,Budget,1,0.35,Quick Bites,6.9,0.03,HBR Layout
1003169,Student,occasional,19,29663,314.0,Budget,1,0.35,Quick Bites,1.4,0.06,Indiranagar
1003170,Family,regular,23,82429,884.0,Mid-range,10,0.15,Cafe,5.3,0.03,Bannerghatta Road
1003171,Food Explorer,trial_only,29,93402,286.0,Budget,1,0.7,Bakery,25.4,0.15,BTM
1003172,Family,regular,33,159506,1023.0,Premium,7,0.15,Dessert Parlor,3.0,0.03,BTM
1003173,Family,trial_only,36,157704,711.0,Mid-range,1,0.15,Casual Dining,7.3,0.15,Koramangala 5th Block
1003174,Food Explorer,occasional,31,85948,414.0,Budget,1,0.7,Quick Bites,4.4,0.06,Ulsoor
1003175,Family,regular,42,169010,737.0,Mid-range,4,0.15,Casual Dining,15.9,0.03,Indiranagar
1003176,Student,regular,18,13503,411.0,Budget,1,0.35,Bakery,9.5,0.03,Old Airport Road
1003177,Couple,occasional,31,73648,1340.0,Premium,2,0.3,Pub,3.9,0.06,BTM
1003178,Office Worker,regular,38,37958,361.0,Budget,2,0.2,Casual Dining,4.5,0.03,Koramangala 5th Block
1003179,Student,regular,24,27985,258.0,Budget,2,0.35,Beverage Shop,0.4,0.03,BTM
1003180,Office Worker,trial_only,32,83491,591.0,Mid-range,2,0.2,Quick Bites,21.8,0.15,HSR
1003181,Food Explorer,occasional,28,114434,541.0,Mid-range,2,0.7,Beverage Shop,3.2,0.06,JP Nagar
1003182,Office Worker,trial_only,30,61202,506.0,Mid-range,1,0.2,Food Court,56.8,0.15,Domlur
1003183,Office Worker,regular,37,37922,531.0,Mid-range,1,0.2,Quick Bites,16.9,0.03,Cunningham Road
1003184,Student,regular,20,14297,100.0,Budget,1,0.35,Quick Bites,17.5,0.03,Jayanagar
1003185,Student,occasional,24,25658,401.0,Budget,1,0.35,Quick Bites,5.5,0.06,BTM
1003186,Student,regular,18,32419,232.0,Budget,2,0.35,Beverage Shop,1.8,0.03,Richmond Road
1003187,Family,regular,41,178559,728.0,Mid-range,3,0.15,Cafe,4.8,0.03,Malleshwaram
1003188,Couple,power_user,35,122073,1662.0,Premium,2,0.3,Cafe,2.0,0.01,Wilson Garden
1003189,Student,power_user,21,32021,416.0,Budget,1,0.35,Quick Bites,0.3,0.01,Jeevan Bhima Nagar
1003190,Office Worker,occasional,31,58666,499.0,Budget,2,0.2,Casual Dining,7.0,0.06,Whitefield
1003191,Student,regular,19,14902,358.0,Budget,2,0.35,Dessert Parlor,5.1,0.03,Ejipura
1003192,Student,trial_only,20,21627,378.0,Budget,2,0.35,Quick Bites,6.5,0.15,Koramangala 7th Block
1003193,Family,regular,32,71930,1086.0,Premium,3,0.15,Casual Dining,2.6,0.03,Jeevan Bhima Nagar
1003194,Family,regular,43,140718,1111.0,Premium,2,0.15,Cafe,7.0,0.03,Kalyan Nagar
1003195,Family,regular,41,99535,822.0,Mid-range,3,0.15,Casual Dining,6.9,0.03,Electronic City
1003196,Office Worker,occasional,30,50298,376.0,Budget,1,0.2,Casual Dining,24.9,0.06,Sarjapur Road
1003197,Family,trial_only,38,60361,749.0,Mid-range,5,0.15,Cafe,3.5,0.15,JP Nagar
1003198,Student,trial_only,22,34998,310.0,Budget,3,0.35,Dessert Parlor,26.7,0.15,Sarjapur Road
1003199,Student,power_user,18,20685,296.0,Budget,1,0.35,Cafe,3.9,0.01,Whitefield
1003200,Food Explorer,regular,38,102765,347.0,Budget,1,0.7,Microbrewery,16.3,0.03,Bellandur
1003201,Couple,trial_only,43,101958,1331.0,Premium,4,0.3,Fine Dining,18.3,0.15,Indiranagar
1003202,Food Explorer,power_user,28,91277,208.0,Budget,2,0.7,Pop Up,2.2,0.01,Bellandur
1003203,Food Explorer,occasional,36,77434,621.0,Mid-range,1,0.7,Irani Cafe,9.0,0.06,Cunningham Road
1003204,Family,regular,34,142494,830.0,Mid-range,4,0.15,Casual Dining,5.8,0.03,Koramangala 6th Block
1003205,Food Explorer,regular,23,55986,629.0,Mid-range,1,0.7,Irani Cafe,12.2,0.03,BTM
1003206,Office Worker,regular,38,89766,535.0,Mid-range,1,0.2,Casual Dining,11.0,0.03,Malleshwaram
1003207,Student,regular,19,20696,357.0,Budget,2,0.35,Quick Bites,2.9,0.03,MG Road
1003208,Student,trial_only,20,10269,478.0,Budget,1,0.35,Cafe,23.2,0.15,BTM
1003209,Student,occasional,22,33813,259.0,Budget,3,0.35,Food Court,8.9,0.06,Indiranagar
1003210,Student,trial_only,21,10570,322.0,Budget,2,0.35,Cafe,17.1,0.15,Whitefield
1003211,Office Worker,occasional,27,58338,472.0,Budget,1,0.2,Cafe,18.4,0.06,Electronic City
1003212,Family,regular,48,154204,834.0,Mid-range,4,0.15,Fine Dining,4.3,0.03,Marathahalli
1003213,Couple,occasional,31,87046,821.0,Mid-range,2,0.3,Fine Dining,18.8,0.06,Lavelle Road
1003214,Family,regular,41,85127,563.0,Mid-range,1,0.15,Casual Dining,4.4,0.03,Marathahalli
1003215,Student,trial_only,22,16012,301.0,Budget,2,0.35,Quick Bites,15.8,0.15,HSR
1003216,Family,regular,53,142220,485.0,Budget,3,0.15,Casual Dining,5.3,0.03,Indiranagar
1003217,Office Worker,trial_only,31,64427,417.0,Budget,1,0.2,Delivery,99.2,0.15,HSR
1003218,Student,occasional,21,22584,248.0,Budget,1,0.35,Quick Bites,5.7,0.06,Jayanagar
1003219,Office Worker,occasional,39,60856,420.0,Budget,2,0.2,Casual Dining,7.0,0.06,Shivajinagar
1003220,Office Worker,occasional,31,49120,563.0,Mid-range,1,0.2,Casual Dining,2.6,0.06,Koramangala 7th Block
1003221,Office Worker,occasional,28,86105,342.0,Budget,1,0.2,Quick Bites,7.7,0.06,Marathahalli
1003222,Couple,occasional,24,73134,1461.0,Premium,1,0.3,Cafe,2.1,0.06,St. Marks Road
1003223,Couple,occasional,31,133754,1029.0,Premium,1,0.3,Microbrewery,2.2,0.06,Electronic City
1003224,Family,regular,27,153210,711.0,Mid-range,2,0.15,Casual Dining,7.5,0.03,Basavanagudi
1003225,Student,occasional,20,10167,337.0,Budget,3,0.35,Quick Bites,20.5,0.06,JP Nagar
1003226,Couple,regular,35,67098,1118.0,Premium,2,0.3,Cafe,18.5,0.03,Marathahalli
1003227,Family,occasional,38,126274,622.0,Mid-range,2,0.15,Casual Dining,5.9,0.06,Brigade Road
1003228,Student,occasional,19,13968,270.0,Budget,2,0.35,Dessert Parlor,5.6,0.06,Brigade Road
1003229,Family,regular,36,162302,445.0,Budget,2,0.15,Dessert Parlor,12.6,0.03,Rajajinagar
1003230,Office Worker,occasional,31,56516,488.0,Budget,1,0.2,Quick Bites,13.2,0.06,Sarjapur Road
1003231,Office Worker,occasional,23,80211,140.0,Budget,2,0.2,Casual Dining,6.1,0.06,St. Marks Road
1003232,Student,occasional,19,12982,371.0,Budget,1,0.35,Cafe,21.0,0.06,Jeevan Bhima Nagar
1003233,Office Worker,occasional,36,31440,512.0,Mid-range,1,0.2,Quick Bites,12.1,0.06,Bellandur
1003234,Student,occasional,18,26038,428.0,Budget,2,0.35,Quick Bites,11.8,0.06,Richmond Road
1003235,Student,occasional,20,30052,475.0,Budget,1,0.35,Cafe,32.9,0.06,New BEL Road
1003236,Student,regular,21,34800,375.0,Budget,1,0.35,Cafe,7.9,0.03,Marathahalli
1003237,Food Explorer,regular,25,103006,443.0,Budget,1,0.7,Takeaway,8.1,0.03,Indiranagar
1003238,Office Worker,occasional,34,74875,667.0,Mid-range,2,0.2,Casual Dining,20.8,0.06,Old Airport Road
1003239,Office Worker,regular,35,33477,331.0,Budget,1,0.2,Quick Bites,5.4,0.03,Koramangala 4th Block
1003240,Office Worker,regular,29,66194,260.0,Budget,3,0.2,Cafe,9.6,0.03,Koramangala 5th Block
1003241,Couple,regular,29,121361,1756.0,Premium,1,0.3,Cafe,15.9,0.03,Sarjapur Road
1003242,Family,regular,47,107357,920.0,Mid-range,2,0.15,Casual Dining,5.5,0.03,JP Nagar
1003243,Food Explorer,trial_only,26,119935,131.0,Budget,1,0.7,Dessert Parlor,31.5,0.15,Electronic City
1003244,Office Worker,regular,25,89280,314.0,Budget,1,0.2,Quick Bites,2.9,0.03,Richmond Road
1003245,Student,regular,18,31402,344.0,Budget,2,0.35,Cafe,3.4,0.03,Lavelle Road
1003246,Family,trial_only,23,165594,626.0,Mid-range,4,0.15,Casual Dining,20.8,0.15,Bannerghatta Road
1003247,Office Worker,trial_only,38,64082,377.0,Budget,1,0.2,Delivery,22.0,0.15,HSR
1003248,Couple,regular,44,132059,1790.0,Premium,2,0.3,Cafe,1.4,0.03,Banaswadi
1003249,Couple,trial_only,36,57124,1844.0,Premium,2,0.3,Lounge,71.0,0.15,Kalyan Nagar
1003250,Office Worker,regular,39,43800,465.0,Budget,2,0.2,Cafe,10.0,0.03,Ulsoor
1003251,Food Explorer,occasional,35,93116,562.0,Mid-range,1,0.7,Takeaway,14.6,0.06,Indiranagar
1003252,Family,power_user,34,74829,980.0,Mid-range,2,0.15,Fine Dining,1.2,0.01,BTM
1003253,Office Worker,regular,35,78778,394.0,Budget,1,0.2,Delivery,7.2,0.03,Koramangala 4th Block
1003254,Office Worker,regular,30,40676,227.0,Budget,1,0.2,Casual Dining,4.5,0.03,New BEL Road
1003255,Student,occasional,24,18730,100.0,Budget,2,0.35,Quick Bites,18.3,0.06,Indiranagar
1003256,Couple,power_user,42,75869,1178.0,Premium,2,0.3,Fine Dining,0.9,0.01,Richmond Road
1003257,Student,occasional,23,23531,371.0,Budget,1,0.35,Dessert Parlor,28.2,0.06,HSR
1003258,Office Worker,occasional,32,34902,452.0,Budget,1,0.2,Quick Bites,10.9,0.06,Basavanagudi
1003259,Family,power_user,38,157463,962.0,Mid-range,3,0.15,Casual Dining,5.4,0.01,Cunningham Road
1003260,Student,trial_only,18,32211,373.0,Budget,2,0.35,Quick Bites,107.2,0.15,Marathahalli
1003261,Student,regular,22,28677,411.0,Budget,2,0.35,Cafe,2.7,0.03,HSR
1003262,Family,regular,24,82224,837.0,Mid-range,3,0.15,Casual Dining,5.0,0.03,Koramangala 1st Block
1003263,Student,regular,21,17264,322.0,Budget,1,0.35,Dessert Parlor,2.1,0.03,Sarjapur Road
1003264,Office Worker,regular,25,43596,446.0,Budget,2,0.2,Cafe,3.4,0.03,HSR
1003265,Office Worker,regular,31,66125,424.0,Budget,1,0.2,Food Court,6.6,0.03,Koramangala 5th Block
1003266,Student,occasional,23,32204,174.0,Budget,1,0.35,Beverage Shop,3.7,0.06,BTM
1003267,Student,occasional,20,31981,394.0,Budget,1,0.35,Quick Bites,32.2,0.06,Shivajinagar
1003268,Couple,regular,37,145815,1085.0,Premium,2,0.3,Cafe,4.0,0.03,Marathahalli
1003269,Food Explorer,regular,26,95163,490.0,Budget,1,0.7,Club,8.4,0.03,Koramangala 6th Block
1003270,Student,occasional,20,15544,257.0,Budget,2,0.35,Bakery,34.0,0.06,Richmond Road
1003271,Food Explorer,regular,25,71853,265.0,Budget,1,0.7,Bhojanalya,2.0,0.03,Whitefield
1003272,Family,occasional,25,95302,783.0,Mid-range,1,0.15,Casual Dining,19.3,0.06,Banaswadi
1003273,Family,trial_only,33,67633,903.0,Mid-range,3,0.15,Casual Dining,44.4,0.15,Koramangala 5th Block
1003274,Family,regular,24,156013,659.0,Mid-range,2,0.15,Casual Dining,1.9,0.03,Sanjay Nagar
1003275,Family,occasional,52,129370,1008.0,Premium,8,0.15,Casual Dining,5.0,0.06,Electronic City
1003276,Couple,trial_only,40,147027,1089.0,Premium,3,0.3,Lounge,28.7,0.15,Koramangala 1st Block
1003277,Office Worker,occasional,26,80475,297.0,Budget,1,0.2,Casual Dining,31.8,0.06,Koramangala 6th Block
1003278,Office Worker,trial_only,38,68981,587.0,Mid-range,1,0.2,Food Court,48.3,0.15,Indiranagar
1003279,Office Worker,regular,29,32623,470.0,Budget,2,0.2,Food Court,3.1,0.03,Electronic City
1003280,Student,occasional,21,21065,369.0,Budget,1,0.35,Dessert Parlor,21.4,0.06,BTM
1003281,Family,regular,45,116987,977.0,Mid-range,1,0.15,Casual Dining,15.4,0.03,Shanti Nagar
1003282,Student,power_user,23,26865,224.0,Budget,1,0.35,Quick Bites,1.5,0.01,Nagawara
1003283,Office Worker,trial_only,23,64020,398.0,Budget,2,0.2,Quick Bites,16.8,0.15,Marathahalli
1003284,Student,regular,19,29507,383.0,Budget,1,0.35,Dessert Parlor,1.5,0.03,Shivajinagar
1003285,Student,trial_only,20,10551,447.0,Budget,2,0.35,Quick Bites,11.6,0.15,MG Road
1003286,Family,occasional,41,73518,813.0,Mid-range,6,0.15,Casual Dining,13.6,0.06,Indiranagar
1003287,Family,trial_only,51,174324,675.0,Mid-range,6,0.15,Casual Dining,15.4,0.15,JP Nagar
1003288,Office Worker,trial_only,30,56118,618.0,Mid-range,1,0.2,Quick Bites,6.0,0.15,Sarjapur Road
1003289,Student,occasional,21,30568,250.0,Budget,1,0.35,Quick Bites,7.6,0.06,Whitefield
1003290,Office Worker,trial_only,24,81438,483.0,Budget,2,0.2,Casual Dining,89.9,0.15,Richmond Road
1003291,Office Worker,occasional,32,37236,407.0,Budget,2,0.2,Quick Bites,32.6,0.06,Whitefield
1003292,Family,occasional,37,144651,854.0,Mid-range,2,0.15,Dessert Parlor,16.9,0.06,Cunningham Road
1003293,Family,occasional,42,80865,611.0,Mid-range,3,0.15,Fine Dining,16.0,0.06,Domlur
1003294,Office Worker,regular,38,39226,413.0,Budget,1,0.2,Quick Bites,14.6,0.03,Koramangala 1st Block
1003295,Office Worker,power_user,33,44657,387.0,Budget,1,0.2,Delivery,3.5,0.01,Sarjapur Road
1003296,Food Explorer,regular,22,100417,766.0,Mid-range,3,0.7,Food Truck,6.3,0.03,Marathahalli
1003297,Couple,regular,41,59315,1249.0,Premium,1,0.3,Fine Dining,9.0,0.03,Old Airport Road
1003298,Office Worker,regular,31,70047,538.0,Mid-range,1,0.2,Cafe,3.1,0.03,Ejipura
1003299,Office Worker,occasional,31,52877,367.0,Budget,1,0.2,Casual Dining,13.8,0.06,Ulsoor
1003300,Student,occasional,24,16616,283.0,Budget,2,0.35,Bakery,15.6,0.06,HSR
1003301,Food Explorer,occasional,33,59190,756.0,Mid-range,1,0.7,Bakery,10.9,0.06,Brigade Road
1003302,Office Worker,trial_only,37,50640,536.0,Mid-range,1,0.2,Quick Bites,28.7,0.15,Richmond Road
1003303,Office Worker,trial_only,38,50946,305.0,Budget,1,0.2,Casual Dining,18.6,0.15,Thippasandra
1003304,Food Explorer,trial_only,31,65152,679.0,Mid-range,2,0.7,Pop Up,10.5,0.15,Thippasandra
1003305,Family,occasional,55,122186,637.0,Mid-range,4,0.15,Cafe,8.1,0.06,New BEL Road
1003306,Student,regular,19,34832,373.0,Budget,1,0.35,Food Court,6.9,0.03,BTM
1003307,Student,trial_only,24,21288,449.0,Budget,2,0.35,Quick Bites,27.1,0.15,Bannerghatta Road
1003308,Student,regular,23,14593,100.0,Budget,1,0.35,Food Court,6.9,0.03,Thippasandra
1003309,Family,regular,23,133397,669.0,Mid-range,2,0.15,Casual Dining,4.9,0.03,Marathahalli
1003310,Student,regular,19,30736,321.0,Budget,1,0.35,Quick Bites,1.1,0.03,Koramangala 4th Block
1003311,Food Explorer,occasional,22,87974,599.0,Mid-range,1,0.7,Fine Dining,18.1,0.06,Lavelle Road
1003312,Food Explorer,occasional,27,82451,835.0,Mid-range,1,0.7,Casual Dining,12.1,0.06,JP Nagar
1003313,Office Worker,power_user,40,70141,458.0,Budget,2,0.2,Quick Bites,3.6,0.01,JP Nagar
1003314,Family,occasional,24,165663,694.0,Mid-range,4,0.15,Fine Dining,14.0,0.06,Bommanahalli
1003315,Office Worker,regular,23,34593,348.0,Budget,1,0.2,Casual Dining,3.8,0.03,Shanti Nagar
1003316,Student,regular,21,34547,205.0,Budget,1,0.35,Food Court,6.0,0.03,Bellandur
1003317,Family,regular,32,167184,651.0,Mid-range,2,0.15,Food Court,22.7,0.03,Jeevan Bhima Nagar
1003318,Student,regular,22,34028,255.0,Budget,1,0.35,Food Court,12.0,0.03,Koramangala 6th Block
1003319,Student,occasional,22,22457,331.0,Budget,1,0.35,Cafe,15.8,0.06,JP Nagar
1003320,Office Worker,power_user,37,81256,434.0,Budget,1,0.2,Casual Dining,12.2,0.01,Jayanagar
1003321,Student,regular,20,12045,248.0,Budget,1,0.35,Beverage Shop,3.3,0.03,Church Street
1003322,Office Worker,power_user,31,54814,349.0,Budget,1,0.2,Casual Dining,2.1,0.01,Koramangala 6th Block
1003323,Family,occasional,20,165548,659.0,Mid-range,2,0.15,Casual Dining,13.6,0.06,BTM
1003324,Couple,trial_only,45,77127,1031.0,Premium,3,0.3,Fine Dining,11.2,0.15,Brigade Road
1003325,Family,occasional,27,151628,650.0,Mid-range,3,0.15,Fine Dining,41.9,0.06,BTM
1003326,Couple,occasional,37,81950,1402.0,Premium,1,0.3,Cafe,44.6,0.06,Koramangala 5th Block
1003327,Office Worker,trial_only,38,65349,587.0,Mid-range,1,0.2,Quick Bites,41.6,0.15,MG Road
1003328,Couple,regular,37,115314,847.0,Mid-range,2,0.3,Cafe,0.9,0.03,Ulsoor
1003329,Office Worker,power_user,34,82675,562.0,Mid-range,3,0.2,Quick Bites,0.7,0.01,Koramangala 7th Block
1003330,Student,occasional,19,18546,355.0,Budget,2,0.35,Quick Bites,16.4,0.06,Ulsoor
1003331,Food Explorer,regular,35,103000,645.0,Mid-range,2,0.7,Sweet Shop,15.3,0.03,Bannerghatta Road
1003332,Office Worker,occasional,26,56093,603.0,Mid-range,1,0.2,Cafe,9.2,0.06,BTM
1003333,Student,occasional,22,19834,286.0,Budget,1,0.35,Quick Bites,17.7,0.06,MG Road
1003334,Student,regular,22,11993,332.0,Budget,1,0.35,Quick Bites,14.1,0.03,Frazer Town
1003335,Office Worker,occasional,31,34579,462.0,Budget,1,0.2,Food Court,6.7,0.06,Koramangala 6th Block
1003336,Office Worker,regular,35,76261,455.0,Budget,1,0.2,Cafe,13.2,0.03,Koramangala 4th Block
1003337,Office Worker,regular,35,36276,496.0,Budget,2,0.2,Casual Dining,4.9,0.03,Koramangala 5th Block
1003338,Couple,trial_only,28,61147,1214.0,Premium,1,0.3,Microbrewery,22.9,0.15,Whitefield
1003339,Office Worker,occasional,29,41122,497.0,Budget,1,0.2,Food Court,15.7,0.06,Koramangala 7th Block
1003340,Office Worker,power_user,31,50221,383.0,Budget,1,0.2,Quick Bites,1.1,0.01,Indiranagar
1003341,Office Worker,regular,25,39765,386.0,Budget,1,0.2,Cafe,8.6,0.03,JP Nagar
1003342,Couple,power_user,31,109043,998.0,Mid-range,1,0.3,Lounge,1.5,0.01,New BEL Road
1003343,Student,power_user,18,30552,271.0,Budget,2,0.35,Bakery,1.2,0.01,Ulsoor
1003344,Student,power_user,21,23279,381.0,Budget,1,0.35,Cafe,2.0,0.01,HSR
1003345,Office Worker,regular,26,69906,404.0,Budget,1,0.2,Cafe,2.2,0.03,Shanti Nagar
1003346,Family,trial_only,27,167176,930.0,Mid-range,6,0.15,Casual Dining,11.0,0.15,Koramangala 7th Block
1003347,Couple,trial_only,42,139452,1280.0,Premium,4,0.3,Fine Dining,45.3,0.15,Brookefield
1003348,Family,occasional,25,139043,712.0,Mid-range,3,0.15,Fine Dining,17.5,0.06,Koramangala 6th Block
1003349,Couple,occasional,26,56818,1593.0,Premium,1,0.3,Cafe,11.5,0.06,Electronic City
1003350,Office Worker,occasional,28,77343,524.0,Mid-range,3,0.2,Cafe,5.9,0.06,Frazer Town
1003351,Student,occasional,18,28941,300.0,Budget,1,0.35,Cafe,19.8,0.06,Electronic City
1003352,Student,trial_only,24,17586,294.0,Budget,1,0.35,Bakery,55.3,0.15,Banashankari
1003353,Student,occasional,24,14057,307.0,Budget,1,0.35,Dessert Parlor,62.8,0.06,Sarjapur Road
1003354,Office Worker,occasional,37,37935,297.0,Budget,1,0.2,Casual Dining,29.3,0.06,Frazer Town
1003355,Office Worker,trial_only,37,46578,368.0,Budget,1,0.2,Cafe,18.5,0.15,New BEL Road
1003356,Office Worker,occasional,24,74600,496.0,Budget,2,0.2,Delivery,5.1,0.06,Malleshwaram
1003357,Family,regular,39,173518,483.0,Budget,1,0.15,Casual Dining,5.7,0.03,Wilson Garden
1003358,Office Worker,power_user,24,39214,375.0,Budget,1,0.2,Cafe,5.5,0.01,Kumaraswamy Layout
1003359,Family,regular,30,109783,721.0,Mid-range,1,0.15,Dessert Parlor,4.3,0.03,HSR
1003360,Family,power_user,37,160100,1381.0,Premium,3,0.15,Casual Dining,0.6,0.01,Ulsoor
1003361,Office Worker,regular,35,35152,517.0,Mid-range,1,0.2,Casual Dining,8.3,0.03,Sarjapur Road
1003362,Office Worker,power_user,27,86581,560.0,Mid-range,1,0.2,Quick Bites,2.0,0.01,BTM
1003363,Family,regular,29,62185,639.0,Mid-range,1,0.15,Casual Dining,2.7,0.03,Marathahalli
1003364,Family,trial_only,49,93951,872.0,Mid-range,5,0.15,Cafe,59.8,0.15,Whitefield
1003365,Office Worker,regular,27,31948,274.0,Budget,2,0.2,Quick Bites,2.9,0.03,Bannerghatta Road
1003366,Office Worker,regular,31,75661,417.0,Budget,1,0.2,Quick Bites,4.2,0.03,Banaswadi
1003367,Family,regular,30,111241,901.0,Mid-range,9,0.15,Casual Dining,3.7,0.03,Indiranagar
1003368,Family,regular,50,112481,516.0,Mid-range,3,0.15,Cafe,1.4,0.03,Bommanahalli
1003369,Student,occasional,21,23665,331.0,Budget,1,0.35,Quick Bites,11.2,0.06,Old Airport Road
1003370,Office Worker,occasional,24,47940,498.0,Budget,1,0.2,Casual Dining,2.6,0.06,Banashankari
1003371,Couple,power_user,27,125702,1019.0,Premium,2,0.3,Lounge,1.0,0.01,Vijay Nagar
1003372,Student,occasional,24,20779,233.0,Budget,2,0.35,Cafe,5.8,0.06,BTM
1003373,Couple,power_user,44,129596,985.0,Mid-range,2,0.3,Microbrewery,0.7,0.01,Jayanagar
1003374,Student,occasional,23,26169,272.0,Budget,1,0.35,Dessert Parlor,16.8,0.06,Whitefield
1003375,Office Worker,trial_only,24,70497,418.0,Budget,3,0.2,Quick Bites,28.3,0.15,HSR
1003376,Office Worker,trial_only,36,89285,501.0,Mid-range,2,0.2,Delivery,36.4,0.15,Banaswadi
1003377,Student,regular,22,22664,257.0,Budget,1,0.35,Cafe,1.5,0.03,Brigade Road
1003378,Food Explorer,occasional,39,64003,1001.0,Premium,1,0.7,Takeaway,24.0,0.06,Wilson Garden
1003379,Office Worker,occasional,31,73676,609.0,Mid-range,2,0.2,Food Court,24.7,0.06,Bannerghatta Road
1003380,Food Explorer,trial_only,30,96476,659.0,Mid-range,1,0.7,Cafe,53.3,0.15,HBR Layout
1003381,Office Worker,regular,34,59008,416.0,Budget,1,0.2,Quick Bites,6.0,0.03,Banashankari
1003382,Couple,occasional,27,83487,1040.0,Premium,2,0.3,Lounge,12.2,0.06,Marathahalli
1003383,Food Explorer,regular,36,114424,679.0,Mid-range,1,0.7,Bar,8.5,0.03,MG Road
1003384,Family,power_user,37,90167,898.0,Mid-range,5,0.15,Casual Dining,5.8,0.01,Ejipura
1003385,Student,occasional,19,11971,284.0,Budget,1,0.35,Beverage Shop,12.1,0.06,BTM
1003386,Family,regular,49,135821,721.0,Mid-range,2,0.15,Fine Dining,4.8,0.03,Bellandur
1003387,Office Worker,regular,27,34878,485.0,Budget,1,0.2,Casual Dining,7.0,0.03,BTM
1003388,Food Explorer,trial_only,38,100903,617.0,Mid-range,1,0.7,Cafe,24.3,0.15,Ulsoor
1003389,Office Worker,occasional,27,80532,393.0,Budget,1,0.2,Cafe,2.4,0.06,BTM
1003390,Office Worker,trial_only,31,73043,461.0,Budget,2,0.2,Food Court,21.4,0.15,Brigade Road
1003391,Student,occasional,21,15903,252.0,Budget,1,0.35,Food Court,13.2,0.06,JP Nagar
1003392,Family,trial_only,46,173111,650.0,Mid-range,6,0.15,Casual Dining,33.3,0.15,JP Nagar
1003393,Food Explorer,occasional,25,47085,599.0,Mid-range,1,0.7,Bar,17.0,0.06,Residency Road
1003394,Student,regular,19,12684,254.0,Budget,2,0.35,Beverage Shop,6.7,0.03,Koramangala 5th Block
1003395,Family,power_user,26,96490,653.0,Mid-range,5,0.15,Food Court,4.3,0.01,BTM
1003396,Food Explorer,trial_only,26,83253,861.0,Mid-range,1,0.7,Casual Dining,80.7,0.15,Marathahalli
1003397,Student,regular,21,27758,269.0,Budget,3,0.35,Quick Bites,5.5,0.03,Bellandur
1003398,Student,regular,22,17271,447.0,Budget,1,0.35,Cafe,7.9,0.03,Jayanagar
1003399,Family,occasional,51,169862,925.0,Mid-range,5,0.15,Casual Dining,31.5,0.06,Brigade Road
1003400,Family,regular,35,158035,636.0,Mid-range,2,0.15,Cafe,5.4,0.03,Marathahalli
1003401,Student,regular,20,15769,393.0,Budget,1,0.35,Quick Bites,6.3,0.03,Indiranagar
1003402,Couple,occasional,27,56202,985.0,Mid-range,1,0.3,Pub,2.3,0.06,Brigade Road
1003403,Office Worker,regular,24,72111,647.0,Mid-range,1,0.2,Quick Bites,4.8,0.03,BTM
1003404,Food Explorer,occasional,36,54064,657.0,Mid-range,1,0.7,Bhojanalya,15.5,0.06,BTM
1003405,Couple,power_user,37,78182,1363.0,Premium,3,0.3,Cafe,2.9,0.01,Old Airport Road
1003406,Couple,occasional,35,127203,1209.0,Premium,2,0.3,Cafe,12.3,0.06,Kalyan Nagar
1003407,Office Worker,regular,30,41348,477.0,Budget,2,0.2,Cafe,4.3,0.03,Jayanagar
1003408,Office Worker,occasional,32,51278,427.0,Budget,2,0.2,Quick Bites,15.2,0.06,Jayanagar
1003409,Office Worker,regular,38,85645,357.0,Budget,1,0.2,Quick Bites,13.1,0.03,Jayanagar
1003410,Student,regular,19,27045,327.0,Budget,2,0.35,Dessert Parlor,4.5,0.03,Domlur
1003411,Family,trial_only,37,134403,1005.0,Premium,3,0.15,Fine Dining,10.4,0.15,"ITPL Main Road, Whitefield"
1003412,Student,regular,19,34963,205.0,Budget,3,0.35,Cafe,12.5,0.03,Indiranagar
1003413,Office Worker,occasional,24,76232,604.0,Mid-range,1,0.2,Quick Bites,16.0,0.06,Malleshwaram
1003414,Student,regular,22,21496,348.0,Budget,2,0.35,Beverage Shop,2.2,0.03,Whitefield
1003415,Office Worker,regular,35,69871,406.0,Budget,1,0.2,Food Court,9.2,0.03,Residency Road
1003416,Student,regular,23,23325,264.0,Budget,1,0.35,Quick Bites,10.1,0.03,Seshadripuram
1003417,Family,trial_only,20,103621,1173.0,Premium,3,0.15,Cafe,8.1,0.15,BTM
1003418,Couple,regular,27,147533,1482.0,Premium,1,0.3,Pub,8.5,0.03,BTM
1003419,Student,regular,22,24833,391.0,Budget,2,0.35,Food Court,11.4,0.03,Kammanahalli
1003420,Couple,occasional,41,124640,1125.0,Premium,1,0.3,Pub,6.3,0.06,Electronic City
1003421,Couple,regular,44,90999,1367.0,Premium,3,0.3,Fine Dining,4.3,0.03,Koramangala 6th Block
1003422,Office Worker,occasional,37,41805,485.0,Budget,1,0.2,Casual Dining,27.0,0.06,Marathahalli
1003423,Family,trial_only,52,74696,765.0,Mid-range,2,0.15,Dessert Parlor,46.8,0.15,BTM
1003424,Office Worker,occasional,37,78258,461.0,Budget,2,0.2,Casual Dining,10.9,0.06,Bannerghatta Road
1003425,Student,occasional,20,23028,389.0,Budget,1,0.35,Cafe,18.5,0.06,Koramangala 5th Block
1003426,Office Worker,regular,33,60952,610.0,Mid-range,1,0.2,Quick Bites,4.4,0.03,Jayanagar
1003427,Student,trial_only,22,13027,280.0,Budget,1,0.35,Quick Bites,54.9,0.15,Koramangala 5th Block
1003428,Couple,occasional,31,128737,806.0,Mid-range,3,0.3,Cafe,4.3,0.06,Cunningham Road
1003429,Food Explorer,regular,38,61089,1011.0,Premium,1,0.7,Beverage Shop,1.9,0.03,Whitefield
1003430,Couple,trial_only,40,109855,1697.0,Premium,3,0.3,Fine Dining,30.7,0.15,Sarjapur Road
1003431,Family,trial_only,38,102037,880.0,Mid-range,4,0.15,Fine Dining,26.9,0.15,Vijay Nagar
1003432,Family,regular,37,87280,1159.0,Premium,1,0.15,Cafe,29.6,0.03,Sadashiv Nagar
1003433,Food Explorer,regular,37,53058,682.0,Mid-range,2,0.7,Kiosk,8.1,0.03,MG Road
1003434,Student,occasional,19,30361,227.0,Budget,2,0.35,Bakery,5.4,0.06,Indiranagar
1003435,Student,trial_only,19,12374,195.0,Budget,1,0.35,Quick Bites,17.4,0.15,Brigade Road
1003436,Family,occasional,34,60243,536.0,Mid-range,2,0.15,Cafe,7.2,0.06,Brigade Road
1003437,Office Worker,regular,25,48398,450.0,Budget,1,0.2,Quick Bites,3.1,0.03,Old Airport Road
1003438,Office Worker,regular,31,83282,403.0,Budget,1,0.2,Quick Bites,7.3,0.03,Frazer Town
1003439,Student,regular,21,27552,254.0,Budget,1,0.35,Cafe,5.1,0.03,Ejipura
1003440,Family,regular,38,158233,779.0,Mid-range,1,0.15,Food Court,4.3,0.03,BTM
1003441,Office Worker,occasional,31,42276,536.0,Mid-range,1,0.2,Quick Bites,33.3,0.06,"Varthur Main Road, Whitefield"
1003442,Student,regular,24,34254,256.0,Budget,1,0.35,Quick Bites,6.6,0.03,Richmond Road
1003443,Student,regular,19,12941,243.0,Budget,1,0.35,Quick Bites,0.3,0.03,Koramangala 3rd Block
1003444,Office Worker,trial_only,30,32132,402.0,Budget,2,0.2,Casual Dining,52.2,0.15,Kammanahalli
1003445,Couple,regular,40,97709,1476.0,Premium,1,0.3,Cafe,24.0,0.03,Malleshwaram
1003446,Office Worker,regular,28,56258,443.0,Budget,1,0.2,Quick Bites,2.7,0.03,BTM
1003447,Family,trial_only,43,94934,856.0,Mid-range,2,0.15,Casual Dining,57.7,0.15,HSR
1003448,Couple,regular,45,66913,1666.0,Premium,3,0.3,Fine Dining,2.2,0.03,JP Nagar
1003449,Office Worker,trial_only,29,49272,734.0,Mid-range,2,0.2,Cafe,4.8,0.15,Koramangala 1st Block
1003450,Couple,power_user,29,87399,1392.0,Premium,3,0.3,Pub,1.1,0.01,Banaswadi
1003451,Family,regular,26,132166,908.0,Mid-range,7,0.15,Food Court,5.4,0.03,JP Nagar
1003452,Family,occasional,20,103175,563.0,Mid-range,5,0.15,Casual Dining,20.1,0.06,Hosur Road
1003453,Student,regular,19,16108,329.0,Budget,1,0.35,Quick Bites,3.3,0.03,Kalyan Nagar
1003454,Student,occasional,23,24939,305.0,Budget,1,0.35,Beverage Shop,7.5,0.06,Residency Road
1003455,Food Explorer,regular,26,86607,823.0,Mid-range,1,0.7,Irani Cafe,5.8,0.03,St. Marks Road
1003456,Couple,occasional,44,93743,1082.0,Premium,2,0.3,Fine Dining,10.6,0.06,Brigade Road
1003457,Food Explorer,regular,40,48802,650.0,Mid-range,1,0.7,Dhaba,16.9,0.03,HSR
1003458,Food Explorer,occasional,34,117246,751.0,Mid-range,1,0.7,Pub,16.6,0.06,Bellandur
1003459,Student,occasional,24,22992,452.0,Budget,1,0.35,Bakery,11.2,0.06,Koramangala 7th Block
1003460,Couple,occasional,32,77777,1669.0,Premium,2,0.3,Cafe,29.7,0.06,"ITPL Main Road, Whitefield"
1003461,Office Worker,power_user,40,73548,577.0,Mid-range,2,0.2,Casual Dining,5.7,0.01,BTM
1003462,Couple,occasional,35,91875,1418.0,Premium,2,0.3,Lounge,11.1,0.06,Jayanagar
1003463,Student,occasional,18,14104,265.0,Budget,2,0.35,Quick Bites,29.3,0.06,Residency Road
1003464,Office Worker,regular,37,72039,523.0,Mid-range,2,0.2,Delivery,11.2,0.03,Malleshwaram
1003465,Couple,occasional,44,59270,968.0,Mid-range,5,0.3,Cafe,21.7,0.06,Shanti Nagar
1003466,Couple,power_user,43,77654,1138.0,Premium,5,0.3,Fine Dining,1.1,0.01,HBR Layout
1003467,Family,regular,35,139524,1156.0,Premium,5,0.15,Cafe,5.3,0.03,Koramangala 6th Block
1003468,Office Worker,occasional,24,73429,504.0,Mid-range,1,0.2,Food Court,13.9,0.06,Cunningham Road
1003469,Office Worker,regular,33,89474,473.0,Budget,1,0.2,Cafe,4.6,0.03,Infantry Road
1003470,Food Explorer,regular,38,96697,689.0,Mid-range,1,0.7,Food Truck,5.9,0.03,HSR
1003471,Office Worker,occasional,38,43904,441.0,Budget,1,0.2,Cafe,16.0,0.06,Sarjapur Road
1003472,Office Worker,occasional,34,72735,234.0,Budget,1,0.2,Delivery,2.4,0.06,Electronic City
1003473,Family,power_user,48,150186,547.0,Mid-range,2,0.15,Casual Dining,2.5,0.01,Banaswadi
1003474,Office Worker,regular,23,70505,512.0,Mid-range,1,0.2,Cafe,13.2,0.03,JP Nagar
1003475,Family,regular,42,149534,616.0,Mid-range,2,0.15,Cafe,14.2,0.03,Cunningham Road
1003476,Office Worker,occasional,24,79048,439.0,Budget,2,0.2,Food Court,2.5,0.06,Bellandur
1003477,Couple,occasional,40,106820,832.0,Mid-range,3,0.3,Fine Dining,30.9,0.06,Marathahalli
1003478,Food Explorer,occasional,22,119595,420.0,Budget,2,0.7,Quick Bites,5.2,0.06,Frazer Town
1003479,Food Explorer,occasional,33,91553,599.0,Mid-range,1,0.7,Kiosk,20.7,0.06,Jayanagar
1003480,Family,trial_only,54,66640,985.0,Mid-range,7,0.15,Casual Dining,31.2,0.15,Commercial Street
1003481,Office Worker,regular,25,40352,562.0,Mid-range,1,0.2,Food Court,20.3,0.03,Old Airport Road
1003482,Family,regular,35,119658,653.0,Mid-range,4,0.15,Casual Dining,1.7,0.03,BTM
1003483,Couple,regular,24,93537,1292.0,Premium,1,0.3,Pub,30.9,0.03,Koramangala 5th Block
1003484,Family,regular,45,157570,515.0,Mid-range,3,0.15,Fine Dining,10.3,0.03,Basavanagudi
1003485,Family,regular,53,140707,811.0,Mid-range,3,0.15,Fine Dining,7.8,0.03,Koramangala 7th Block
1003486,Family,trial_only,20,60005,991.0,Mid-range,1,0.15,Cafe,13.9,0.15,BTM
1003487,Family,regular,39,114681,787.0,Mid-range,5,0.15,Dessert Parlor,3.2,0.03,Bannerghatta Road
1003488,Family,regular,48,125418,1063.0,Premium,3,0.15,Dessert Parlor,13.7,0.03,BTM
1003489,Student,occasional,18,34520,367.0,Budget,1,0.35,Cafe,16.6,0.06,Whitefield
1003490,Office Worker,trial_only,31,69588,474.0,Budget,1,0.2,Cafe,5.1,0.15,Koramangala 5th Block
1003491,Family,regular,24,81645,750.0,Mid-range,6,0.15,Cafe,5.5,0.03,Lavelle Road
1003492,Student,occasional,24,14793,257.0,Budget,1,0.35,Quick Bites,31.5,0.06,Cunningham Road
1003493,Couple,trial_only,35,81598,763.0,Mid-range,3,0.3,Cafe,6.8,0.15,Lavelle Road
1003494,Family,regular,38,108098,541.0,Mid-range,3,0.15,Cafe,9.5,0.03,BTM
1003495,Student,occasional,24,12716,380.0,Budget,1,0.35,Cafe,18.8,0.06,Residency Road
1003496,Couple,regular,41,128945,1654.0,Premium,2,0.3,Cafe,12.6,0.03,Koramangala 4th Block
1003497,Family,regular,31,68131,584.0,Mid-range,4,0.15,Dessert Parlor,6.4,0.03,Richmond Road
1003498,Couple,regular,37,56668,1220.0,Premium,3,0.3,Fine Dining,3.4,0.03,BTM
1003499,Office Worker,power_user,28,37634,293.0,Budget,2,0.2,Delivery,5.2,0.01,JP Nagar
1003500,Couple,occasional,35,63486,907.0,Mid-range,1,0.3,Cafe,13.2,0.06,JP Nagar
1003501,Office Worker,trial_only,37,63842,476.0,Budget,1,0.2,Delivery,13.3,0.15,Koramangala 5th Block
1003502,Family,regular,54,158169,696.0,Mid-range,3,0.15,Casual Dining,7.0,0.03,Sarjapur Road
1003503,Student,occasional,24,33564,147.0,Budget,1,0.35,Quick Bites,32.8,0.06,Jayanagar
1003504,Family,regular,37,157105,1144.0,Premium,8,0.15,Casual Dining,0.7,0.03,Electronic City
1003505,Family,regular,52,142290,790.0,Mid-range,3,0.15,Fine Dining,4.9,0.03,Frazer Town
1003506,Family,occasional,52,130848,579.0,Mid-range,3,0.15,Casual Dining,14.2,0.06,Koramangala 7th Block
1003507,Office Worker,regular,32,48565,463.0,Budget,1,0.2,Cafe,10.8,0.03,Electronic City
1003508,Couple,occasional,24,91619,1176.0,Premium,4,0.3,Fine Dining,8.9,0.06,Vasanth Nagar
1003509,Family,regular,24,164695,884.0,Mid-range,3,0.15,Fine Dining,3.9,0.03,Banashankari
1003510,Office Worker,trial_only,34,36339,416.0,Budget,3,0.2,Casual Dining,16.2,0.15,Richmond Road
1003511,Food Explorer,regular,37,106032,679.0,Mid-range,1,0.7,Club,4.5,0.03,Koramangala 5th Block
1003512,Family,regular,52,157373,989.0,Mid-range,4,0.15,Fine Dining,9.8,0.03,Koramangala 4th Block
1003513,Food Explorer,occasional,26,44602,270.0,Budget,1,0.7,Food Truck,9.0,0.06,Brigade Road
1003514,Food Explorer,occasional,39,59339,427.0,Budget,1,0.7,Bhojanalya,9.1,0.06,Nagawara
1003515,Food Explorer,regular,37,64800,810.0,Mid-range,2,0.7,Lounge,2.2,0.03,Residency Road
1003516,Couple,trial_only,34,141319,1035.0,Premium,2,0.3,Cafe,13.2,0.15,Shanti Nagar
1003517,Family,regular,33,112660,784.0,Mid-range,2,0.15,Casual Dining,7.8,0.03,MG Road
1003518,Student,regular,21,29396,262.0,Budget,1,0.35,Bakery,8.0,0.03,Jayanagar
1003519,Office Worker,regular,35,66042,409.0,Budget,1,0.2,Quick Bites,5.7,0.03,MG Road
1003520,Couple,occasional,41,58093,1052.0,Premium,1,0.3,Fine Dining,12.5,0.06,Yeshwantpur
1003521,Office Worker,occasional,26,70014,324.0,Budget,2,0.2,Quick Bites,5.9,0.06,Jayanagar
1003522,Couple,trial_only,31,113549,1338.0,Premium,3,0.3,Fine Dining,40.8,0.15,Koramangala 5th Block
1003523,Student,occasional,18,31771,385.0,Budget,1,0.35,Food Court,10.5,0.06,Indiranagar
1003524,Office Worker,regular,39,85238,432.0,Budget,1,0.2,Casual Dining,7.6,0.03,New BEL Road
1003525,Office Worker,regular,30,65244,545.0,Mid-range,2,0.2,Delivery,13.6,0.03,BTM
1003526,Office Worker,regular,27,82750,401.0,Budget,1,0.2,Casual Dining,9.2,0.03,Koramangala 3rd Block
1003527,Student,occasional,19,13484,256.0,Budget,1,0.35,Quick Bites,15.3,0.06,Frazer Town
1003528,Student,regular,18,25334,333.0,Budget,1,0.35,Cafe,6.0,0.03,Koramangala 4th Block
1003529,Couple,occasional,34,107752,1328.0,Premium,3,0.3,Cafe,8.8,0.06,Koramangala 5th Block
1003530,Office Worker,occasional,36,40317,439.0,Budget,1,0.2,Casual Dining,8.8,0.06,Koramangala 7th Block
1003531,Student,occasional,20,23470,354.0,Budget,3,0.35,Quick Bites,7.4,0.06,BTM
1003532,Student,power_user,20,27006,197.0,Budget,3,0.35,Quick Bites,5.3,0.01,Sarjapur Road
1003533,Office Worker,regular,34,54912,420.0,Budget,1,0.2,Quick Bites,2.9,0.03,Indiranagar
1003534,Student,trial_only,20,26654,377.0,Budget,1,0.35,Cafe,19.0,0.15,Koramangala 7th Block
1003535,Family,occasional,46,149422,992.0,Mid-range,1,0.15,Cafe,13.4,0.06,Marathahalli
1003536,Couple,occasional,31,108874,1451.0,Premium,1,0.3,Lounge,40.7,0.06,Bellandur
1003537,Student,occasional,21,19954,382.0,Budget,3,0.35,Quick Bites,4.4,0.06,Koramangala 6th Block
1003538,Family,trial_only,55,91889,725.0,Mid-range,9,0.15,Cafe,9.4,0.15,Hennur
1003539,Student,regular,23,26520,164.0,Budget,2,0.35,Quick Bites,12.1,0.03,Kaggadasapura
1003540,Office Worker,trial_only,33,84018,424.0,Budget,1,0.2,Quick Bites,36.5,0.15,Ulsoor
1003541,Couple,regular,32,96184,1391.0,Premium,2,0.3,Lounge,7.1,0.03,HSR
1003542,Office Worker,trial_only,40,60155,530.0,Mid-range,1,0.2,Casual Dining,44.2,0.15,BTM
1003543,Couple,regular,34,141213,1042.0,Premium,2,0.3,Cafe,2.9,0.03,East Bangalore
1003544,Student,regular,20,17428,223.0,Budget,3,0.35,Quick Bites,10.4,0.03,Banashankari
1003545,Office Worker,power_user,33,78457,363.0,Budget,1,0.2,Casual Dining,3.6,0.01,Koramangala 4th Block
1003546,Office Worker,trial_only,30,45313,396.0,Budget,1,0.2,Cafe,19.4,0.15,BTM
1003547,Office Worker,trial_only,39,45476,260.0,Budget,1,0.2,Cafe,26.1,0.15,Kumaraswamy Layout
1003548,Food Explorer,regular,26,62481,468.0,Budget,1,0.7,Beverage Shop,2.8,0.03,Koramangala 5th Block
1003549,Student,regular,18,11315,304.0,Budget,1,0.35,Quick Bites,9.9,0.03,Koramangala 7th Block
1003550,Couple,regular,33,96109,1171.0,Premium,2,0.3,Fine Dining,2.2,0.03,Indiranagar
1003551,Couple,regular,44,85372,1101.0,Premium,2,0.3,Pub,2.3,0.03,Marathahalli
1003552,Family,occasional,22,87702,662.0,Mid-range,3,0.15,Cafe,9.1,0.06,Jayanagar
1003553,Office Worker,power_user,37,75396,393.0,Budget,1,0.2,Quick Bites,0.3,0.01,Whitefield
1003554,Office Worker,trial_only,23,61045,394.0,Budget,1,0.2,Quick Bites,27.2,0.15,Whitefield
1003555,Office Worker,trial_only,33,41748,521.0,Mid-range,2,0.2,Casual Dining,31.9,0.15,BTM
1003556,Couple,regular,33,69202,1200.0,Premium,2,0.3,Pub,13.6,0.03,BTM
1003557,Office Worker,occasional,25,78572,767.0,Mid-range,1,0.2,Food Court,10.6,0.06,Bannerghatta Road
1003558,Food Explorer,trial_only,36,61676,517.0,Mid-range,2,0.7,Bar,29.1,0.15,BTM
1003559,Family,trial_only,26,107376,888.0,Mid-range,4,0.15,Casual Dining,25.8,0.15,Jayanagar
1003560,Office Worker,occasional,30,37180,419.0,Budget,1,0.2,Casual Dining,24.3,0.06,Whitefield
1003561,Family,power_user,40,156506,733.0,Mid-range,4,0.15,Casual Dining,7.7,0.01,Koramangala 1st Block
1003562,Office Worker,power_user,32,51444,606.0,Mid-range,1,0.2,Casual Dining,3.0,0.01,Banashankari
1003563,Food Explorer,occasional,22,96392,849.0,Mid-range,1,0.7,Meat Shop,10.5,0.06,Marathahalli
1003564,Student,regular,21,20149,160.0,Budget,1,0.35,Cafe,7.2,0.03,Electronic City
1003565,Food Explorer,occasional,34,104130,344.0,Budget,1,0.7,Dhaba,12.8,0.06,Sanjay Nagar
1003566,Couple,occasional,35,90372,1159.0,Premium,1,0.3,Lounge,4.8,0.06,Bellandur
1003567,Couple,regular,40,139564,1045.0,Premium,3,0.3,Fine Dining,4.2,0.03,Bannerghatta Road
1003568,Office Worker,regular,36,73493,299.0,Budget,2,0.2,Cafe,8.3,0.03,Sarjapur Road
1003569,Couple,regular,27,98087,1235.0,Premium,4,0.3,Cafe,10.7,0.03,BTM
1003570,Office Worker,trial_only,37,59002,262.0,Budget,1,0.2,Casual Dining,87.1,0.15,Koramangala 1st Block
1003571,Couple,regular,43,112033,1238.0,Premium,2,0.3,Fine Dining,1.6,0.03,BTM
1003572,Student,power_user,23,27325,358.0,Budget,1,0.35,Food Court,3.5,0.01,Whitefield
1003573,Office Worker,trial_only,38,72394,537.0,Mid-range,1,0.2,Quick Bites,8.0,0.15,New BEL Road
1003574,Office Worker,occasional,26,31988,436.0,Budget,1,0.2,Cafe,35.0,0.06,JP Nagar
1003575,Office Worker,occasional,34,45894,601.0,Mid-range,1,0.2,Casual Dining,11.9,0.06,Koramangala 1st Block
1003576,Office Worker,trial_only,31,56195,483.0,Budget,1,0.2,Cafe,41.0,0.15,Richmond Road
1003577,Couple,regular,45,103698,1454.0,Premium,1,0.3,Cafe,1.2,0.03,Koramangala 2nd Block
1003578,Office Worker,trial_only,37,35387,376.0,Budget,1,0.2,Casual Dining,33.2,0.15,Banashankari
1003579,Family,trial_only,25,83960,1104.0,Premium,5,0.15,Casual Dining,59.6,0.15,Ejipura
1003580,Student,regular,24,21553,300.0,Budget,1,0.35,Quick Bites,11.8,0.03,JP Nagar
1003581,Couple,regular,39,94704,1673.0,Premium,2,0.3,Cafe,6.8,0.03,BTM
1003582,Couple,regular,35,111520,1607.0,Premium,2,0.3,Fine Dining,3.1,0.03,Koramangala 1st Block
1003583,Office Worker,occasional,31,34178,476.0,Budget,1,0.2,Casual Dining,19.0,0.06,Sarjapur Road
1003584,Family,occasional,37,155609,881.0,Mid-range,4,0.15,Dessert Parlor,16.2,0.06,Jayanagar
1003585,Food Explorer,occasional,36,64095,555.0,Mid-range,1,0.7,Mess,28.6,0.06,Frazer Town
1003586,Couple,trial_only,40,105022,954.0,Mid-range,2,0.3,Cafe,13.2,0.15,Koramangala 6th Block
1003587,Office Worker,occasional,32,86840,510.0,Mid-range,1,0.2,Casual Dining,17.3,0.06,Koramangala 4th Block
1003588,Office Worker,occasional,40,52770,504.0,Mid-range,2,0.2,Quick Bites,20.6,0.06,St. Marks Road
1003589,Couple,occasional,29,81355,714.0,Mid-range,1,0.3,Lounge,2.6,0.06,Koramangala 5th Block
1003590,Office Worker,occasional,30,45868,442.0,Budget,1,0.2,Casual Dining,9.1,0.06,Jayanagar
1003591,Couple,power_user,37,115241,1460.0,Premium,6,0.3,Fine Dining,4.0,0.01,Brookefield
1003592,Office Worker,occasional,25,87447,597.0,Mid-range,1,0.2,Quick Bites,7.6,0.06,Koramangala 1st Block
1003593,Couple,occasional,34,105980,1418.0,Premium,1,0.3,Fine Dining,29.3,0.06,Ejipura
1003594,Student,regular,23,14957,179.0,Budget,1,0.35,Quick Bites,14.4,0.03,Koramangala 5th Block
1003595,Student,occasional,22,33653,216.0,Budget,1,0.35,Quick Bites,11.4,0.06,Electronic City
1003596,Food Explorer,occasional,35,43393,514.0,Mid-range,1,0.7,Pop Up,1.7,0.06,Banaswadi
1003597,Couple,regular,27,91034,1620.0,Premium,1,0.3,Microbrewery,5.4,0.03,Ulsoor
1003598,Couple,trial_only,27,62588,1018.0,Premium,3,0.3,Lounge,19.3,0.15,HSR
1003599,Food Explorer,regular,30,42657,865.0,Mid-range,1,0.7,Bar,18.3,0.03,Malleshwaram
1003600,Office Worker,occasional,28,89851,388.0,Budget,1,0.2,Food Court,7.8,0.06,Koramangala 7th Block
1003601,Office Worker,occasional,23,35100,503.0,Mid-range,1,0.2,Casual Dining,10.3,0.06,"ITPL Main Road, Whitefield"
1003602,Student,power_user,21,32653,225.0,Budget,1,0.35,Quick Bites,2.2,0.01,Banashankari
1003603,Office Worker,regular,36,62699,431.0,Budget,1,0.2,Cafe,5.1,0.03,Indiranagar
1003604,Student,regular,23,18006,209.0,Budget,3,0.35,Quick Bites,2.5,0.03,Koramangala 7th Block
1003605,Food Explorer,regular,23,109030,961.0,Mid-range,1,0.7,Bakery,1.3,0.03,HSR
1003606,Student,occasional,23,10096,244.0,Budget,1,0.35,Dessert Parlor,8.1,0.06,Residency Road
1003607,Student,power_user,20,27259,176.0,Budget,2,0.35,Quick Bites,3.1,0.01,Cunningham Road
1003608,Student,trial_only,19,29180,170.0,Budget,2,0.35,Cafe,50.5,0.15,Sarjapur Road
1003609,Student,regular,21,19099,293.0,Budget,1,0.35,Cafe,4.8,0.03,Koramangala 6th Block
1003610,Student,regular,19,17513,263.0,Budget,2,0.35,Beverage Shop,5.6,0.03,HSR
1003611,Family,trial_only,44,61097,930.0,Mid-range,2,0.15,Casual Dining,14.5,0.15,Koramangala 5th Block
1003612,Office Worker,occasional,36,31328,426.0,Budget,1,0.2,Casual Dining,17.3,0.06,HBR Layout
1003613,Family,occasional,46,65276,1033.0,Premium,4,0.15,Casual Dining,15.8,0.06,Bannerghatta Road
1003614,Couple,occasional,26,95660,1084.0,Premium,1,0.3,Fine Dining,29.2,0.06,New BEL Road
1003615,Family,trial_only,32,123695,1005.0,Premium,4,0.15,Fine Dining,4.4,0.15,Commercial Street
1003616,Family,regular,37,110899,609.0,Mid-range,4,0.15,Dessert Parlor,7.1,0.03,BTM
1003617,Office Worker,power_user,40,72151,300.0,Budget,1,0.2,Cafe,4.5,0.01,Commercial Street
1003618,Student,trial_only,21,19044,234.0,Budget,1,0.35,Bakery,21.9,0.15,Koramangala 5th Block
1003619,Office Worker,power_user,34,77423,337.0,Budget,2,0.2,Casual Dining,0.8,0.01,Banaswadi
1003620,Food Explorer,occasional,28,92270,290.0,Budget,1,0.7,Microbrewery,9.3,0.06,Whitefield
1003621,Family,occasional,30,172442,883.0,Mid-range,3,0.15,Food Court,44.5,0.06,Shivajinagar
1003622,Office Worker,occasional,37,73561,424.0,Budget,1,0.2,Quick Bites,24.7,0.06,Electronic City
1003623,Office Worker,occasional,38,37679,464.0,Budget,1,0.2,Casual Dining,14.6,0.06,Electronic City
1003624,Couple,trial_only,25,105918,1358.0,Premium,1,0.3,Fine Dining,24.6,0.15,Sarjapur Road
1003625,Family,power_user,39,138878,463.0,Budget,4,0.15,Fine Dining,1.4,0.01,Shivajinagar
1003626,Family,occasional,47,61678,914.0,Mid-range,3,0.15,Fine Dining,14.7,0.06,Indiranagar
1003627,Couple,occasional,27,54401,838.0,Mid-range,2,0.3,Pub,30.0,0.06,Koramangala 2nd Block
1003628,Family,regular,43,62689,685.0,Mid-range,1,0.15,Casual Dining,6.1,0.03,Shanti Nagar
1003629,Family,trial_only,37,80569,422.0,Budget,8,0.15,Food Court,60.3,0.15,Marathahalli
1003630,Student,occasional,21,32044,352.0,Budget,2,0.35,Bakery,52.1,0.06,BTM
1003631,Student,regular,22,16004,165.0,Budget,1,0.35,Quick Bites,3.9,0.03,Koramangala 5th Block
1003632,Food Explorer,trial_only,38,54915,300.0,Budget,1,0.7,Bakery,17.0,0.15,Koramangala 6th Block
1003633,Family,trial_only,23,113534,574.0,Mid-range,6,0.15,Cafe,11.7,0.15,Lavelle Road
1003634,Office Worker,power_user,26,53884,437.0,Budget,1,0.2,Quick Bites,1.8,0.01,Nagawara
1003635,Family,occasional,32,179201,768.0,Mid-range,2,0.15,Casual Dining,8.2,0.06,Marathahalli
1003636,Student,regular,23,12588,365.0,Budget,1,0.35,Cafe,4.2,0.03,BTM
1003637,Couple,power_user,37,134084,1169.0,Premium,1,0.3,Microbrewery,0.6,0.01,Malleshwaram
1003638,Student,regular,19,15732,377.0,Budget,2,0.35,Quick Bites,4.8,0.03,Indiranagar
1003639,Couple,trial_only,24,80995,1314.0,Premium,1,0.3,Lounge,60.0,0.15,Koramangala 4th Block
1003640,Office Worker,regular,40,59121,355.0,Budget,1,0.2,Food Court,8.2,0.03,Bannerghatta Road
1003641,Office Worker,regular,25,88525,383.0,Budget,1,0.2,Casual Dining,4.6,0.03,Banashankari
1003642,Student,occasional,18,15888,421.0,Budget,3,0.35,Quick Bites,18.3,0.06,Whitefield
1003643,Couple,regular,32,84394,1568.0,Premium,1,0.3,Cafe,9.7,0.03,Koramangala 5th Block
1003644,Student,regular,21,26477,366.0,Budget,1,0.35,Quick Bites,4.5,0.03,Koramangala 5th Block
1003645,Student,regular,19,26751,376.0,Budget,1,0.35,Quick Bites,9.2,0.03,Jeevan Bhima Nagar
1003646,Couple,occasional,27,86731,1340.0,Premium,1,0.3,Cafe,0.7,0.06,Domlur
1003647,Office Worker,occasional,24,37876,484.0,Budget,1,0.2,Casual Dining,35.7,0.06,Shivajinagar
1003648,Office Worker,occasional,30,77308,455.0,Budget,2,0.2,Casual Dining,15.4,0.06,Ulsoor
1003649,Student,power_user,24,32512,436.0,Budget,1,0.35,Quick Bites,4.5,0.01,Bannerghatta Road
1003650,Couple,occasional,27,110195,1061.0,Premium,3,0.3,Fine Dining,23.4,0.06,JP Nagar
1003651,Office Worker,occasional,33,82369,474.0,Budget,1,0.2,Cafe,64.7,0.06,MG Road
1003652,Student,regular,19,16349,163.0,Budget,1,0.35,Cafe,24.8,0.03,Indiranagar
1003653,Office Worker,regular,35,81842,307.0,Budget,1,0.2,Cafe,4.7,0.03,Koramangala 4th Block
1003654,Student,regular,18,30210,445.0,Budget,1,0.35,Quick Bites,8.4,0.03,Jayanagar
1003655,Office Worker,regular,26,84142,512.0,Mid-range,1,0.2,Casual Dining,12.2,0.03,BTM
1003656,Student,regular,18,33303,283.0,Budget,1,0.35,Cafe,9.4,0.03,Ulsoor
1003657,Student,trial_only,22,18634,306.0,Budget,2,0.35,Food Court,8.4,0.15,Sanjay Nagar
1003658,Office Worker,occasional,35,37202,314.0,Budget,1,0.2,Cafe,13.7,0.06,Electronic City
1003659,Couple,occasional,27,124901,1072.0,Premium,3,0.3,Cafe,34.6,0.06,Koramangala 5th Block
1003660,Student,regular,21,26742,183.0,Budget,3,0.35,Quick Bites,4.7,0.03,Residency Road
1003661,Student,occasional,20,26191,276.0,Budget,2,0.35,Cafe,13.0,0.06,Brigade Road
1003662,Food Explorer,occasional,22,90464,770.0,Mid-range,3,0.7,Sweet Shop,9.5,0.06,Frazer Town
1003663,Couple,trial_only,24,54083,1336.0,Premium,2,0.3,Lounge,35.1,0.15,Ejipura
1003664,Family,regular,53,140366,1118.0,Premium,3,0.15,Casual Dining,9.6,0.03,Whitefield
1003665,Student,occasional,22,22104,324.0,Budget,2,0.35,Quick Bites,4.7,0.06,Whitefield
1003666,Office Worker,regular,34,31871,202.0,Budget,2,0.2,Quick Bites,8.0,0.03,Electronic City
1003667,Student,occasional,20,31389,456.0,Budget,1,0.35,Dessert Parlor,6.0,0.06,BTM
1003668,Student,trial_only,19,10703,233.0,Budget,1,0.35,Quick Bites,7.5,0.15,HSR
1003669,Office Worker,occasional,37,44011,466.0,Budget,2,0.2,Quick Bites,28.1,0.06,Brigade Road
1003670,Family,occasional,35,95377,820.0,Mid-range,3,0.15,Casual Dining,22.5,0.06,Bannerghatta Road
1003671,Office Worker,trial_only,24,76971,474.0,Budget,1,0.2,Delivery,16.8,0.15,Bannerghatta Road
1003672,Family,trial_only,37,69628,810.0,Mid-range,2,0.15,Casual Dining,53.9,0.15,Banashankari
1003673,Office Worker,regular,32,53064,457.0,Budget,1,0.2,Quick Bites,1.2,0.03,Koramangala 3rd Block
1003674,Office Worker,regular,33,51965,318.0,Budget,1,0.2,Casual Dining,2.9,0.03,Thippasandra
1003675,Couple,occasional,35,91477,1976.0,Premium,1,0.3,Lounge,7.4,0.06,Bannerghatta Road
1003676,Couple,trial_only,42,137242,1395.0,Premium,2,0.3,Fine Dining,30.2,0.15,MG Road
1003677,Office Worker,occasional,27,49519,455.0,Budget,2,0.2,Cafe,48.7,0.06,Bannerghatta Road
1003678,Family,regular,41,102532,1168.0,Premium,3,0.15,Fine Dining,2.0,0.03,Residency Road
1003679,Office Worker,occasional,38,54531,343.0,Budget,1,0.2,Casual Dining,5.8,0.06,Brigade Road
1003680,Student,power_user,24,19821,369.0,Budget,1,0.35,Bakery,4.6,0.01,HSR
1003681,Family,regular,54,174493,689.0,Mid-range,3,0.15,Casual Dining,5.8,0.03,Koramangala 6th Block
1003682,Student,regular,23,16688,332.0,Budget,1,0.35,Dessert Parlor,9.4,0.03,Koramangala
1003683,Office Worker,power_user,24,36810,492.0,Budget,1,0.2,Casual Dining,3.2,0.01,Whitefield
1003684,Office Worker,occasional,40,55296,216.0,Budget,2,0.2,Casual Dining,18.5,0.06,Banaswadi
1003685,Student,regular,18,12089,185.0,Budget,1,0.35,Cafe,0.9,0.03,Indiranagar
1003686,Student,regular,21,29938,427.0,Budget,1,0.35,Cafe,5.6,0.03,Basavanagudi
1003687,Office Worker,occasional,31,83532,425.0,Budget,1,0.2,Quick Bites,31.6,0.06,Electronic City
1003688,Food Explorer,regular,34,106472,1100.0,Premium,1,0.7,Kiosk,22.5,0.03,Frazer Town
1003689,Family,regular,48,156585,1062.0,Premium,1,0.15,Fine Dining,8.7,0.03,Shanti Nagar
1003690,Office Worker,regular,36,55263,428.0,Budget,1,0.2,Cafe,21.9,0.03,BTM
1003691,Student,power_user,19,27460,275.0,Budget,1,0.35,Quick Bites,3.5,0.01,Banashankari
1003692,Family,occasional,47,107623,1130.0,Premium,2,0.15,Casual Dining,17.3,0.06,BTM
1003693,Student,regular,23,31364,468.0,Budget,1,0.35,Cafe,8.6,0.03,Seshadripuram
1003694,Office Worker,regular,23,41704,421.0,Budget,1,0.2,Cafe,3.4,0.03,Brigade Road
1003695,Couple,regular,38,64068,1661.0,Premium,1,0.3,Cafe,3.7,0.03,Indiranagar
1003696,Office Worker,regular,25,88537,553.0,Mid-range,1,0.2,Casual Dining,2.9,0.03,Kalyan Nagar
1003697,Office Worker,regular,33,51630,570.0,Mid-range,1,0.2,Delivery,3.2,0.03,Richmond Road
1003698,Student,regular,19,17775,308.0,Budget,1,0.35,Quick Bites,1.9,0.03,Electronic City
1003699,Student,regular,20,26711,246.0,Budget,1,0.35,Dessert Parlor,7.6,0.03,St. Marks Road
1003700,Office Worker,power_user,27,50558,345.0,Budget,1,0.2,Delivery,1.4,0.01,Race Course Road
1003701,Couple,trial_only,42,124739,809.0,Mid-range,3,0.3,Cafe,22.3,0.15,Electronic City
1003702,Student,regular,24,20746,453.0,Budget,2,0.35,Cafe,7.2,0.03,Frazer Town
1003703,Family,power_user,48,154079,802.0,Mid-range,6,0.15,Fine Dining,6.3,0.01,BTM
1003704,Family,occasional,46,69652,571.0,Mid-range,3,0.15,Cafe,4.4,0.06,Indiranagar
1003705,Student,regular,20,28190,380.0,Budget,1,0.35,Bakery,9.4,0.03,Shanti Nagar
1003706,Student,occasional,19,18213,262.0,Budget,1,0.35,Quick Bites,11.8,0.06,HSR
1003707,Office Worker,power_user,33,55376,385.0,Budget,3,0.2,Casual Dining,1.2,0.01,BTM
1003708,Family,occasional,35,171671,1214.0,Premium,3,0.15,Casual Dining,11.9,0.06,Richmond Road
1003709,Office Worker,trial_only,28,58934,317.0,Budget,2,0.2,Quick Bites,45.8,0.15,Marathahalli
1003710,Family,regular,28,68931,847.0,Mid-range,2,0.15,Casual Dining,10.7,0.03,Ejipura
1003711,Couple,regular,27,95839,1023.0,Premium,4,0.3,Pub,2.8,0.03,Race Course Road
1003712,Couple,occasional,42,74048,975.0,Mid-range,2,0.3,Cafe,13.0,0.06,Jayanagar
1003713,Food Explorer,trial_only,28,77979,234.0,Budget,2,0.7,Bakery,25.9,0.15,"ITPL Main Road, Whitefield"
1003714,Couple,regular,44,71775,1218.0,Premium,2,0.3,Cafe,1.9,0.03,Richmond Road
1003715,Couple,occasional,38,114305,938.0,Mid-range,1,0.3,Microbrewery,9.5,0.06,Bellandur
1003716,Couple,regular,27,73507,1377.0,Premium,3,0.3,Cafe,5.2,0.03,Koramangala 6th Block
1003717,Family,occasional,22,115843,791.0,Mid-range,2,0.15,Fine Dining,41.8,0.06,St. Marks Road
1003718,Couple,regular,33,145462,1106.0,Premium,3,0.3,Lounge,9.0,0.03,BTM
1003719,Food Explorer,occasional,23,91026,383.0,Budget,2,0.7,Mess,13.6,0.06,Jayanagar
1003720,Office Worker,power_user,40,72514,593.0,Mid-range,1,0.2,Casual Dining,4.0,0.01,Marathahalli
1003721,Family,occasional,52,152682,947.0,Mid-range,5,0.15,Fine Dining,9.5,0.06,Bannerghatta Road
1003722,Office Worker,regular,34,85188,382.0,Budget,2,0.2,Quick Bites,8.5,0.03,Ulsoor
1003723,Couple,occasional,30,138614,792.0,Mid-range,2,0.3,Fine Dining,5.0,0.06,Koramangala 5th Block
1003724,Office Worker,occasional,38,81457,261.0,Budget,1,0.2,Delivery,7.7,0.06,Sarjapur Road
1003725,Couple,trial_only,38,84105,1541.0,Premium,1,0.3,Fine Dining,17.5,0.15,Kumaraswamy Layout
1003726,Couple,trial_only,31,112475,1473.0,Premium,2,0.3,Fine Dining,4.1,0.15,Koramangala 1st Block
1003727,Food Explorer,occasional,38,105448,862.0,Mid-range,1,0.7,Meat Shop,24.7,0.06,Bannerghatta Road
1003728,Student,occasional,19,23995,290.0,Budget,2,0.35,Dessert Parlor,24.4,0.06,HSR
1003729,Family,power_user,40,75261,961.0,Mid-range,4,0.15,Dessert Parlor,1.2,0.01,Basavanagudi
1003730,Couple,trial_only,39,100910,1508.0,Premium,3,0.3,Lounge,6.6,0.15,Malleshwaram
1003731,Food Explorer,occasional,39,57293,583.0,Mid-range,1,0.7,Fine Dining,18.6,0.06,MG Road
1003732,Food Explorer,regular,24,95163,510.0,Mid-range,1,0.7,Casual Dining,3.1,0.03,HBR Layout
1003733,Family,regular,30,163157,605.0,Mid-range,4,0.15,Casual Dining,9.8,0.03,Marathahalli
1003734,Family,occasional,50,144219,885.0,Mid-range,3,0.15,Casual Dining,18.6,0.06,Koramangala 6th Block
1003735,Student,trial_only,21,23773,345.0,Budget,2,0.35,Cafe,55.4,0.15,Koramangala 8th Block
1003736,Food Explorer,trial_only,36,87957,498.0,Budget,1,0.7,Kiosk,15.4,0.15,Basavanagudi
1003737,Office Worker,occasional,36,62312,421.0,Budget,2,0.2,Quick Bites,9.2,0.06,Banashankari
1003738,Family,regular,30,113873,757.0,Mid-range,5,0.15,Cafe,3.1,0.03,MG Road
1003739,Couple,trial_only,31,72697,1437.0,Premium,2,0.3,Fine Dining,4.5,0.15,Whitefield
1003740,Office Worker,occasional,31,70522,313.0,Budget,1,0.2,Cafe,12.3,0.06,BTM
1003741,Student,occasional,18,18737,212.0,Budget,1,0.35,Quick Bites,31.8,0.06,BTM
1003742,Student,occasional,23,13917,213.0,Budget,1,0.35,Dessert Parlor,11.9,0.06,Kalyan Nagar
1003743,Couple,occasional,26,130020,1155.0,Premium,1,0.3,Fine Dining,6.7,0.06,Koramangala 1st Block
1003744,Office Worker,occasional,39,63092,482.0,Budget,1,0.2,Casual Dining,0.6,0.06,Ejipura
1003745,Student,occasional,23,23009,214.0,Budget,2,0.35,Quick Bites,7.4,0.06,BTM
1003746,Family,trial_only,32,122316,982.0,Mid-range,4,0.15,Dessert Parlor,18.5,0.15,Banashankari
1003747,Office Worker,trial_only,24,34667,596.0,Mid-range,2,0.2,Quick Bites,36.8,0.15,Koramangala 5th Block
1003748,Couple,regular,41,103468,1324.0,Premium,1,0.3,Cafe,10.9,0.03,Bellandur
1003749,Office Worker,regular,31,62617,562.0,Mid-range,1,0.2,Delivery,1.3,0.03,Shivajinagar
1003750,Student,occasional,19,22770,227.0,Budget,1,0.35,Dessert Parlor,8.5,0.06,Bannerghatta Road
1003751,Student,occasional,21,10175,229.0,Budget,1,0.35,Bakery,15.2,0.06,Brigade Road
1003752,Office Worker,occasional,39,75016,501.0,Mid-range,1,0.2,Food Court,24.2,0.06,Banaswadi
1003753,Office Worker,trial_only,35,66844,446.0,Budget,1,0.2,Casual Dining,16.4,0.15,BTM
1003754,Couple,power_user,39,125750,932.0,Mid-range,1,0.3,Pub,5.2,0.01,BTM
1003755,Office Worker,regular,32,60231,593.0,Mid-range,1,0.2,Quick Bites,7.5,0.03,Banaswadi
1003756,Office Worker,trial_only,25,49775,480.0,Budget,1,0.2,Food Court,26.1,0.15,Bannerghatta Road
1003757,Office Worker,trial_only,40,79992,520.0,Mid-range,2,0.2,Cafe,16.0,0.15,Shivajinagar
1003758,Office Worker,regular,36,51045,383.0,Budget,1,0.2,Food Court,7.8,0.03,Rajajinagar
1003759,Food Explorer,regular,31,76261,1020.0,Premium,1,0.7,Irani Cafe,1.0,0.03,Brookefield
1003760,Student,regular,23,10412,288.0,Budget,2,0.35,Cafe,5.5,0.03,Yeshwantpur
1003761,Food Explorer,occasional,28,53025,855.0,Mid-range,1,0.7,Sweet Shop,21.3,0.06,Brigade Road
1003762,Office Worker,occasional,36,36797,392.0,Budget,1,0.2,Casual Dining,14.5,0.06,Koramangala 5th Block
1003763,Student,regular,24,20588,313.0,Budget,2,0.35,Quick Bites,6.3,0.03,Marathahalli
1003764,Student,regular,20,16558,345.0,Budget,2,0.35,Bakery,3.7,0.03,Ejipura
1003765,Student,occasional,18,18311,460.0,Budget,3,0.35,Beverage Shop,15.2,0.06,MG Road
1003766,Couple,occasional,40,126571,1068.0,Premium,1,0.3,Lounge,22.5,0.06,Koramangala 4th Block
1003767,Office Worker,occasional,38,70980,470.0,Budget,1,0.2,Casual Dining,13.6,0.06,BTM
1003768,Office Worker,regular,37,77874,509.0,Mid-range,2,0.2,Quick Bites,9.9,0.03,Malleshwaram
1003769,Family,regular,55,157904,517.0,Mid-range,4,0.15,Fine Dining,0.3,0.03,Kalyan Nagar
1003770,Family,regular,32,89762,365.0,Budget,3,0.15,Cafe,6.5,0.03,New BEL Road
1003771,Food Explorer,trial_only,39,89249,351.0,Budget,1,0.7,Beverage Shop,36.4,0.15,Brookefield
1003772,Food Explorer,regular,25,109581,842.0,Mid-range,4,0.7,Confectionery,12.6,0.03,Bannerghatta Road
1003773,Family,occasional,41,96573,1143.0,Premium,3,0.15,Casual Dining,24.4,0.06,HSR
1003774,Couple,occasional,43,87570,923.0,Mid-range,5,0.3,Cafe,45.4,0.06,Whitefield
1003775,Couple,trial_only,44,103145,835.0,Mid-range,1,0.3,Fine Dining,68.1,0.15,Indiranagar
1003776,Office Worker,regular,34,77883,603.0,Mid-range,2,0.2,Quick Bites,3.8,0.03,Majestic
1003777,Family,regular,39,77671,687.0,Mid-range,4,0.15,Casual Dining,6.3,0.03,Jayanagar
1003778,Student,trial_only,21,21671,270.0,Budget,1,0.35,Quick Bites,8.2,0.15,HSR
1003779,Couple,regular,43,74237,1638.0,Premium,2,0.3,Pub,2.0,0.03,Infantry Road
1003780,Food Explorer,occasional,38,97008,924.0,Mid-range,1,0.7,Lounge,5.9,0.06,Residency Road
1003781,Student,regular,19,16048,375.0,Budget,1,0.35,Cafe,3.5,0.03,Jayanagar
1003782,Couple,trial_only,26,85631,687.0,Mid-range,1,0.3,Pub,7.2,0.15,BTM
1003783,Food Explorer,occasional,37,67710,285.0,Budget,2,0.7,Bhojanalya,15.9,0.06,BTM
1003784,Student,power_user,23,11765,390.0,Budget,2,0.35,Beverage Shop,1.5,0.01,Electronic City
1003785,Office Worker,trial_only,24,70087,482.0,Budget,1,0.2,Quick Bites,37.6,0.15,Domlur
1003786,Food Explorer,occasional,31,60324,406.0,Budget,1,0.7,Fine Dining,10.2,0.06,MG Road
1003787,Food Explorer,occasional,31,79266,514.0,Mid-range,2,0.7,Bakery,5.8,0.06,BTM
1003788,Student,regular,18,27427,389.0,Budget,1,0.35,Food Court,7.6,0.03,Koramangala 5th Block
1003789,Office Worker,regular,34,77213,603.0,Mid-range,1,0.2,Casual Dining,28.1,0.03,Basavanagudi
1003790,Family,occasional,55,170155,799.0,Mid-range,3,0.15,Casual Dining,8.9,0.06,Bellandur
1003791,Student,regular,19,13152,245.0,Budget,2,0.35,Cafe,11.2,0.03,Frazer Town
1003792,Office Worker,trial_only,37,67698,422.0,Budget,2,0.2,Food Court,4.7,0.15,St. Marks Road
1003793,Student,regular,18,18208,407.0,Budget,1,0.35,Quick Bites,5.1,0.03,Basavanagudi
1003794,Student,occasional,19,29224,406.0,Budget,1,0.35,Quick Bites,12.5,0.06,MG Road
1003795,Family,regular,40,106649,839.0,Mid-range,2,0.15,Casual Dining,13.0,0.03,Shivajinagar
1003796,Family,occasional,53,61694,694.0,Mid-range,4,0.15,Casual Dining,26.1,0.06,Bellandur
1003797,Family,power_user,51,162722,1017.0,Premium,2,0.15,Dessert Parlor,1.7,0.01,MG Road
1003798,Couple,regular,44,126007,1687.0,Premium,1,0.3,Fine Dining,12.6,0.03,Church Street
1003799,Office Worker,regular,40,49825,305.0,Budget,1,0.2,Quick Bites,2.8,0.03,Domlur
1003800,Office Worker,occasional,37,80133,427.0,Budget,1,0.2,Delivery,12.7,0.06,Marathahalli
1003801,Student,regular,20,20261,392.0,Budget,1,0.35,Bakery,19.5,0.03,Jayanagar
1003802,Student,occasional,18,20316,306.0,Budget,1,0.35,Beverage Shop,7.1,0.06,JP Nagar
1003803,Office Worker,regular,37,47995,401.0,Budget,1,0.2,Quick Bites,10.8,0.03,Domlur
1003804,Student,occasional,19,22347,315.0,Budget,2,0.35,Cafe,7.0,0.06,Sarjapur Road
1003805,Student,occasional,21,34863,330.0,Budget,1,0.35,Bakery,21.7,0.06,Sarjapur Road
1003806,Student,power_user,23,11309,210.0,Budget,3,0.35,Quick Bites,3.0,0.01,Whitefield
1003807,Family,power_user,21,131202,818.0,Mid-range,4,0.15,Casual Dining,2.1,0.01,Jayanagar
1003808,Family,regular,52,80956,873.0,Mid-range,2,0.15,Dessert Parlor,1.7,0.03,BTM
1003809,Food Explorer,occasional,27,49905,477.0,Budget,1,0.7,Beverage Shop,9.0,0.06,Indiranagar
1003810,Couple,trial_only,28,55647,966.0,Mid-range,1,0.3,Lounge,38.0,0.15,"Varthur Main Road, Whitefield"
1003811,Family,power_user,33,92789,692.0,Mid-range,4,0.15,Dessert Parlor,11.6,0.01,Ulsoor
1003812,Student,occasional,21,28284,222.0,Budget,1,0.35,Cafe,18.6,0.06,Kalyan Nagar
1003813,Family,occasional,36,148346,970.0,Mid-range,6,0.15,Dessert Parlor,28.3,0.06,Ulsoor
1003814,Student,occasional,19,29997,221.0,Budget,2,0.35,Dessert Parlor,10.3,0.06,MG Road
1003815,Office Worker,occasional,26,38721,469.0,Budget,1,0.2,Delivery,11.0,0.06,Vasanth Nagar
1003816,Office Worker,trial_only,31,36520,413.0,Budget,1,0.2,Cafe,22.9,0.15,Bommanahalli
1003817,Office Worker,occasional,27,88925,379.0,Budget,1,0.2,Quick Bites,47.2,0.06,BTM
1003818,Office Worker,trial_only,34,85296,587.0,Mid-range,1,0.2,Casual Dining,19.5,0.15,Whitefield
1003819,Family,regular,52,144005,774.0,Mid-range,3,0.15,Cafe,2.5,0.03,Koramangala 5th Block
1003820,Couple,trial_only,24,133953,999.0,Mid-range,2,0.3,Cafe,6.4,0.15,Koramangala 8th Block
1003821,Couple,trial_only,24,130439,970.0,Mid-range,4,0.3,Cafe,14.3,0.15,Kammanahalli
1003822,Family,trial_only,43,129154,868.0,Mid-range,3,0.15,Fine Dining,6.0,0.15,Bommanahalli
1003823,Office Worker,regular,23,58541,533.0,Mid-range,1,0.2,Casual Dining,8.1,0.03,BTM
1003824,Student,trial_only,22,34458,402.0,Budget,2,0.35,Bakery,25.9,0.15,Koramangala 4th Block
1003825,Family,power_user,37,141153,766.0,Mid-range,5,0.15,Food Court,3.9,0.01,BTM
1003826,Office Worker,occasional,31,82948,427.0,Budget,1,0.2,Quick Bites,26.8,0.06,Koramangala 5th Block
1003827,Office Worker,regular,33,42429,463.0,Budget,1,0.2,Quick Bites,3.0,0.03,Church Street
1003828,Office Worker,occasional,39,43358,467.0,Budget,1,0.2,Cafe,15.0,0.06,Ulsoor
1003829,Food Explorer,regular,24,90380,407.0,Budget,1,0.7,Bar,6.0,0.03,Koramangala 7th Block
1003830,Family,power_user,24,174485,1092.0,Premium,4,0.15,Casual Dining,1.5,0.01,BTM
1003831,Office Worker,regular,35,67235,452.0,Budget,1,0.2,Casual Dining,3.3,0.03,Indiranagar
1003832,Family,power_user,21,113155,907.0,Mid-range,3,0.15,Casual Dining,5.3,0.01,Jayanagar
1003833,Office Worker,regular,30,31490,492.0,Budget,1,0.2,Cafe,6.6,0.03,Bellandur
1003834,Office Worker,trial_only,31,39292,490.0,Budget,1,0.2,Quick Bites,8.1,0.15,HSR
1003835,Office Worker,occasional,30,43850,350.0,Budget,1,0.2,Cafe,20.9,0.06,Whitefield
1003836,Office Worker,occasional,32,42005,449.0,Budget,1,0.2,Cafe,8.1,0.06,Kalyan Nagar
1003837,Family,trial_only,24,144279,1256.0,Premium,3,0.15,Casual Dining,28.5,0.15,Banashankari
1003838,Student,regular,19,27105,427.0,Budget,1,0.35,Quick Bites,0.6,0.03,Jayanagar
1003839,Couple,occasional,24,87964,1247.0,Premium,2,0.3,Cafe,8.1,0.06,Jayanagar
1003840,Office Worker,occasional,40,89254,413.0,Budget,1,0.2,Cafe,17.3,0.06,Church Street
1003841,Family,regular,49,107236,356.0,Budget,5,0.15,Casual Dining,2.5,0.03,Whitefield
1003842,Family,occasional,29,113433,701.0,Mid-range,4,0.15,Dessert Parlor,3.2,0.06,BTM
1003843,Family,occasional,21,123147,784.0,Mid-range,5,0.15,Cafe,7.9,0.06,Indiranagar
1003844,Family,occasional,29,128776,737.0,Mid-range,3,0.15,Fine Dining,16.6,0.06,Koramangala 5th Block
1003845,Food Explorer,occasional,40,55291,538.0,Mid-range,1,0.7,Sweet Shop,25.1,0.06,Whitefield
1003846,Office Worker,regular,37,48014,512.0,Mid-range,2,0.2,Casual Dining,10.9,0.03,Indiranagar
1003847,Family,occasional,43,142571,600.0,Mid-range,3,0.15,Casual Dining,21.4,0.06,JP Nagar
1003848,Family,regular,53,161455,855.0,Mid-range,4,0.15,Casual Dining,15.3,0.03,Indiranagar
1003849,Student,trial_only,19,20587,291.0,Budget,2,0.35,Dessert Parlor,51.9,0.15,Banashankari
1003850,Office Worker,regular,32,36909,362.0,Budget,2,0.2,Casual Dining,8.4,0.03,Sarjapur Road
1003851,Office Worker,occasional,37,81093,617.0,Mid-range,1,0.2,Food Court,14.6,0.06,BTM
1003852,Office Worker,occasional,23,64935,525.0,Mid-range,1,0.2,Delivery,13.0,0.06,Indiranagar
1003853,Office Worker,regular,30,56175,371.0,Budget,1,0.2,Casual Dining,4.3,0.03,Electronic City
1003854,Office Worker,regular,29,65173,502.0,Mid-range,2,0.2,Casual Dining,5.4,0.03,BTM
1003855,Family,regular,26,158740,522.0,Mid-range,2,0.15,Casual Dining,3.2,0.03,Race Course Road
1003856,Student,occasional,19,10028,247.0,Budget,1,0.35,Quick Bites,20.8,0.06,JP Nagar
1003857,Couple,trial_only,45,86013,1598.0,Premium,1,0.3,Cafe,9.1,0.15,Banashankari
1003858,Office Worker,regular,32,86434,485.0,Budget,1,0.2,Casual Dining,10.1,0.03,HSR
1003859,Family,occasional,22,96094,854.0,Mid-range,8,0.15,Casual Dining,55.4,0.06,Marathahalli
1003860,Student,trial_only,22,34359,379.0,Budget,1,0.35,Bakery,6.9,0.15,BTM
1003861,Office Worker,occasional,33,46886,511.0,Mid-range,1,0.2,Food Court,20.6,0.06,HSR
1003862,Student,trial_only,20,21687,279.0,Budget,1,0.35,Quick Bites,17.4,0.15,HSR
1003863,Family,regular,34,68397,987.0,Mid-range,3,0.15,Fine Dining,12.3,0.03,Ulsoor
1003864,Office Worker,regular,32,73539,281.0,Budget,1,0.2,Casual Dining,7.3,0.03,BTM
1003865,Food Explorer,regular,39,59156,433.0,Budget,2,0.7,Food Truck,1.9,0.03,Jayanagar
1003866,Office Worker,regular,36,80923,440.0,Budget,1,0.2,Cafe,6.2,0.03,Koramangala 5th Block
1003867,Family,occasional,34,75574,910.0,Mid-range,2,0.15,Fine Dining,15.8,0.06,Kalyan Nagar
1003868,Office Worker,trial_only,27,37002,418.0,Budget,1,0.2,Cafe,20.1,0.15,BTM
1003869,Family,regular,23,116312,443.0,Budget,4,0.15,Casual Dining,6.6,0.03,Ulsoor
1003870,Office Worker,trial_only,26,35077,258.0,Budget,1,0.2,Quick Bites,19.2,0.15,Koramangala 4th Block
1003871,Office Worker,regular,25,49752,443.0,Budget,2,0.2,Delivery,4.6,0.03,HSR
1003872,Student,regular,23,27233,262.0,Budget,1,0.35,Beverage Shop,0.7,0.03,Malleshwaram
1003873,Student,trial_only,22,22620,227.0,Budget,2,0.35,Cafe,5.7,0.15,JP Nagar
1003874,Student,trial_only,18,23987,214.0,Budget,4,0.35,Quick Bites,6.3,0.15,BTM
1003875,Food Explorer,occasional,39,47257,633.0,Mid-range,2,0.7,Food Court,6.6,0.06,BTM
1003876,Office Worker,regular,25,70764,580.0,Mid-range,1,0.2,Casual Dining,1.3,0.03,Yeshwantpur
1003877,Student,regular,22,12280,311.0,Budget,1,0.35,Dessert Parlor,2.0,0.03,Whitefield
1003878,Food Explorer,regular,22,85760,929.0,Mid-range,2,0.7,Delivery,6.8,0.03,Shivajinagar
1003879,Student,occasional,22,29770,270.0,Budget,1,0.35,Bakery,19.6,0.06,Koramangala 7th Block
1003880,Office Worker,regular,32,73584,494.0,Budget,1,0.2,Food Court,4.7,0.03,Cunningham Road
1003881,Family,occasional,52,102348,1070.0,Premium,5,0.15,Dessert Parlor,14.1,0.06,Rajajinagar
1003882,Food Explorer,regular,33,52392,561.0,Mid-range,1,0.7,Takeaway,7.0,0.03,Whitefield
1003883,Family,occasional,37,159677,805.0,Mid-range,2,0.15,Casual Dining,42.1,0.06,Koramangala 1st Block
1003884,Office Worker,regular,32,42937,413.0,Budget,3,0.2,Quick Bites,1.3,0.03,JP Nagar
1003885,Food Explorer,occasional,34,79655,748.0,Mid-range,1,0.7,Microbrewery,11.0,0.06,Marathahalli
1003886,Student,occasional,20,15925,372.0,Budget,1,0.35,Cafe,3.0,0.06,Yeshwantpur
1003887,Food Explorer,trial_only,35,42382,688.0,Mid-range,2,0.7,Takeaway,28.7,0.15,Marathahalli
1003888,Couple,trial_only,35,91652,1131.0,Premium,2,0.3,Cafe,9.0,0.15,HSR
1003889,Food Explorer,occasional,40,84025,225.0,Budget,2,0.7,Confectionery,8.2,0.06,Koramangala 7th Block
1003890,Office Worker,regular,26,75574,445.0,Budget,1,0.2,Cafe,1.3,0.03,Frazer Town
1003891,Student,trial_only,23,28145,285.0,Budget,1,0.35,Cafe,19.4,0.15,Jayanagar
1003892,Family,trial_only,49,159768,847.0,Mid-range,4,0.15,Casual Dining,20.5,0.15,Electronic City
1003893,Office Worker,trial_only,35,78836,462.0,Budget,1,0.2,Casual Dining,20.0,0.15,Church Street
1003894,Office Worker,occasional,40,54078,607.0,Mid-range,1,0.2,Delivery,21.0,0.06,Indiranagar
1003895,Food Explorer,regular,30,67292,426.0,Budget,1,0.7,Dhaba,6.2,0.03,Domlur
1003896,Family,occasional,39,132246,485.0,Budget,5,0.15,Casual Dining,6.7,0.06,Banaswadi
1003897,Office Worker,regular,25,58778,336.0,Budget,1,0.2,Cafe,5.5,0.03,Brookefield
1003898,Office Worker,regular,29,47710,387.0,Budget,1,0.2,Cafe,3.4,0.03,Old Airport Road
1003899,Student,regular,19,10794,387.0,Budget,1,0.35,Cafe,2.0,0.03,Ulsoor
1003900,Student,occasional,23,21894,196.0,Budget,1,0.35,Cafe,6.9,0.06,Bellandur
1003901,Student,regular,23,21733,207.0,Budget,1,0.35,Quick Bites,2.5,0.03,Domlur
1003902,Couple,occasional,28,144091,1324.0,Premium,1,0.3,Cafe,20.0,0.06,Koramangala 4th Block
1003903,Family,occasional,48,157503,970.0,Mid-range,3,0.15,Cafe,28.3,0.06,Indiranagar
1003904,Office Worker,occasional,28,46157,295.0,Budget,1,0.2,Casual Dining,12.0,0.06,JP Nagar
1003905,Office Worker,power_user,36,36621,273.0,Budget,1,0.2,Food Court,1.0,0.01,Marathahalli
1003906,Family,trial_only,53,154554,643.0,Mid-range,2,0.15,Food Court,65.6,0.15,Brookefield
1003907,Couple,regular,42,98722,1397.0,Premium,2,0.3,Cafe,24.6,0.03,JP Nagar
1003908,Couple,regular,28,54219,1243.0,Premium,1,0.3,Cafe,1.0,0.03,Kalyan Nagar
1003909,Office Worker,occasional,26,75229,375.0,Budget,2,0.2,Cafe,10.6,0.06,Bellandur
1003910,Couple,regular,26,84524,1422.0,Premium,2,0.3,Lounge,2.8,0.03,Koramangala 5th Block
1003911,Office Worker,occasional,38,40268,462.0,Budget,1,0.2,Quick Bites,3.0,0.06,Banashankari
1003912,Office Worker,power_user,32,69527,439.0,Budget,1,0.2,Casual Dining,3.1,0.01,South Bangalore
1003913,Couple,trial_only,27,128520,716.0,Mid-range,2,0.3,Cafe,10.3,0.15,BTM
1003914,Office Worker,regular,33,76560,373.0,Budget,1,0.2,Quick Bites,2.2,0.03,Banashankari
1003915,Office Worker,trial_only,32,46456,646.0,Mid-range,1,0.2,Casual Dining,50.3,0.15,Koramangala 5th Block
1003916,Office Worker,occasional,33,65531,416.0,Budget,1,0.2,Quick Bites,11.1,0.06,BTM
1003917,Office Worker,power_user,34,57950,354.0,Budget,2,0.2,Quick Bites,4.2,0.01,Koramangala 5th Block
1003918,Office Worker,occasional,25,82154,412.0,Budget,2,0.2,Casual Dining,28.5,0.06,HSR
1003919,Family,regular,33,82768,824.0,Mid-range,2,0.15,Casual Dining,25.1,0.03,Whitefield
1003920,Office Worker,trial_only,35,79247,538.0,Mid-range,1,0.2,Casual Dining,24.0,0.15,Ulsoor
1003921,Student,occasional,24,18658,350.0,Budget,2,0.35,Dessert Parlor,31.0,0.06,Commercial Street
1003922,Couple,occasional,29,111751,997.0,Mid-range,2,0.3,Pub,19.3,0.06,BTM
1003923,Office Worker,regular,33,60130,577.0,Mid-range,2,0.2,Casual Dining,6.8,0.03,JP Nagar
1003924,Food Explorer,trial_only,40,67850,804.0,Mid-range,3,0.7,Irani Cafe,28.5,0.15,BTM
1003925,Student,occasional,22,15786,264.0,Budget,2,0.35,Quick Bites,15.8,0.06,Koramangala 1st Block
1003926,Family,occasional,28,103645,774.0,Mid-range,4,0.15,Dessert Parlor,11.7,0.06,Marathahalli
1003927,Office Worker,regular,33,66445,510.0,Mid-range,1,0.2,Quick Bites,1.5,0.03,Vasanth Nagar
1003928,Couple,regular,24,111510,1522.0,Premium,2,0.3,Cafe,2.8,0.03,HSR
1003929,Student,occasional,21,25582,179.0,Budget,1,0.35,Quick Bites,1.3,0.06,Koramangala 1st Block
1003930,Food Explorer,occasional,32,92524,618.0,Mid-range,1,0.7,Beverage Shop,17.9,0.06,Shanti Nagar
1003931,Office Worker,trial_only,24,33068,447.0,Budget,1,0.2,Cafe,5.9,0.15,Basavanagudi
1003932,Family,occasional,27,107350,686.0,Mid-range,4,0.15,Food Court,4.6,0.06,Ulsoor
1003933,Office Worker,occasional,40,48900,392.0,Budget,2,0.2,Cafe,5.7,0.06,Richmond Road
1003934,Student,occasional,22,19938,384.0,Budget,1,0.35,Quick Bites,12.0,0.06,Shanti Nagar
1003935,Office Worker,occasional,31,52936,503.0,Mid-range,2,0.2,Delivery,18.6,0.06,Electronic City
1003936,Office Worker,regular,27,40606,661.0,Mid-range,1,0.2,Casual Dining,7.4,0.03,Koramangala 1st Block
1003937,Office Worker,trial_only,25,87893,393.0,Budget,1,0.2,Casual Dining,45.8,0.15,HSR
1003938,Family,regular,35,60034,827.0,Mid-range,1,0.15,Casual Dining,11.6,0.03,Yeshwantpur
1003939,Office Worker,occasional,32,65735,481.0,Budget,1,0.2,Casual Dining,16.8,0.06,Jeevan Bhima Nagar
1003940,Student,trial_only,19,21537,372.0,Budget,2,0.35,Quick Bites,17.4,0.15,Kalyan Nagar
1003941,Student,occasional,23,27586,409.0,Budget,1,0.35,Food Court,2.9,0.06,Brigade Road
1003942,Student,regular,21,30771,307.0,Budget,2,0.35,Quick Bites,3.6,0.03,Sarjapur Road
1003943,Student,occasional,18,26222,212.0,Budget,1,0.35,Cafe,5.6,0.06,Koramangala 5th Block
1003944,Family,regular,24,151985,658.0,Mid-range,4,0.15,Casual Dining,5.9,0.03,Richmond Road
1003945,Student,power_user,24,16846,311.0,Budget,1,0.35,Cafe,4.6,0.01,Basavanagudi
1003946,Couple,occasional,31,149395,1537.0,Premium,2,0.3,Lounge,7.5,0.06,Ulsoor
1003947,Student,trial_only,20,12181,184.0,Budget,1,0.35,Cafe,99.8,0.15,BTM
1003948,Student,power_user,19,26735,206.0,Budget,2,0.35,Quick Bites,1.1,0.01,BTM
1003949,Couple,trial_only,41,64657,1427.0,Premium,2,0.3,Lounge,19.9,0.15,HSR
1003950,Office Worker,regular,37,44035,321.0,Budget,1,0.2,Cafe,2.4,0.03,Frazer Town
1003951,Office Worker,trial_only,27,79516,337.0,Budget,1,0.2,Quick Bites,13.0,0.15,Bellandur
1003952,Food Explorer,occasional,35,94188,884.0,Mid-range,1,0.7,Bar,14.1,0.06,Rajajinagar
1003953,Food Explorer,trial_only,30,90678,545.0,Mid-range,1,0.7,Fine Dining,23.5,0.15,Race Course Road
1003954,Family,trial_only,26,159418,740.0,Mid-range,5,0.15,Casual Dining,36.2,0.15,Brigade Road
1003955,Student,trial_only,23,16961,409.0,Budget,1,0.35,Quick Bites,36.6,0.15,Indiranagar
1003956,Family,occasional,22,136920,587.0,Mid-range,2,0.15,Fine Dining,23.8,0.06,Sarjapur Road
1003957,Food Explorer,regular,38,56154,284.0,Budget,2,0.7,Irani Cafe,7.1,0.03,Jayanagar
1003958,Food Explorer,regular,22,78538,1007.0,Premium,1,0.7,Confectionery,4.4,0.03,Marathahalli
1003959,Student,occasional,20,20121,319.0,Budget,2,0.35,Quick Bites,9.9,0.06,BTM
1003960,Office Worker,regular,27,67111,518.0,Mid-range,1,0.2,Quick Bites,6.5,0.03,Jayanagar
1003961,Office Worker,trial_only,27,33897,419.0,Budget,1,0.2,Quick Bites,22.9,0.15,"Varthur Main Road, Whitefield"
1003962,Student,regular,21,10645,291.0,Budget,1,0.35,Food Court,6.4,0.03,Residency Road
1003963,Family,trial_only,47,63795,659.0,Mid-range,2,0.15,Casual Dining,6.5,0.15,Thippasandra
1003964,Office Worker,occasional,30,45907,482.0,Budget,1,0.2,Quick Bites,8.8,0.06,Indiranagar
1003965,Office Worker,trial_only,32,64565,533.0,Mid-range,1,0.2,Cafe,3.4,0.15,JP Nagar
1003966,Student,trial_only,24,13943,316.0,Budget,1,0.35,Cafe,68.9,0.15,BTM
1003967,Office Worker,regular,31,89475,556.0,Mid-range,1,0.2,Delivery,5.7,0.03,Koramangala 6th Block
1003968,Student,occasional,23,20335,353.0,Budget,1,0.35,Cafe,19.8,0.06,Rajajinagar
1003969,Office Worker,regular,29,48192,345.0,Budget,1,0.2,Delivery,9.7,0.03,South Bangalore
1003970,Student,trial_only,18,32326,288.0,Budget,1,0.35,Quick Bites,56.5,0.15,JP Nagar
1003971,Food Explorer,trial_only,26,54017,488.0,Budget,1,0.7,Irani Cafe,26.8,0.15,BTM
1003972,Student,regular,19,14698,360.0,Budget,1,0.35,Quick Bites,3.4,0.03,Bellandur
1003973,Office Worker,power_user,39,52847,496.0,Budget,1,0.2,Casual Dining,2.8,0.01,Bannerghatta Road
1003974,Student,regular,18,11774,310.0,Budget,2,0.35,Quick Bites,10.5,0.03,Ulsoor
1003975,Student,regular,23,27035,381.0,Budget,1,0.35,Cafe,3.3,0.03,Sarjapur Road
1003976,Student,trial_only,18,29423,151.0,Budget,4,0.35,Cafe,19.1,0.15,Sarjapur Road
1003977,Student,regular,19,18839,252.0,Budget,1,0.35,Quick Bites,3.1,0.03,Infantry Road
1003978,Student,trial_only,21,31698,259.0,Budget,2,0.35,Quick Bites,22.6,0.15,Rajajinagar
1003979,Office Worker,trial_only,24,30439,475.0,Budget,2,0.2,Casual Dining,40.1,0.15,Koramangala 1st Block
1003980,Family,trial_only,22,123767,911.0,Mid-range,2,0.15,Cafe,29.0,0.15,Koramangala 5th Block
1003981,Student,occasional,23,28251,300.0,Budget,1,0.35,Dessert Parlor,7.2,0.06,Shanti Nagar
1003982,Office Worker,regular,24,52594,319.0,Budget,1,0.2,Cafe,9.4,0.03,BTM
1003983,Family,trial_only,41,173596,881.0,Mid-range,3,0.15,Casual Dining,10.0,0.15,Marathahalli
1003984,Student,occasional,18,20763,310.0,Budget,1,0.35,Quick Bites,36.9,0.06,Jayanagar
1003985,Office Worker,trial_only,24,85083,303.0,Budget,1,0.2,Cafe,64.4,0.15,BTM
1003986,Student,regular,22,26475,276.0,Budget,2,0.35,Quick Bites,18.3,0.03,Jayanagar
1003987,Student,power_user,20,15770,330.0,Budget,1,0.35,Cafe,1.4,0.01,JP Nagar
1003988,Office Worker,trial_only,23,79875,615.0,Mid-range,1,0.2,Quick Bites,10.2,0.15,Banashankari
1003989,Food Explorer,trial_only,34,42460,328.0,Budget,1,0.7,Food Truck,52.2,0.15,Indiranagar
1003990,Food Explorer,regular,40,55155,798.0,Mid-range,2,0.7,Meat Shop,14.5,0.03,Bommanahalli
1003991,Food Explorer,occasional,32,102387,331.0,Budget,2,0.7,Confectionery,16.2,0.06,Basavanagudi
1003992,Office Worker,power_user,29,84136,323.0,Budget,1,0.2,Food Court,8.0,0.01,HSR
1003993,Student,occasional,23,19701,203.0,Budget,1,0.35,Quick Bites,4.9,0.06,New BEL Road
1003994,Office Worker,regular,29,69444,511.0,Mid-range,1,0.2,Quick Bites,12.2,0.03,Koramangala 3rd Block
1003995,Student,regular,22,27437,310.0,Budget,1,0.35,Dessert Parlor,8.1,0.03,BTM
1003996,Student,regular,21,28458,275.0,Budget,1,0.35,Bakery,2.0,0.03,Bannerghatta Road
1003997,Student,regular,23,32642,337.0,Budget,1,0.35,Quick Bites,13.4,0.03,Commercial Street
1003998,Office Worker,occasional,32,35214,454.0,Budget,1,0.2,Quick Bites,4.0,0.06,Koramangala 5th Block
1003999,Office Worker,regular,31,41554,461.0,Budget,1,0.2,Casual Dining,10.0,0.03,Church Street
1004000,Student,occasional,20,32959,276.0,Budget,2,0.35,Quick Bites,28.3,0.06,HSR
1004001,Family,occasional,30,125349,594.0,Mid-range,2,0.15,Fine Dining,2.3,0.06,Whitefield
1004002,Office Worker,occasional,31,61692,619.0,Mid-range,2,0.2,Delivery,27.9,0.06,MG Road
1004003,Couple,occasional,25,90293,1620.0,Premium,1,0.3,Cafe,11.2,0.06,BTM
1004004,Student,regular,20,19053,427.0,Budget,1,0.35,Quick Bites,4.7,0.03,New BEL Road
1004005,Office Worker,power_user,24,44689,396.0,Budget,1,0.2,Cafe,1.7,0.01,Kalyan Nagar
1004006,Student,trial_only,20,19973,245.0,Budget,1,0.35,Cafe,35.4,0.15,Basaveshwara Nagar
1004007,Office Worker,trial_only,29,34401,409.0,Budget,3,0.2,Casual Dining,14.1,0.15,BTM
1004008,Student,trial_only,18,17326,386.0,Budget,2,0.35,Dessert Parlor,72.9,0.15,Koramangala 5th Block
1004009,Student,trial_only,20,34840,300.0,Budget,3,0.35,Bakery,61.9,0.15,Bannerghatta Road
1004010,Family,occasional,44,79556,691.0,Mid-range,4,0.15,Casual Dining,16.3,0.06,Frazer Town
1004011,Office Worker,trial_only,40,73933,486.0,Budget,1,0.2,Delivery,34.2,0.15,Koramangala 1st Block
1004012,Student,regular,22,10866,241.0,Budget,1,0.35,Cafe,1.2,0.03,HSR
1004013,Food Explorer,occasional,35,98706,261.0,Budget,1,0.7,Pub,8.8,0.06,BTM
1004014,Student,trial_only,22,16610,310.0,Budget,1,0.35,Cafe,11.8,0.15,Jayanagar
1004015,Family,occasional,54,144285,697.0,Mid-range,1,0.15,Dessert Parlor,13.4,0.06,Koramangala 5th Block
1004016,Office Worker,regular,39,59797,449.0,Budget,1,0.2,Delivery,4.4,0.03,Koramangala 5th Block
1004017,Office Worker,regular,25,76538,182.0,Budget,1,0.2,Casual Dining,5.6,0.03,Indiranagar
1004018,Office Worker,regular,31,70006,361.0,Budget,1,0.2,Cafe,7.2,0.03,Sarjapur Road
1004019,Student,regular,24,23952,296.0,Budget,1,0.35,Cafe,1.1,0.03,New BEL Road
1004020,Family,trial_only,51,148002,497.0,Budget,4,0.15,Fine Dining,13.2,0.15,JP Nagar
1004021,Student,occasional,21,34148,181.0,Budget,1,0.35,Quick Bites,22.0,0.06,Bellandur
1004022,Student,regular,21,24890,303.0,Budget,3,0.35,Quick Bites,4.4,0.03,Basavanagudi
1004023,Office Worker,occasional,24,40432,520.0,Mid-range,2,0.2,Casual Dining,19.6,0.06,Cunningham Road
1004024,Food Explorer,regular,31,49285,377.0,Budget,1,0.7,Food Court,16.3,0.03,JP Nagar
1004025,Couple,occasional,35,104761,1121.0,Premium,3,0.3,Fine Dining,24.0,0.06,Shanti Nagar
1004026,Food Explorer,regular,34,74524,540.0,Mid-range,1,0.7,Food Court,1.7,0.03,Bellandur
1004027,Family,occasional,38,133027,488.0,Budget,3,0.15,Casual Dining,1.6,0.06,MG Road
1004028,Family,occasional,27,140089,1037.0,Premium,2,0.15,Cafe,13.9,0.06,Electronic City
1004029,Office Worker,occasional,40,41217,432.0,Budget,1,0.2,Cafe,7.1,0.06,Residency Road
1004030,Food Explorer,occasional,26,99454,557.0,Mid-range,1,0.7,Pub,13.6,0.06,Frazer Town
1004031,Office Worker,regular,29,89480,487.0,Budget,1,0.2,Delivery,3.4,0.03,Brigade Road
1004032,Office Worker,occasional,32,49470,294.0,Budget,1,0.2,Delivery,3.9,0.06,Hennur
1004033,Family,regular,30,171449,984.0,Mid-range,5,0.15,Fine Dining,12.6,0.03,Koramangala 8th Block
1004034,Office Worker,occasional,24,85707,555.0,Mid-range,1,0.2,Casual Dining,14.6,0.06,Jayanagar
1004035,Student,occasional,22,20464,311.0,Budget,1,0.35,Cafe,8.5,0.06,HSR
1004036,Office Worker,occasional,27,77723,496.0,Budget,1,0.2,Quick Bites,50.0,0.06,HSR
1004037,Office Worker,trial_only,38,85943,417.0,Budget,1,0.2,Food Court,1.0,0.15,Whitefield
1004038,Couple,regular,41,135173,1459.0,Premium,2,0.3,Fine Dining,2.6,0.03,MG Road
1004039,Office Worker,trial_only,30,53317,368.0,Budget,1,0.2,Casual Dining,56.2,0.15,Koramangala 5th Block
1004040,Couple,regular,34,116655,1190.0,Premium,1,0.3,Fine Dining,2.9,0.03,Koramangala 6th Block
1004041,Office Worker,occasional,40,65554,453.0,Budget,1,0.2,Cafe,9.7,0.06,Residency Road
1004042,Couple,trial_only,24,91376,1188.0,Premium,1,0.3,Lounge,51.5,0.15,JP Nagar
1004043,Student,occasional,20,25988,386.0,Budget,1,0.35,Quick Bites,9.5,0.06,Indiranagar
1004044,Food Explorer,trial_only,23,114734,1147.0,Premium,1,0.7,Dhaba,39.3,0.15,BTM
1004045,Office Worker,trial_only,25,31561,439.0,Budget,1,0.2,Food Court,33.3,0.15,HSR
1004046,Office Worker,regular,39,84087,497.0,Budget,1,0.2,Cafe,16.1,0.03,Marathahalli
1004047,Student,trial_only,18,19201,236.0,Budget,2,0.35,Quick Bites,26.1,0.15,Whitefield
1004048,Office Worker,trial_only,40,79709,553.0,Mid-range,2,0.2,Casual Dining,21.8,0.15,JP Nagar
1004049,Office Worker,regular,37,36470,398.0,Budget,1,0.2,Casual Dining,17.7,0.03,Jayanagar
1004050,Family,power_user,43,166936,1429.0,Premium,5,0.15,Food Court,1.7,0.01,HSR
1004051,Food Explorer,regular,36,75843,182.0,Budget,1,0.7,Sweet Shop,9.1,0.03,Basavanagudi
1004052,Family,trial_only,26,169994,1229.0,Premium,2,0.15,Casual Dining,26.8,0.15,Koramangala 4th Block
1004053,Office Worker,trial_only,25,55666,549.0,Mid-range,2,0.2,Quick Bites,46.1,0.15,Whitefield
1004054,Office Worker,trial_only,29,74782,338.0,Budget,2,0.2,Quick Bites,26.4,0.15,HSR
1004055,Couple,regular,40,109612,1896.0,Premium,1,0.3,Cafe,4.6,0.03,BTM
1004056,Couple,power_user,30,70033,921.0,Mid-range,2,0.3,Fine Dining,5.2,0.01,Richmond Road
1004057,Office Worker,occasional,26,44961,419.0,Budget,2,0.2,Cafe,12.2,0.06,JP Nagar
1004058,Food Explorer,regular,36,83084,276.0,Budget,1,0.7,Pop Up,11.1,0.03,Bellandur
1004059,Office Worker,regular,34,59206,435.0,Budget,1,0.2,Quick Bites,15.1,0.03,Koramangala 4th Block
1004060,Couple,regular,35,111600,1184.0,Premium,2,0.3,Cafe,11.7,0.03,Jayanagar
1004061,Food Explorer,regular,29,104547,808.0,Mid-range,1,0.7,Kiosk,2.0,0.03,BTM
1004062,Family,regular,48,152805,1288.0,Premium,4,0.15,Casual Dining,4.7,0.03,Koramangala 7th Block
1004063,Student,occasional,23,11465,259.0,Budget,1,0.35,Quick Bites,11.9,0.06,Kumaraswamy Layout
1004064,Family,regular,32,119418,249.0,Budget,4,0.15,Casual Dining,10.2,0.03,HSR
1004065,Student,regular,18,13706,352.0,Budget,2,0.35,Dessert Parlor,6.5,0.03,Marathahalli
1004066,Couple,occasional,43,101287,1035.0,Premium,2,0.3,Cafe,31.6,0.06,Indiranagar
1004067,Office Worker,trial_only,25,62156,632.0,Mid-range,1,0.2,Cafe,16.3,0.15,Whitefield
1004068,Family,occasional,35,179468,793.0,Mid-range,4,0.15,Dessert Parlor,25.7,0.06,Banashankari
1004069,Food Explorer,occasional,39,71069,410.0,Budget,1,0.7,Casual Dining,17.0,0.06,Marathahalli
1004070,Student,occasional,20,21305,219.0,Budget,1,0.35,Dessert Parlor,10.0,0.06,Indiranagar
1004071,Office Worker,occasional,37,60690,512.0,Mid-range,1,0.2,Delivery,17.0,0.06,Koramangala 5th Block
1004072,Family,occasional,37,75601,745.0,Mid-range,8,0.15,Fine Dining,47.1,0.06,Marathahalli
1004073,Office Worker,occasional,36,33594,597.0,Mid-range,1,0.2,Casual Dining,15.9,0.06,Sahakara Nagar
1004074,Student,occasional,22,27742,283.0,Budget,1,0.35,Quick Bites,12.3,0.06,Domlur
1004075,Student,occasional,19,17515,413.0,Budget,1,0.35,Dessert Parlor,19.4,0.06,BTM
1004076,Office Worker,regular,39,51752,312.0,Budget,1,0.2,Casual Dining,6.8,0.03,Banashankari
1004077,Family,regular,36,179067,452.0,Budget,5,0.15,Cafe,4.5,0.03,Koramangala 1st Block
1004078,Family,regular,36,89824,966.0,Mid-range,5,0.15,Cafe,5.2,0.03,Kalyan Nagar
1004079,Student,regular,22,32604,263.0,Budget,2,0.35,Bakery,0.2,0.03,Kumaraswamy Layout
1004080,Office Worker,occasional,39,67708,424.0,Budget,2,0.2,Delivery,43.1,0.06,BTM
1004081,Office Worker,occasional,38,45908,349.0,Budget,1,0.2,Food Court,26.2,0.06,Koramangala 6th Block
1004082,Office Worker,regular,30,87263,341.0,Budget,1,0.2,Food Court,1.1,0.03,BTM
1004083,Family,regular,28,134670,927.0,Mid-range,2,0.15,Casual Dining,3.3,0.03,Marathahalli
1004084,Office Worker,regular,28,48768,448.0,Budget,2,0.2,Quick Bites,4.6,0.03,Electronic City
1004085,Office Worker,occasional,27,57081,344.0,Budget,1,0.2,Quick Bites,18.4,0.06,BTM
1004086,Food Explorer,regular,27,69782,798.0,Mid-range,1,0.7,Dessert Parlor,9.3,0.03,Whitefield
1004087,Office Worker,power_user,30,80728,567.0,Mid-range,1,0.2,Quick Bites,2.4,0.01,Sarjapur Road
1004088,Family,power_user,20,115859,778.0,Mid-range,5,0.15,Cafe,1.6,0.01,JP Nagar
1004089,Student,occasional,21,10920,380.0,Budget,1,0.35,Bakery,3.7,0.06,Frazer Town
1004090,Student,regular,23,27200,220.0,Budget,1,0.35,Cafe,9.1,0.03,Kalyan Nagar
1004091,Student,occasional,21,28924,346.0,Budget,2,0.35,Bakery,6.5,0.06,Koramangala 1st Block
1004092,Couple,occasional,25,89595,1249.0,Premium,1,0.3,Fine Dining,19.2,0.06,Koramangala 6th Block
1004093,Couple,trial_only,32,142187,963.0,Mid-range,2,0.3,Fine Dining,62.7,0.15,Jayanagar
1004094,Student,occasional,20,20627,464.0,Budget,1,0.35,Bakery,15.2,0.06,Koramangala 6th Block
1004095,Student,power_user,22,16603,319.0,Budget,1,0.35,Bakery,1.1,0.01,Jayanagar
1004096,Office Worker,regular,27,72055,391.0,Budget,1,0.2,Cafe,0.4,0.03,Koramangala 8th Block
1004097,Family,occasional,30,75322,804.0,Mid-range,5,0.15,Fine Dining,3.6,0.06,BTM
1004098,Family,regular,46,178217,626.0,Mid-range,3,0.15,Casual Dining,13.6,0.03,JP Nagar
1004099,Family,trial_only,26,142003,569.0,Mid-range,2,0.15,Casual Dining,100.5,0.15,Whitefield
1004100,Food Explorer,occasional,39,65320,488.0,Budget,1,0.7,Meat Shop,4.2,0.06,New BEL Road
1004101,Office Worker,power_user,28,34903,412.0,Budget,1,0.2,Food Court,3.3,0.01,Electronic City
1004102,Family,regular,49,130239,639.0,Mid-range,5,0.15,Cafe,10.2,0.03,Koramangala 6th Block
1004103,Family,trial_only,22,130384,1050.0,Premium,4,0.15,Cafe,53.7,0.15,Indiranagar
1004104,Office Worker,trial_only,28,77665,373.0,Budget,1,0.2,Quick Bites,134.2,0.15,Whitefield
1004105,Food Explorer,trial_only,29,62686,367.0,Budget,1,0.7,Dhaba,2.8,0.15,MG Road
1004106,Student,regular,21,15303,205.0,Budget,1,0.35,Dessert Parlor,3.0,0.03,Richmond Road
1004107,Family,occasional,23,109530,544.0,Mid-range,5,0.15,Dessert Parlor,5.5,0.06,Brigade Road
1004108,Family,regular,28,158199,1005.0,Premium,1,0.15,Fine Dining,16.1,0.03,Malleshwaram
1004109,Food Explorer,regular,38,112645,665.0,Mid-range,3,0.7,Bakery,10.3,0.03,Banaswadi
1004110,Office Worker,occasional,39,51296,519.0,Mid-range,2,0.2,Delivery,32.2,0.06,HSR
1004111,Office Worker,trial_only,30,32858,552.0,Mid-range,1,0.2,Quick Bites,11.3,0.15,JP Nagar
1004112,Couple,regular,26,61102,1100.0,Premium,4,0.3,Fine Dining,17.9,0.03,Ulsoor
1004113,Couple,occasional,30,104442,1642.0,Premium,3,0.3,Fine Dining,18.5,0.06,Old Airport Road
1004114,Office Worker,regular,40,31494,387.0,Budget,1,0.2,Food Court,3.2,0.03,Rajajinagar
1004115,Couple,regular,44,122386,871.0,Mid-range,2,0.3,Cafe,7.8,0.03,Sarjapur Road
1004116,Office Worker,power_user,37,31985,487.0,Budget,1,0.2,Cafe,3.9,0.01,Bellandur
1004117,Family,trial_only,51,110837,829.0,Mid-range,4,0.15,Casual Dining,34.5,0.15,BTM
1004118,Couple,power_user,39,129765,1243.0,Premium,4,0.3,Fine Dining,5.7,0.01,Wilson Garden
1004119,Office Worker,occasional,34,58073,552.0,Mid-range,2,0.2,Casual Dining,15.4,0.06,Residency Road
1004120,Office Worker,regular,36,70496,461.0,Budget,1,0.2,Casual Dining,5.1,0.03,Indiranagar
1004121,Food Explorer,occasional,34,66706,678.0,Mid-range,1,0.7,Quick Bites,6.1,0.06,Brigade Road
1004122,Couple,regular,31,129349,1608.0,Premium,1,0.3,Lounge,9.8,0.03,JP Nagar
1004123,Couple,regular,38,92670,1280.0,Premium,3,0.3,Pub,9.5,0.03,Jeevan Bhima Nagar
1004124,Office Worker,occasional,28,75177,499.0,Budget,1,0.2,Delivery,8.0,0.06,Bellandur
1004125,Food Explorer,occasional,33,116173,246.0,Budget,1,0.7,Dhaba,15.9,0.06,Cunningham Road
1004126,Student,trial_only,20,19524,598.0,Mid-range,1,0.35,Quick Bites,19.1,0.15,Ulsoor
1004127,Office Worker,regular,31,43918,291.0,Budget,1,0.2,Quick Bites,3.9,0.03,Koramangala 7th Block
1004128,Office Worker,occasional,26,85982,396.0,Budget,1,0.2,Casual Dining,40.2,0.06,Koramangala 8th Block
1004129,Couple,trial_only,45,118089,1029.0,Premium,1,0.3,Cafe,16.1,0.15,HSR
1004130,Food Explorer,regular,36,110236,1127.0,Premium,1,0.7,Bhojanalya,18.8,0.03,BTM
1004131,Family,trial_only,23,105406,680.0,Mid-range,1,0.15,Casual Dining,40.3,0.15,Kalyan Nagar
1004132,Family,trial_only,37,101802,888.0,Mid-range,1,0.15,Casual Dining,43.6,0.15,Jeevan Bhima Nagar
1004133,Office Worker,trial_only,31,37443,394.0,Budget,1,0.2,Quick Bites,13.1,0.15,HSR
1004134,Office Worker,occasional,38,76377,346.0,Budget,2,0.2,Quick Bites,34.0,0.06,Whitefield
1004135,Office Worker,occasional,36,80650,507.0,Mid-range,3,0.2,Casual Dining,5.9,0.06,Bannerghatta Road
1004136,Student,occasional,24,30492,242.0,Budget,1,0.35,Quick Bites,16.4,0.06,Koramangala 3rd Block
1004137,Office Worker,occasional,31,47470,471.0,Budget,1,0.2,Quick Bites,53.4,0.06,Shivajinagar
1004138,Couple,trial_only,27,98846,1388.0,Premium,2,0.3,Lounge,26.6,0.15,"ITPL Main Road, Whitefield"
1004139,Family,regular,45,119178,1181.0,Premium,1,0.15,Dessert Parlor,4.3,0.03,Banaswadi
1004140,Couple,occasional,28,62042,821.0,Mid-range,1,0.3,Cafe,10.0,0.06,Jayanagar
1004141,Office Worker,occasional,34,30009,435.0,Budget,1,0.2,Casual Dining,9.4,0.06,BTM
1004142,Office Worker,regular,30,50043,439.0,Budget,1,0.2,Quick Bites,3.6,0.03,Ulsoor
1004143,Student,occasional,20,22758,300.0,Budget,1,0.35,Cafe,26.5,0.06,Commercial Street
1004144,Office Worker,occasional,25,89329,707.0,Mid-range,1,0.2,Quick Bites,20.7,0.06,Bellandur
1004145,Office Worker,occasional,37,82427,433.0,Budget,1,0.2,Casual Dining,13.0,0.06,Marathahalli
1004146,Office Worker,trial_only,35,72956,198.0,Budget,1,0.2,Casual Dining,31.7,0.15,Kammanahalli
1004147,Student,regular,20,34069,284.0,Budget,2,0.35,Quick Bites,1.4,0.03,Bannerghatta Road
1004148,Family,trial_only,46,152966,776.0,Mid-range,3,0.15,Dessert Parlor,4.2,0.15,Basavanagudi
1004149,Office Worker,occasional,40,61575,426.0,Budget,1,0.2,Casual Dining,17.5,0.06,JP Nagar
1004150,Office Worker,trial_only,35,84716,378.0,Budget,1,0.2,Quick Bites,14.7,0.15,Banashankari
1004151,Student,regular,24,32998,194.0,Budget,2,0.35,Dessert Parlor,13.1,0.03,Sarjapur Road
1004152,Office Worker,regular,31,42165,666.0,Mid-range,1,0.2,Quick Bites,2.7,0.03,Bellandur
1004153,Office Worker,trial_only,29,46958,482.0,Budget,1,0.2,Quick Bites,2.6,0.15,Jayanagar
1004154,Office Worker,power_user,38,88105,431.0,Budget,1,0.2,Casual Dining,0.7,0.01,Ulsoor
1004155,Family,regular,43,60685,1226.0,Premium,2,0.15,Cafe,7.9,0.03,Basaveshwara Nagar
1004156,Student,occasional,22,22954,231.0,Budget,1,0.35,Beverage Shop,3.6,0.06,Indiranagar
1004157,Food Explorer,occasional,34,70625,751.0,Mid-range,1,0.7,Lounge,13.8,0.06,BTM
1004158,Student,trial_only,24,28617,200.0,Budget,1,0.35,Bakery,6.4,0.15,Old Airport Road
1004159,Office Worker,occasional,35,87496,525.0,Mid-range,1,0.2,Casual Dining,8.3,0.06,BTM
1004160,Student,trial_only,23,17955,209.0,Budget,1,0.35,Quick Bites,26.4,0.15,BTM
1004161,Office Worker,occasional,23,43225,497.0,Budget,1,0.2,Casual Dining,19.2,0.06,HSR
1004162,Office Worker,occasional,36,49764,645.0,Mid-range,1,0.2,Cafe,7.3,0.06,Residency Road
1004163,Couple,trial_only,30,121563,1228.0,Premium,1,0.3,Cafe,19.2,0.15,BTM
1004164,Office Worker,occasional,25,51576,231.0,Budget,1,0.2,Casual Dining,6.0,0.06,Koramangala 1st Block
1004165,Family,regular,29,137087,807.0,Mid-range,3,0.15,Casual Dining,3.9,0.03,HSR
1004166,Student,regular,23,18701,338.0,Budget,2,0.35,Quick Bites,5.7,0.03,Koramangala 6th Block
1004167,Student,occasional,23,28511,372.0,Budget,2,0.35,Cafe,15.4,0.06,Koramangala 1st Block
1004168,Office Worker,occasional,28,33750,597.0,Mid-range,1,0.2,Cafe,19.3,0.06,Indiranagar
1004169,Office Worker,occasional,26,50557,602.0,Mid-range,1,0.2,Casual Dining,14.7,0.06,Sarjapur Road
1004170,Office Worker,occasional,30,48574,437.0,Budget,1,0.2,Quick Bites,6.3,0.06,Indiranagar
1004171,Food Explorer,trial_only,28,87833,435.0,Budget,1,0.7,Food Court,25.7,0.15,Shanti Nagar
1004172,Family,regular,36,137686,576.0,Mid-range,6,0.15,Casual Dining,17.6,0.03,Bommanahalli
1004173,Food Explorer,occasional,36,98171,465.0,Budget,1,0.7,Beverage Shop,4.3,0.06,Brigade Road
1004174,Office Worker,occasional,28,84119,498.0,Budget,3,0.2,Cafe,16.2,0.06,HSR
1004175,Couple,regular,27,129628,795.0,Mid-range,1,0.3,Fine Dining,15.7,0.03,Jayanagar
1004176,Family,occasional,23,64999,615.0,Mid-range,6,0.15,Fine Dining,11.7,0.06,Church Street
1004177,Family,occasional,44,141317,912.0,Mid-range,3,0.15,Casual Dining,15.6,0.06,JP Nagar
1004178,Food Explorer,trial_only,25,41330,438.0,Budget,2,0.7,Sweet Shop,22.4,0.15,HSR
1004179,Family,occasional,27,109629,874.0,Mid-range,6,0.15,Dessert Parlor,19.7,0.06,Infantry Road
1004180,Couple,power_user,41,109240,956.0,Mid-range,1,0.3,Pub,2.9,0.01,Koramangala 6th Block
1004181,Family,occasional,23,98299,858.0,Mid-range,2,0.15,Casual Dining,8.2,0.06,Electronic City
1004182,Student,trial_only,22,27492,238.0,Budget,1,0.35,Quick Bites,12.9,0.15,Wilson Garden
1004183,Family,occasional,20,155524,420.0,Budget,3,0.15,Casual Dining,27.8,0.06,Koramangala 7th Block
1004184,Office Worker,regular,39,66494,546.0,Mid-range,2,0.2,Quick Bites,2.4,0.03,Koramangala 1st Block
1004185,Food Explorer,trial_only,35,81993,426.0,Budget,2,0.7,Delivery,44.9,0.15,Indiranagar
1004186,Couple,regular,42,147305,1125.0,Premium,1,0.3,Lounge,2.9,0.03,Kalyan Nagar
1004187,Student,regular,22,26309,245.0,Budget,1,0.35,Food Court,5.1,0.03,Frazer Town
1004188,Student,regular,20,15721,344.0,Budget,2,0.35,Cafe,0.6,0.03,HSR
1004189,Student,occasional,24,26412,327.0,Budget,3,0.35,Quick Bites,53.9,0.06,New BEL Road
1004190,Office Worker,trial_only,37,58875,504.0,Mid-range,1,0.2,Quick Bites,5.8,0.15,Bellandur
1004191,Student,power_user,18,10594,256.0,Budget,1,0.35,Quick Bites,4.0,0.01,Bannerghatta Road
1004192,Family,occasional,40,169909,790.0,Mid-range,4,0.15,Casual Dining,33.0,0.06,Koramangala 8th Block
1004193,Family,occasional,39,155495,883.0,Mid-range,3,0.15,Casual Dining,8.4,0.06,Koramangala 5th Block
1004194,Couple,trial_only,30,111750,1664.0,Premium,2,0.3,Cafe,36.1,0.15,Koramangala 1st Block
1004195,Office Worker,trial_only,31,70380,481.0,Budget,1,0.2,Quick Bites,29.2,0.15,Electronic City
1004196,Office Worker,occasional,40,64627,350.0,Budget,2,0.2,Quick Bites,16.2,0.06,Koramangala 4th Block
1004197,Student,regular,18,18577,321.0,Budget,1,0.35,Food Court,5.8,0.03,JP Nagar
1004198,Couple,regular,44,143285,1151.0,Premium,2,0.3,Fine Dining,3.8,0.03,Whitefield
1004199,Student,trial_only,22,23830,140.0,Budget,1,0.35,Bakery,64.0,0.15,BTM
1004200,Student,occasional,18,18472,152.0,Budget,1,0.35,Dessert Parlor,25.0,0.06,Rajajinagar
1004201,Student,occasional,20,27119,295.0,Budget,1,0.35,Cafe,8.3,0.06,BTM
1004202,Couple,trial_only,42,65717,1205.0,Premium,3,0.3,Fine Dining,32.6,0.15,Ulsoor
1004203,Student,trial_only,22,17988,276.0,Budget,2,0.35,Dessert Parlor,28.7,0.15,BTM
1004204,Family,occasional,22,75507,977.0,Mid-range,3,0.15,Casual Dining,10.5,0.06,Koramangala 4th Block
1004205,Family,trial_only,25,70208,613.0,Mid-range,5,0.15,Fine Dining,26.2,0.15,JP Nagar
1004206,Couple,regular,44,132188,784.0,Mid-range,2,0.3,Cafe,8.9,0.03,Kalyan Nagar
1004207,Student,occasional,19,20927,234.0,Budget,1,0.35,Dessert Parlor,13.4,0.06,Banaswadi
1004208,Student,trial_only,22,31424,251.0,Budget,1,0.35,Quick Bites,8.3,0.15,Koramangala 2nd Block
1004209,Office Worker,power_user,40,68250,444.0,Budget,1,0.2,Quick Bites,1.1,0.01,Residency Road
1004210,Student,regular,19,15847,236.0,Budget,2,0.35,Dessert Parlor,10.1,0.03,Basaveshwara Nagar
1004211,Family,occasional,21,85366,372.0,Budget,2,0.15,Casual Dining,2.8,0.06,Koramangala 3rd Block
1004212,Office Worker,occasional,37,57424,193.0,Budget,1,0.2,Food Court,13.9,0.06,Indiranagar
1004213,Office Worker,power_user,40,35685,462.0,Budget,1,0.2,Cafe,3.6,0.01,Bannerghatta Road
1004214,Student,regular,21,24621,210.0,Budget,1,0.35,Dessert Parlor,6.8,0.03,Bannerghatta Road
1004215,Family,regular,28,115126,399.0,Budget,2,0.15,Casual Dining,1.9,0.03,Jayanagar
1004216,Student,regular,18,13475,350.0,Budget,2,0.35,Cafe,0.7,0.03,Residency Road
1004217,Family,trial_only,52,122964,1109.0,Premium,1,0.15,Casual Dining,6.0,0.15,Marathahalli
1004218,Student,occasional,23,31221,292.0,Budget,1,0.35,Quick Bites,15.0,0.06,Wilson Garden
1004219,Food Explorer,occasional,39,112697,667.0,Mid-range,2,0.7,Mess,1.6,0.06,Koramangala 6th Block
1004220,Family,power_user,48,110265,855.0,Mid-range,5,0.15,Casual Dining,2.1,0.01,Indiranagar
1004221,Student,regular,21,11828,115.0,Budget,1,0.35,Dessert Parlor,10.2,0.03,Shivajinagar
1004222,Student,regular,21,31587,371.0,Budget,2,0.35,Cafe,10.8,0.03,Richmond Road
1004223,Office Worker,trial_only,29,63061,574.0,Mid-range,1,0.2,Food Court,20.4,0.15,Indiranagar
1004224,Student,trial_only,23,29002,447.0,Budget,1,0.35,Cafe,38.6,0.15,Commercial Street
1004225,Student,regular,18,11130,265.0,Budget,1,0.35,Quick Bites,2.8,0.03,Bellandur
1004226,Couple,trial_only,24,79495,859.0,Mid-range,3,0.3,Pub,42.5,0.15,HSR
1004227,Family,power_user,54,94272,1072.0,Premium,4,0.15,Casual Dining,3.9,0.01,Church Street
1004228,Student,regular,20,27915,340.0,Budget,2,0.35,Quick Bites,5.2,0.03,Malleshwaram
1004229,Family,occasional,21,141743,975.0,Mid-range,4,0.15,Casual Dining,6.3,0.06,BTM
1004230,Office Worker,regular,35,74443,385.0,Budget,1,0.2,Casual Dining,4.8,0.03,HSR
1004231,Food Explorer,trial_only,29,71772,668.0,Mid-range,1,0.7,Casual Dining,26.7,0.15,Commercial Street
1004232,Student,regular,19,17781,216.0,Budget,1,0.35,Dessert Parlor,11.8,0.03,BTM
1004233,Family,occasional,35,82705,799.0,Mid-range,2,0.15,Cafe,8.7,0.06,Koramangala 6th Block
1004234,Couple,regular,33,75373,1096.0,Premium,1,0.3,Fine Dining,9.0,0.03,BTM
1004235,Student,regular,22,14105,487.0,Budget,2,0.35,Quick Bites,4.1,0.03,Lavelle Road
1004236,Student,regular,24,30586,344.0,Budget,1,0.35,Quick Bites,8.8,0.03,Koramangala 5th Block
1004237,Office Worker,trial_only,38,70657,235.0,Budget,1,0.2,Casual Dining,15.0,0.15,Koramangala 4th Block
1004238,Couple,occasional,42,117793,1200.0,Premium,3,0.3,Cafe,31.8,0.06,Vijay Nagar
1004239,Office Worker,occasional,31,83156,487.0,Budget,1,0.2,Casual Dining,26.5,0.06,Kalyan Nagar
1004240,Family,power_user,40,148749,705.0,Mid-range,6,0.15,Fine Dining,2.4,0.01,Bannerghatta Road
1004241,Couple,power_user,26,82055,869.0,Mid-range,3,0.3,Lounge,0.7,0.01,Marathahalli
1004242,Couple,power_user,36,81305,1398.0,Premium,3,0.3,Cafe,1.6,0.01,Seshadripuram
1004243,Office Worker,trial_only,35,37637,354.0,Budget,1,0.2,Cafe,30.1,0.15,Sarjapur Road
1004244,Office Worker,regular,38,73332,508.0,Mid-range,2,0.2,Quick Bites,12.4,0.03,Sankey Road
1004245,Family,regular,21,164920,591.0,Mid-range,4,0.15,Fine Dining,2.5,0.03,BTM
1004246,Office Worker,occasional,38,72859,397.0,Budget,1,0.2,Cafe,19.8,0.06,Rajajinagar
1004247,Couple,occasional,35,97060,1487.0,Premium,2,0.3,Cafe,14.7,0.06,Koramangala 5th Block
1004248,Student,regular,18,18332,339.0,Budget,1,0.35,Bakery,4.1,0.03,Jayanagar
1004249,Student,power_user,24,20956,303.0,Budget,1,0.35,Dessert Parlor,2.4,0.01,MG Road
1004250,Couple,regular,34,77046,1191.0,Premium,3,0.3,Pub,2.8,0.03,Rajajinagar
1004251,Office Worker,occasional,30,39927,459.0,Budget,2,0.2,Casual Dining,18.0,0.06,Sarjapur Road
1004252,Student,regular,19,20785,237.0,Budget,1,0.35,Food Court,6.4,0.03,HSR
1004253,Student,occasional,18,15918,179.0,Budget,1,0.35,Cafe,7.9,0.06,BTM
1004254,Office Worker,power_user,24,74346,507.0,Mid-range,1,0.2,Casual Dining,7.3,0.01,Old Airport Road
1004255,Couple,trial_only,29,140651,1659.0,Premium,4,0.3,Fine Dining,37.5,0.15,Whitefield
1004256,Student,trial_only,20,14839,348.0,Budget,1,0.35,Bakery,35.7,0.15,Kalyan Nagar
1004257,Student,power_user,21,10150,320.0,Budget,2,0.35,Bakery,2.4,0.01,New BEL Road
1004258,Office Worker,occasional,33,82456,329.0,Budget,1,0.2,Quick Bites,13.7,0.06,Malleshwaram
1004259,Food Explorer,regular,40,63514,819.0,Mid-range,1,0.7,Bhojanalya,2.3,0.03,HSR
1004260,Office Worker,trial_only,37,45316,498.0,Budget,1,0.2,Casual Dining,17.1,0.15,Banaswadi
1004261,Food Explorer,occasional,31,108430,790.0,Mid-range,1,0.7,Sweet Shop,21.5,0.06,Commercial Street
1004262,Couple,occasional,44,133964,1510.0,Premium,1,0.3,Microbrewery,20.7,0.06,Kammanahalli
1004263,Office Worker,regular,33,64838,609.0,Mid-range,1,0.2,Quick Bites,2.3,0.03,Brigade Road
1004264,Couple,power_user,33,65581,866.0,Mid-range,1,0.3,Cafe,1.2,0.01,JP Nagar
1004265,Family,occasional,27,144668,542.0,Mid-range,5,0.15,Cafe,18.9,0.06,Ulsoor
1004266,Office Worker,occasional,30,74367,465.0,Budget,2,0.2,Quick Bites,19.2,0.06,Malleshwaram
1004267,Office Worker,trial_only,23,56600,358.0,Budget,2,0.2,Quick Bites,12.9,0.15,Whitefield
1004268,Couple,trial_only,27,106140,871.0,Mid-range,2,0.3,Lounge,43.3,0.15,Banashankari
1004269,Couple,occasional,44,103644,1566.0,Premium,1,0.3,Cafe,6.6,0.06,Old Airport Road
1004270,Couple,occasional,28,116146,897.0,Mid-range,1,0.3,Lounge,10.9,0.06,Marathahalli
1004271,Food Explorer,trial_only,32,81252,597.0,Mid-range,1,0.7,Sweet Shop,23.1,0.15,Koramangala 7th Block
1004272,Office Worker,trial_only,24,88449,287.0,Budget,2,0.2,Quick Bites,41.5,0.15,Frazer Town
1004273,Couple,trial_only,37,53518,1219.0,Premium,1,0.3,Fine Dining,49.3,0.15,Residency Road
1004274,Couple,trial_only,45,55255,1555.0,Premium,1,0.3,Lounge,18.0,0.15,Banashankari
1004275,Student,regular,21,13779,397.0,Budget,2,0.35,Cafe,8.0,0.03,Koramangala 7th Block
1004276,Student,occasional,18,13728,384.0,Budget,2,0.35,Food Court,41.6,0.06,Malleshwaram
1004277,Office Worker,occasional,23,59925,442.0,Budget,1,0.2,Quick Bites,27.8,0.06,Shivajinagar
1004278,Couple,regular,40,57908,1533.0,Premium,1,0.3,Microbrewery,2.4,0.03,St. Marks Road
1004279,Office Worker,occasional,24,41472,493.0,Budget,2,0.2,Casual Dining,12.6,0.06,Bellandur
1004280,Family,regular,31,122356,712.0,Mid-range,3,0.15,Casual Dining,7.1,0.03,Frazer Town
1004281,Student,occasional,23,32491,331.0,Budget,2,0.35,Cafe,11.7,0.06,Bannerghatta Road
1004282,Office Worker,regular,32,78169,539.0,Mid-range,2,0.2,Cafe,6.2,0.03,Cunningham Road
1004283,Family,occasional,51,86008,534.0,Mid-range,5,0.15,Casual Dining,19.7,0.06,Lavelle Road
1004284,Student,occasional,24,11370,215.0,Budget,2,0.35,Bakery,24.3,0.06,Brookefield
1004285,Couple,occasional,38,123899,1157.0,Premium,2,0.3,Cafe,22.9,0.06,Koramangala 1st Block
1004286,Student,regular,24,29485,202.0,Budget,2,0.35,Quick Bites,9.4,0.03,Koramangala 7th Block
1004287,Food Explorer,occasional,22,114323,291.0,Budget,3,0.7,Irani Cafe,5.0,0.06,Rajajinagar
1004288,Student,regular,19,20826,266.0,Budget,2,0.35,Dessert Parlor,9.1,0.03,BTM
1004289,Food Explorer,regular,27,44674,848.0,Mid-range,1,0.7,Kiosk,3.2,0.03,Sarjapur Road
1004290,Family,regular,52,172972,995.0,Mid-range,5,0.15,Fine Dining,2.4,0.03,Whitefield
1004291,Student,trial_only,22,17184,326.0,Budget,1,0.35,Cafe,17.8,0.15,Koramangala 4th Block
1004292,Student,regular,19,19567,314.0,Budget,2,0.35,Cafe,1.8,0.03,Koramangala 1st Block
1004293,Student,occasional,19,20355,467.0,Budget,1,0.35,Cafe,7.5,0.06,Banashankari
1004294,Family,trial_only,48,178152,692.0,Mid-range,2,0.15,Casual Dining,28.8,0.15,BTM
1004295,Couple,regular,42,86118,1272.0,Premium,2,0.3,Fine Dining,11.4,0.03,Bommanahalli
1004296,Office Worker,trial_only,23,63391,391.0,Budget,1,0.2,Delivery,42.6,0.15,Sarjapur Road
1004297,Office Worker,regular,29,60254,321.0,Budget,2,0.2,Casual Dining,5.1,0.03,Indiranagar
1004298,Family,regular,39,178800,1037.0,Premium,3,0.15,Cafe,4.3,0.03,Kammanahalli
1004299,Office Worker,power_user,27,87141,419.0,Budget,1,0.2,Cafe,0.5,0.01,Richmond Road
1004300,Family,occasional,46,135826,939.0,Mid-range,7,0.15,Casual Dining,33.0,0.06,Bellandur
1004301,Office Worker,trial_only,36,36349,425.0,Budget,2,0.2,Quick Bites,55.7,0.15,Whitefield
1004302,Family,occasional,50,101560,1049.0,Premium,3,0.15,Casual Dining,15.1,0.06,Indiranagar
1004303,Food Explorer,occasional,36,93284,351.0,Budget,2,0.7,Food Court,23.6,0.06,BTM
1004304,Office Worker,regular,38,78205,566.0,Mid-range,1,0.2,Quick Bites,6.3,0.03,Marathahalli
1004305,Student,trial_only,20,28796,372.0,Budget,1,0.35,Quick Bites,9.8,0.15,Brigade Road
1004306,Student,occasional,20,22174,156.0,Budget,1,0.35,Bakery,3.3,0.06,Shanti Nagar
1004307,Family,regular,31,140469,697.0,Mid-range,2,0.15,Casual Dining,6.8,0.03,MG Road
1004308,Office Worker,trial_only,38,48528,552.0,Mid-range,1,0.2,Casual Dining,79.6,0.15,JP Nagar
1004309,Food Explorer,regular,34,90876,1009.0,Premium,2,0.7,Cafe,0.2,0.03,Race Course Road
1004310,Family,regular,31,117400,943.0,Mid-range,4,0.15,Casual Dining,7.0,0.03,JP Nagar
1004311,Office Worker,power_user,35,71027,410.0,Budget,1,0.2,Quick Bites,2.5,0.01,Ulsoor
1004312,Couple,regular,29,137192,909.0,Mid-range,1,0.3,Cafe,7.8,0.03,Jayanagar
1004313,Office Worker,trial_only,27,79203,507.0,Mid-range,1,0.2,Delivery,24.3,0.15,HSR
1004314,Couple,occasional,24,123231,1072.0,Premium,3,0.3,Fine Dining,45.2,0.06,Lavelle Road
1004315,Student,trial_only,24,29197,269.0,Budget,1,0.35,Bakery,5.5,0.15,Koramangala 4th Block
1004316,Family,power_user,28,80852,755.0,Mid-range,4,0.15,Cafe,1.7,0.01,Koramangala 7th Block
1004317,Food Explorer,occasional,36,54791,820.0,Mid-range,1,0.7,Bakery,10.8,0.06,Indiranagar
1004318,Couple,occasional,26,133860,1742.0,Premium,1,0.3,Lounge,3.8,0.06,New BEL Road
1004319,Couple,occasional,24,104091,1508.0,Premium,2,0.3,Cafe,21.2,0.06,Shivajinagar
1004320,Office Worker,occasional,35,55885,451.0,Budget,3,0.2,Quick Bites,9.2,0.06,Shanti Nagar
1004321,Couple,occasional,26,116503,930.0,Mid-range,1,0.3,Cafe,7.9,0.06,BTM
1004322,Family,occasional,25,69944,934.0,Mid-range,5,0.15,Cafe,22.0,0.06,JP Nagar
1004323,Family,trial_only,31,79811,1133.0,Premium,5,0.15,Fine Dining,22.9,0.15,HSR
1004324,Student,regular,22,13679,380.0,Budget,2,0.35,Dessert Parlor,2.4,0.03,Indiranagar
1004325,Student,occasional,18,24153,317.0,Budget,1,0.35,Cafe,4.8,0.06,HSR
1004326,Family,occasional,24,67939,702.0,Mid-range,1,0.15,Casual Dining,11.9,0.06,Koramangala 5th Block
1004327,Student,regular,20,11116,328.0,Budget,2,0.35,Cafe,11.4,0.03,Malleshwaram
1004328,Family,regular,45,141191,1031.0,Premium,3,0.15,Casual Dining,3.1,0.03,Kalyan Nagar
1004329,Couple,trial_only,26,123485,1270.0,Premium,1,0.3,Cafe,33.2,0.15,Indiranagar
1004330,Food Explorer,regular,27,60605,574.0,Mid-range,1,0.7,Delivery,10.5,0.03,Lavelle Road
1004331,Student,regular,19,27275,245.0,Budget,2,0.35,Quick Bites,9.1,0.03,Kalyan Nagar
1004332,Food Explorer,occasional,27,47708,1247.0,Premium,2,0.7,Meat Shop,7.8,0.06,Bellandur
1004333,Student,power_user,19,20236,229.0,Budget,1,0.35,Cafe,3.9,0.01,BTM
1004334,Office Worker,power_user,34,51940,352.0,Budget,1,0.2,Cafe,4.3,0.01,MG Road
1004335,Couple,power_user,25,84642,1249.0,Premium,3,0.3,Microbrewery,0.7,0.01,New BEL Road
1004336,Student,regular,24,31675,284.0,Budget,2,0.35,Quick Bites,3.4,0.03,JP Nagar
1004337,Student,regular,19,11961,382.0,Budget,3,0.35,Cafe,4.9,0.03,HSR
1004338,Student,trial_only,24,25718,385.0,Budget,1,0.35,Quick Bites,15.7,0.15,Indiranagar
1004339,Office Worker,regular,36,46422,329.0,Budget,3,0.2,Quick Bites,2.0,0.03,Malleshwaram
1004340,Couple,regular,31,98623,973.0,Mid-range,1,0.3,Pub,2.4,0.03,Infantry Road
1004341,Student,occasional,20,15030,230.0,Budget,1,0.35,Cafe,10.0,0.06,Marathahalli
1004342,Student,regular,24,28330,363.0,Budget,1,0.35,Cafe,5.0,0.03,Lavelle Road
1004343,Family,regular,55,67306,886.0,Mid-range,3,0.15,Casual Dining,8.4,0.03,Brookefield
1004344,Student,regular,22,11897,270.0,Budget,1,0.35,Bakery,5.0,0.03,Ejipura
1004345,Family,regular,21,99456,843.0,Mid-range,4,0.15,Fine Dining,2.0,0.03,Kalyan Nagar
1004346,Food Explorer,regular,39,110622,318.0,Budget,1,0.7,Bar,9.8,0.03,Basaveshwara Nagar
1004347,Couple,power_user,34,52387,977.0,Mid-range,2,0.3,Cafe,2.0,0.01,Jeevan Bhima Nagar
1004348,Couple,trial_only,24,67773,810.0,Mid-range,2,0.3,Fine Dining,29.8,0.15,BTM
1004349,Office Worker,trial_only,37,59506,465.0,Budget,1,0.2,Casual Dining,20.5,0.15,Brigade Road
1004350,Couple,trial_only,24,52138,1243.0,Premium,1,0.3,Cafe,14.2,0.15,Jayanagar
1004351,Student,power_user,20,23357,221.0,Budget,1,0.35,Quick Bites,2.0,0.01,Shivajinagar
1004352,Student,occasional,18,19059,334.0,Budget,1,0.35,Quick Bites,19.5,0.06,Bannerghatta Road
1004353,Family,occasional,35,137476,1011.0,Premium,4,0.15,Casual Dining,25.6,0.06,Vasanth Nagar
1004354,Student,power_user,23,11461,218.0,Budget,1,0.35,Cafe,2.0,0.01,Koramangala 8th Block
1004355,Couple,trial_only,26,67670,1102.0,Premium,2,0.3,Fine Dining,30.2,0.15,Marathahalli
1004356,Family,occasional,24,80049,903.0,Mid-range,7,0.15,Casual Dining,3.0,0.06,Sarjapur Road
1004357,Food Explorer,regular,40,98995,598.0,Mid-range,1,0.7,Sweet Shop,1.2,0.03,BTM
1004358,Office Worker,trial_only,26,74340,313.0,Budget,1,0.2,Quick Bites,34.3,0.15,Jayanagar
1004359,Office Worker,regular,25,36977,406.0,Budget,1,0.2,Cafe,8.9,0.03,MG Road
1004360,Family,occasional,41,108568,705.0,Mid-range,2,0.15,Fine Dining,6.3,0.06,JP Nagar
1004361,Student,regular,19,27597,286.0,Budget,1,0.35,Cafe,3.3,0.03,Koramangala 5th Block
1004362,Office Worker,regular,40,30413,437.0,Budget,1,0.2,Quick Bites,13.3,0.03,Hennur
1004363,Family,trial_only,25,72074,1113.0,Premium,8,0.15,Fine Dining,28.7,0.15,Sarjapur Road
1004364,Food Explorer,occasional,32,91501,548.0,Mid-range,2,0.7,Fine Dining,8.9,0.06,Koramangala 6th Block
1004365,Family,regular,53,127761,456.0,Budget,4,0.15,Casual Dining,11.0,0.03,Church Street
1004366,Student,occasional,23,27678,307.0,Budget,1,0.35,Quick Bites,5.3,0.06,Koramangala 6th Block
1004367,Office Worker,trial_only,23,57998,625.0,Mid-range,1,0.2,Casual Dining,61.5,0.15,MG Road
1004368,Family,trial_only,26,168236,767.0,Mid-range,6,0.15,Casual Dining,24.3,0.15,Indiranagar
1004369,Student,trial_only,18,13137,265.0,Budget,1,0.35,Quick Bites,13.0,0.15,Marathahalli
1004370,Office Worker,trial_only,39,39276,419.0,Budget,2,0.2,Quick Bites,64.8,0.15,Whitefield
1004371,Office Worker,occasional,26,68119,508.0,Mid-range,1,0.2,Casual Dining,3.5,0.06,Koramangala 4th Block
1004372,Student,regular,18,31430,275.0,Budget,2,0.35,Dessert Parlor,3.8,0.03,Koramangala 4th Block
1004373,Office Worker,trial_only,29,31374,298.0,Budget,1,0.2,Cafe,52.4,0.15,Koramangala 5th Block
1004374,Student,regular,19,27718,246.0,Budget,3,0.35,Cafe,4.2,0.03,Banaswadi
1004375,Family,regular,25,176708,787.0,Mid-range,2,0.15,Casual Dining,2.8,0.03,Koramangala 5th Block
1004376,Student,regular,21,24091,343.0,Budget,1,0.35,Quick Bites,9.3,0.03,Richmond Road
1004377,Family,regular,52,159731,683.0,Mid-range,2,0.15,Cafe,7.7,0.03,BTM
1004378,Student,occasional,19,16544,276.0,Budget,1,0.35,Quick Bites,20.4,0.06,Jeevan Bhima Nagar
1004379,Couple,trial_only,45,130496,1213.0,Premium,1,0.3,Lounge,36.0,0.15,BTM
1004380,Student,occasional,22,21446,238.0,Budget,1,0.35,Cafe,23.1,0.06,BTM
1004381,Office Worker,occasional,29,47911,441.0,Budget,1,0.2,Casual Dining,15.7,0.06,BTM
1004382,Office Worker,regular,35,41896,497.0,Budget,1,0.2,Casual Dining,6.3,0.03,Electronic City
1004383,Student,occasional,20,31322,205.0,Budget,2,0.35,Quick Bites,26.7,0.06,Koramangala 6th Block
1004384,Office Worker,regular,26,73062,481.0,Budget,1,0.2,Cafe,19.7,0.03,Koramangala 5th Block
1004385,Couple,power_user,29,128863,873.0,Mid-range,4,0.3,Cafe,3.0,0.01,Brookefield
1004386,Food Explorer,occasional,22,96287,332.0,Budget,2,0.7,Confectionery,6.3,0.06,HSR
1004387,Office Worker,occasional,34,45340,384.0,Budget,3,0.2,Quick Bites,10.1,0.06,Kumaraswamy Layout
1004388,Student,regular,18,14788,409.0,Budget,2,0.35,Dessert Parlor,2.0,0.03,Bellandur
1004389,Family,regular,27,137734,457.0,Budget,3,0.15,Food Court,13.8,0.03,Koramangala 7th Block
1004390,Family,power_user,20,90314,707.0,Mid-range,3,0.15,Casual Dining,1.8,0.01,Banaswadi
1004391,Student,occasional,18,26201,298.0,Budget,2,0.35,Quick Bites,8.6,0.06,Lavelle Road
1004392,Couple,regular,43,140112,1550.0,Premium,2,0.3,Fine Dining,6.5,0.03,Kammanahalli
1004393,Office Worker,regular,23,74936,645.0,Mid-range,1,0.2,Casual Dining,3.0,0.03,Jayanagar
1004394,Family,trial_only,42,116602,716.0,Mid-range,4,0.15,Casual Dining,13.4,0.15,Residency Road
1004395,Office Worker,occasional,28,84531,504.0,Mid-range,1,0.2,Food Court,4.3,0.06,BTM
1004396,Office Worker,regular,25,63067,441.0,Budget,1,0.2,Food Court,2.3,0.03,Banashankari
1004397,Student,occasional,20,21748,292.0,Budget,2,0.35,Cafe,16.8,0.06,Jayanagar
1004398,Couple,regular,26,145863,1282.0,Premium,1,0.3,Cafe,7.0,0.03,BTM
1004399,Student,regular,20,18377,173.0,Budget,2,0.35,Quick Bites,3.9,0.03,Kammanahalli
1004400,Couple,occasional,41,70702,1186.0,Premium,2,0.3,Cafe,46.7,0.06,Old Airport Road
1004401,Couple,regular,37,63896,1335.0,Premium,1,0.3,Fine Dining,6.1,0.03,HSR
1004402,Family,regular,49,135256,628.0,Mid-range,1,0.15,Casual Dining,13.5,0.03,Koramangala 5th Block
1004403,Student,trial_only,22,22750,337.0,Budget,1,0.35,Cafe,20.5,0.15,HSR
1004404,Office Worker,occasional,39,76441,277.0,Budget,1,0.2,Food Court,3.0,0.06,West Bangalore
1004405,Office Worker,trial_only,24,38801,459.0,Budget,2,0.2,Food Court,71.2,0.15,BTM
1004406,Family,trial_only,25,98333,1068.0,Premium,2,0.15,Casual Dining,85.9,0.15,Malleshwaram
1004407,Food Explorer,regular,29,49666,545.0,Mid-range,2,0.7,Kiosk,15.1,0.03,BTM
1004408,Office Worker,occasional,32,48529,352.0,Budget,2,0.2,Delivery,14.6,0.06,MG Road
1004409,Couple,regular,41,146030,772.0,Mid-range,1,0.3,Microbrewery,7.7,0.03,Yeshwantpur
1004410,Student,occasional,18,32421,331.0,Budget,2,0.35,Dessert Parlor,10.7,0.06,Koramangala 5th Block
1004411,Office Worker,regular,24,59766,543.0,Mid-range,1,0.2,Quick Bites,12.0,0.03,Richmond Road
1004412,Student,power_user,23,12485,296.0,Budget,1,0.35,Dessert Parlor,2.9,0.01,Malleshwaram
1004413,Family,power_user,39,179390,707.0,Mid-range,5,0.15,Casual Dining,4.2,0.01,Jayanagar
1004414,Student,occasional,20,13934,146.0,Budget,2,0.35,Quick Bites,4.6,0.06,Ejipura
1004415,Office Worker,power_user,26,36068,462.0,Budget,1,0.2,Delivery,1.7,0.01,Malleshwaram
1004416,Couple,occasional,39,91095,993.0,Mid-range,3,0.3,Fine Dining,21.4,0.06,JP Nagar
1004417,Office Worker,trial_only,37,86470,387.0,Budget,1,0.2,Food Court,12.3,0.15,HSR
1004418,Student,occasional,18,29960,429.0,Budget,4,0.35,Quick Bites,9.4,0.06,Shanti Nagar
1004419,Student,regular,18,18989,156.0,Budget,1,0.35,Dessert Parlor,5.7,0.03,BTM
1004420,Office Worker,regular,37,57299,283.0,Budget,1,0.2,Casual Dining,7.4,0.03,Domlur
1004421,Office Worker,trial_only,38,33636,473.0,Budget,1,0.2,Casual Dining,14.0,0.15,BTM
1004422,Student,occasional,19,16764,269.0,Budget,2,0.35,Bakery,21.7,0.06,Domlur
1004423,Family,regular,45,140412,696.0,Mid-range,3,0.15,Cafe,6.5,0.03,Whitefield
1004424,Student,trial_only,23,20507,322.0,Budget,1,0.35,Cafe,1.1,0.15,Rajajinagar
1004425,Family,regular,24,177467,851.0,Mid-range,8,0.15,Food Court,1.8,0.03,Nagarbhavi
1004426,Office Worker,regular,26,56728,353.0,Budget,2,0.2,Cafe,1.8,0.03,Whitefield
1004427,Student,regular,18,31172,253.0,Budget,2,0.35,Cafe,2.4,0.03,Shivajinagar
1004428,Student,regular,23,28176,304.0,Budget,1,0.35,Quick Bites,9.6,0.03,New BEL Road
1004429,Student,regular,23,22692,313.0,Budget,2,0.35,Cafe,1.4,0.03,New BEL Road
1004430,Student,occasional,18,31719,339.0,Budget,1,0.35,Cafe,3.7,0.06,Jayanagar
1004431,Office Worker,regular,26,82253,392.0,Budget,1,0.2,Casual Dining,22.4,0.03,Lavelle Road
1004432,Food Explorer,occasional,34,65700,687.0,Mid-range,1,0.7,Bar,5.0,0.06,Basaveshwara Nagar
1004433,Couple,trial_only,43,77844,1485.0,Premium,1,0.3,Pub,17.7,0.15,BTM
1004434,Office Worker,trial_only,37,72513,455.0,Budget,1,0.2,Delivery,28.3,0.15,Rajajinagar
1004435,Family,power_user,26,63256,779.0,Mid-range,2,0.15,Cafe,1.3,0.01,BTM
1004436,Family,occasional,33,144167,753.0,Mid-range,3,0.15,Cafe,8.9,0.06,JP Nagar
1004437,Couple,regular,25,93502,1015.0,Premium,4,0.3,Cafe,2.6,0.03,Marathahalli
1004438,Student,occasional,19,29174,225.0,Budget,2,0.35,Cafe,7.9,0.06,RT Nagar
1004439,Office Worker,regular,33,37801,420.0,Budget,1,0.2,Cafe,3.0,0.03,Basavanagudi
1004440,Office Worker,occasional,29,64516,495.0,Budget,1,0.2,Cafe,13.0,0.06,Sadashiv Nagar
1004441,Student,regular,22,23402,229.0,Budget,3,0.35,Cafe,3.8,0.03,Marathahalli
1004442,Office Worker,occasional,28,30881,442.0,Budget,1,0.2,Casual Dining,1.7,0.06,Basavanagudi
1004443,Couple,regular,36,102461,1143.0,Premium,2,0.3,Lounge,20.0,0.03,Kalyan Nagar
1004444,Food Explorer,regular,34,92470,1044.0,Premium,1,0.7,Bakery,1.1,0.03,BTM
1004445,Student,occasional,19,20130,358.0,Budget,1,0.35,Quick Bites,17.3,0.06,BTM
1004446,Office Worker,regular,23,66738,521.0,Mid-range,2,0.2,Casual Dining,2.9,0.03,BTM
1004447,Office Worker,occasional,29,49578,542.0,Mid-range,1,0.2,Casual Dining,13.6,0.06,Electronic City
1004448,Office Worker,occasional,23,66691,395.0,Budget,1,0.2,Casual Dining,2.4,0.06,Sarjapur Road
1004449,Family,occasional,25,89208,1075.0,Premium,6,0.15,Fine Dining,14.6,0.06,BTM
1004450,Student,occasional,20,17032,313.0,Budget,1,0.35,Food Court,19.6,0.06,Whitefield
1004451,Couple,occasional,31,57103,1187.0,Premium,1,0.3,Cafe,12.6,0.06,New BEL Road
1004452,Food Explorer,trial_only,27,47830,296.0,Budget,1,0.7,Fine Dining,25.4,0.15,HSR
1004453,Family,power_user,21,76140,720.0,Mid-range,3,0.15,Dessert Parlor,1.1,0.01,Richmond Road
1004454,Family,occasional,26,82722,447.0,Budget,5,0.15,Food Court,9.2,0.06,Electronic City
1004455,Office Worker,occasional,38,73122,425.0,Budget,1,0.2,Casual Dining,1.8,0.06,BTM
1004456,Office Worker,regular,35,42972,392.0,Budget,1,0.2,Cafe,1.7,0.03,Basavanagudi
1004457,Student,regular,21,18883,268.0,Budget,2,0.35,Quick Bites,10.4,0.03,Shivajinagar
1004458,Family,regular,20,80833,523.0,Mid-range,3,0.15,Cafe,27.1,0.03,Koramangala 7th Block
1004459,Student,occasional,20,20598,356.0,Budget,3,0.35,Beverage Shop,16.7,0.06,Koramangala 7th Block
1004460,Couple,regular,44,74453,1378.0,Premium,2,0.3,Cafe,6.2,0.03,BTM
1004461,Office Worker,occasional,37,49730,619.0,Mid-range,2,0.2,Quick Bites,1.1,0.06,Hennur
1004462,Office Worker,occasional,36,34121,616.0,Mid-range,1,0.2,Quick Bites,12.5,0.06,Old Airport Road
1004463,Office Worker,occasional,27,60291,466.0,Budget,1,0.2,Casual Dining,3.8,0.06,East Bangalore
1004464,Food Explorer,regular,29,61546,856.0,Mid-range,1,0.7,Delivery,7.1,0.03,Residency Road
1004465,Student,occasional,18,26281,321.0,Budget,2,0.35,Cafe,31.2,0.06,Ulsoor
1004466,Student,occasional,24,34948,266.0,Budget,1,0.35,Cafe,5.7,0.06,Old Airport Road
1004467,Student,regular,18,22129,278.0,Budget,4,0.35,Bakery,5.2,0.03,Kumaraswamy Layout
1004468,Family,regular,42,121366,928.0,Mid-range,5,0.15,Dessert Parlor,5.3,0.03,Wilson Garden
1004469,Food Explorer,regular,27,106438,1622.0,Premium,1,0.7,Dhaba,5.6,0.03,BTM
1004470,Student,trial_only,21,18610,393.0,Budget,2,0.35,Dessert Parlor,31.8,0.15,Banaswadi
1004471,Food Explorer,regular,37,51285,662.0,Mid-range,1,0.7,Food Truck,2.7,0.03,Marathahalli
1004472,Office Worker,power_user,28,73229,498.0,Budget,1,0.2,Cafe,0.7,0.01,Church Street
1004473,Family,regular,20,137963,895.0,Mid-range,6,0.15,Cafe,16.3,0.03,BTM
1004474,Student,power_user,22,21736,293.0,Budget,1,0.35,Bakery,3.0,0.01,Brigade Road
1004475,Office Worker,regular,32,53201,526.0,Mid-range,2,0.2,Quick Bites,12.5,0.03,Hosur Road
1004476,Family,occasional,25,63539,769.0,Mid-range,5,0.15,Cafe,24.6,0.06,Koramangala 4th Block
1004477,Office Worker,occasional,23,63425,349.0,Budget,1,0.2,Quick Bites,5.8,0.06,BTM
1004478,Student,trial_only,21,23685,339.0,Budget,1,0.35,Dessert Parlor,35.2,0.15,HBR Layout
1004479,Couple,power_user,37,101567,1385.0,Premium,1,0.3,Microbrewery,3.7,0.01,Indiranagar
1004480,Food Explorer,occasional,24,64325,564.0,Mid-range,1,0.7,Irani Cafe,8.9,0.06,Bommanahalli
1004481,Office Worker,occasional,33,39104,481.0,Budget,1,0.2,Delivery,6.1,0.06,JP Nagar
1004482,Family,occasional,36,128542,992.0,Mid-range,2,0.15,Cafe,8.9,0.06,Koramangala 1st Block
1004483,Couple,trial_only,27,112001,1184.0,Premium,1,0.3,Lounge,18.6,0.15,HSR
1004484,Student,regular,22,14330,264.0,Budget,2,0.35,Quick Bites,3.6,0.03,Ejipura
1004485,Couple,occasional,38,62054,987.0,Mid-range,1,0.3,Cafe,4.8,0.06,Kalyan Nagar
1004486,Office Worker,occasional,25,58953,425.0,Budget,1,0.2,Food Court,16.7,0.06,HSR
1004487,Couple,regular,38,54790,1660.0,Premium,1,0.3,Lounge,1.8,0.03,Shivajinagar
1004488,Student,trial_only,19,14841,284.0,Budget,1,0.35,Cafe,40.4,0.15,Koramangala
1004489,Office Worker,regular,33,68183,486.0,Budget,1,0.2,Quick Bites,21.0,0.03,Hennur
1004490,Office Worker,power_user,37,47929,418.0,Budget,1,0.2,Quick Bites,2.5,0.01,BTM
1004491,Office Worker,occasional,39,57628,409.0,Budget,1,0.2,Cafe,12.0,0.06,Kammanahalli
1004492,Couple,occasional,29,118717,936.0,Mid-range,2,0.3,Cafe,7.9,0.06,Bommanahalli
1004493,Food Explorer,trial_only,28,54139,625.0,Mid-range,2,0.7,Delivery,45.0,0.15,Magadi Road
1004494,Student,trial_only,18,15691,259.0,Budget,1,0.35,Bakery,20.1,0.15,Nagawara
1004495,Office Worker,regular,40,47845,577.0,Mid-range,1,0.2,Casual Dining,5.5,0.03,Old Airport Road
1004496,Office Worker,occasional,28,55028,439.0,Budget,1,0.2,Casual Dining,15.4,0.06,Koramangala 8th Block
1004497,Office Worker,trial_only,37,63594,446.0,Budget,1,0.2,Quick Bites,10.5,0.15,JP Nagar
1004498,Office Worker,regular,39,34388,432.0,Budget,1,0.2,Casual Dining,2.4,0.03,Majestic
1004499,Couple,occasional,34,97383,1311.0,Premium,2,0.3,Lounge,8.1,0.06,Banaswadi
1004500,Couple,trial_only,39,118716,1647.0,Premium,1,0.3,Cafe,14.4,0.15,Indiranagar
1004501,Student,regular,21,31286,217.0,Budget,5,0.35,Cafe,15.1,0.03,Electronic City
1004502,Office Worker,trial_only,33,62337,478.0,Budget,1,0.2,Casual Dining,24.5,0.15,Indiranagar
1004503,Family,occasional,28,135103,486.0,Budget,2,0.15,Cafe,4.4,0.06,Richmond Road
1004504,Office Worker,trial_only,38,78828,572.0,Mid-range,2,0.2,Casual Dining,17.5,0.15,HSR
1004505,Student,occasional,18,28181,291.0,Budget,1,0.35,Bakery,18.2,0.06,Indiranagar
1004506,Office Worker,occasional,34,62105,301.0,Budget,2,0.2,Casual Dining,28.8,0.06,Basavanagudi
1004507,Office Worker,occasional,39,63975,322.0,Budget,1,0.2,Quick Bites,68.9,0.06,Kammanahalli
1004508,Student,power_user,23,34856,365.0,Budget,2,0.35,Quick Bites,0.7,0.01,Koramangala 1st Block
1004509,Couple,occasional,40,125705,701.0,Mid-range,2,0.3,Microbrewery,43.7,0.06,Ulsoor
1004510,Office Worker,trial_only,34,44468,478.0,Budget,1,0.2,Quick Bites,29.7,0.15,Residency Road
1004511,Family,trial_only,54,114450,714.0,Mid-range,2,0.15,Cafe,57.2,0.15,Electronic City
1004512,Office Worker,trial_only,38,74527,431.0,Budget,1,0.2,Food Court,15.0,0.15,Ulsoor
1004513,Couple,occasional,30,102211,998.0,Mid-range,2,0.3,Pub,27.4,0.06,HSR
1004514,Student,occasional,22,20808,224.0,Budget,1,0.35,Cafe,30.0,0.06,Majestic
1004515,Student,occasional,21,25209,261.0,Budget,1,0.35,Quick Bites,20.8,0.06,JP Nagar
1004516,Office Worker,occasional,27,52558,507.0,Mid-range,1,0.2,Quick Bites,38.8,0.06,Electronic City
1004517,Office Worker,occasional,37,70692,421.0,Budget,1,0.2,Casual Dining,5.3,0.06,Vasanth Nagar
1004518,Office Worker,power_user,23,73892,492.0,Budget,1,0.2,Casual Dining,1.6,0.01,Marathahalli
1004519,Couple,power_user,26,139802,1127.0,Premium,3,0.3,Fine Dining,1.9,0.01,JP Nagar
1004520,Student,occasional,18,33889,349.0,Budget,1,0.35,Cafe,4.5,0.06,Shivajinagar
1004521,Student,regular,19,27787,333.0,Budget,1,0.35,Dessert Parlor,8.6,0.03,HSR
1004522,Office Worker,regular,32,75335,396.0,Budget,1,0.2,Quick Bites,9.2,0.03,Church Street
1004523,Couple,regular,44,127226,914.0,Mid-range,3,0.3,Cafe,1.2,0.03,HSR
1004524,Couple,trial_only,45,83012,1487.0,Premium,2,0.3,Lounge,50.3,0.15,BTM
1004525,Family,trial_only,52,169864,637.0,Mid-range,4,0.15,Dessert Parlor,41.3,0.15,JP Nagar
1004526,Family,occasional,47,121187,900.0,Mid-range,2,0.15,Cafe,18.2,0.06,Jayanagar
1004527,Family,trial_only,36,164103,806.0,Mid-range,3,0.15,Food Court,1.1,0.15,Bannerghatta Road
1004528,Family,trial_only,47,86057,707.0,Mid-range,2,0.15,Cafe,28.9,0.15,Kammanahalli
1004529,Student,regular,19,17757,334.0,Budget,1,0.35,Beverage Shop,20.2,0.03,Old Airport Road
1004530,Family,regular,43,134429,1074.0,Premium,5,0.15,Dessert Parlor,8.1,0.03,Jayanagar
1004531,Couple,regular,24,107858,1388.0,Premium,2,0.3,Lounge,4.0,0.03,Koramangala 5th Block
1004532,Office Worker,power_user,39,54155,463.0,Budget,1,0.2,Cafe,1.4,0.01,Marathahalli
1004533,Family,occasional,54,86509,1124.0,Premium,2,0.15,Casual Dining,28.0,0.06,Banaswadi
1004534,Office Worker,regular,36,43688,283.0,Budget,2,0.2,Delivery,3.6,0.03,HBR Layout
1004535,Office Worker,trial_only,26,73620,339.0,Budget,1,0.2,Cafe,34.5,0.15,Indiranagar
1004536,Student,occasional,19,10527,263.0,Budget,1,0.35,Bakery,4.8,0.06,BTM
1004537,Family,regular,46,74328,1084.0,Premium,8,0.15,Casual Dining,18.0,0.03,Old Airport Road
1004538,Couple,trial_only,34,142533,1483.0,Premium,2,0.3,Fine Dining,53.0,0.15,Jayanagar
1004539,Student,trial_only,21,34480,163.0,Budget,1,0.35,Quick Bites,55.6,0.15,Banashankari
1004540,Office Worker,occasional,30,34729,406.0,Budget,2,0.2,Food Court,23.3,0.06,HSR
1004541,Student,occasional,23,13558,194.0,Budget,3,0.35,Bakery,12.8,0.06,Electronic City
1004542,Student,trial_only,19,18233,297.0,Budget,2,0.35,Dessert Parlor,8.5,0.15,Bellandur
1004543,Food Explorer,occasional,30,86876,825.0,Mid-range,2,0.7,Dhaba,4.7,0.06,Koramangala 4th Block
1004544,Office Worker,trial_only,27,41427,548.0,Mid-range,1,0.2,Quick Bites,43.5,0.15,Ulsoor
1004545,Office Worker,power_user,35,88938,477.0,Budget,1,0.2,Food Court,2.2,0.01,Electronic City
1004546,Office Worker,occasional,28,59648,407.0,Budget,1,0.2,Casual Dining,13.2,0.06,South Bangalore
1004547,Food Explorer,occasional,27,82966,576.0,Mid-range,2,0.7,Club,14.6,0.06,Yeshwantpur
1004548,Office Worker,power_user,26,41696,518.0,Mid-range,2,0.2,Delivery,0.4,0.01,JP Nagar
1004549,Family,power_user,51,96926,1269.0,Premium,5,0.15,Casual Dining,4.0,0.01,Bellandur
1004550,Office Worker,power_user,26,74173,331.0,Budget,1,0.2,Quick Bites,2.3,0.01,Electronic City
1004551,Student,regular,24,25816,427.0,Budget,2,0.35,Cafe,16.0,0.03,Bannerghatta Road
1004552,Family,power_user,52,86978,849.0,Mid-range,1,0.15,Casual Dining,2.3,0.01,BTM
1004553,Student,regular,24,21038,366.0,Budget,1,0.35,Bakery,12.0,0.03,Koramangala 4th Block
1004554,Family,trial_only,32,82254,837.0,Mid-range,6,0.15,Food Court,48.8,0.15,Whitefield
1004555,Office Worker,occasional,34,54451,590.0,Mid-range,1,0.2,Quick Bites,13.0,0.06,BTM
1004556,Family,occasional,49,86026,866.0,Mid-range,3,0.15,Casual Dining,5.5,0.06,Kalyan Nagar
1004557,Couple,power_user,25,147966,1005.0,Premium,1,0.3,Fine Dining,3.6,0.01,Domlur
1004558,Family,trial_only,22,95707,890.0,Mid-range,5,0.15,Casual Dining,44.5,0.15,BTM
1004559,Student,regular,19,21845,390.0,Budget,2,0.35,Bakery,21.1,0.03,Lavelle Road
1004560,Family,regular,55,137020,800.0,Mid-range,4,0.15,Casual Dining,11.1,0.03,Ulsoor
1004561,Food Explorer,occasional,23,43282,100.0,Budget,2,0.7,Cafe,15.6,0.06,Jayanagar
1004562,Student,trial_only,23,15240,291.0,Budget,2,0.35,Quick Bites,33.5,0.15,Koramangala 4th Block
1004563,Office Worker,trial_only,38,89336,460.0,Budget,1,0.2,Quick Bites,34.1,0.15,Brigade Road
1004564,Couple,occasional,43,119685,1187.0,Premium,3,0.3,Cafe,22.8,0.06,Banashankari
1004565,Student,occasional,21,16048,260.0,Budget,1,0.35,Cafe,9.6,0.06,Brigade Road
1004566,Family,occasional,38,111620,1065.0,Premium,6,0.15,Dessert Parlor,15.4,0.06,Bellandur
1004567,Couple,occasional,40,135742,488.0,Budget,2,0.3,Pub,2.5,0.06,BTM
1004568,Student,regular,22,14925,308.0,Budget,1,0.35,Quick Bites,2.9,0.03,Jayanagar
1004569,Family,regular,48,95868,822.0,Mid-range,3,0.15,Casual Dining,7.8,0.03,Jayanagar
1004570,Family,trial_only,32,88805,1219.0,Premium,5,0.15,Fine Dining,59.2,0.15,JP Nagar
1004571,Office Worker,trial_only,39,69891,449.0,Budget,1,0.2,Casual Dining,30.1,0.15,Indiranagar
1004572,Couple,regular,33,102733,1334.0,Premium,2,0.3,Fine Dining,11.4,0.03,Yeshwantpur
1004573,Student,regular,19,22516,310.0,Budget,3,0.35,Dessert Parlor,11.7,0.03,JP Nagar
1004574,Office Worker,regular,36,52718,459.0,Budget,1,0.2,Delivery,11.1,0.03,BTM
1004575,Couple,occasional,37,82798,1729.0,Premium,1,0.3,Cafe,3.8,0.06,Domlur
1004576,Student,regular,18,22843,211.0,Budget,1,0.35,Quick Bites,3.9,0.03,Brigade Road
1004577,Couple,occasional,27,129907,1000.0,Mid-range,2,0.3,Cafe,29.9,0.06,Wilson Garden
1004578,Student,power_user,18,30315,360.0,Budget,1,0.35,Cafe,2.5,0.01,BTM
1004579,Office Worker,regular,33,77072,476.0,Budget,1,0.2,Quick Bites,6.4,0.03,Koramangala 6th Block
1004580,Student,regular,24,11145,277.0,Budget,1,0.35,Quick Bites,7.1,0.03,Indiranagar
1004581,Family,occasional,31,118820,786.0,Mid-range,3,0.15,Casual Dining,35.2,0.06,Jayanagar
1004582,Couple,regular,26,89361,1474.0,Premium,1,0.3,Cafe,3.4,0.03,Residency Road
1004583,Couple,occasional,42,143523,1346.0,Premium,1,0.3,Microbrewery,22.9,0.06,Residency Road
1004584,Food Explorer,occasional,35,73235,422.0,Budget,1,0.7,Pub,16.4,0.06,Koramangala 1st Block
1004585,Family,occasional,39,89619,848.0,Mid-range,5,0.15,Fine Dining,14.8,0.06,BTM
1004586,Couple,regular,28,75091,1185.0,Premium,1,0.3,Pub,4.2,0.03,Thippasandra
1004587,Office Worker,occasional,35,41688,497.0,Budget,1,0.2,Quick Bites,19.8,0.06,BTM
1004588,Food Explorer,regular,28,75350,520.0,Mid-range,1,0.7,Pub,5.7,0.03,Koramangala 7th Block
1004589,Family,occasional,28,91698,558.0,Mid-range,3,0.15,Fine Dining,31.6,0.06,JP Nagar
1004590,Couple,occasional,30,106663,1402.0,Premium,2,0.3,Cafe,23.2,0.06,Koramangala 1st Block
1004591,Student,trial_only,18,15771,344.0,Budget,1,0.35,Dessert Parlor,41.3,0.15,BTM
1004592,Office Worker,trial_only,31,65098,592.0,Mid-range,1,0.2,Casual Dining,54.5,0.15,BTM
1004593,Family,occasional,47,133879,537.0,Mid-range,6,0.15,Casual Dining,7.5,0.06,Shivajinagar
1004594,Student,trial_only,23,26746,294.0,Budget,2,0.35,Food Court,78.6,0.15,JP Nagar
1004595,Student,regular,23,32064,282.0,Budget,2,0.35,Quick Bites,7.8,0.03,Whitefield
1004596,Food Explorer,occasional,38,46141,501.0,Mid-range,1,0.7,Quick Bites,13.0,0.06,BTM
1004597,Office Worker,regular,40,33176,296.0,Budget,1,0.2,Delivery,12.9,0.03,Rajajinagar
1004598,Student,regular,19,21500,215.0,Budget,3,0.35,Cafe,3.5,0.03,Koramangala 6th Block
1004599,Office Worker,occasional,30,60961,477.0,Budget,1,0.2,Cafe,14.4,0.06,Rajajinagar
1004600,Office Worker,occasional,29,75457,400.0,Budget,2,0.2,Quick Bites,13.6,0.06,Bellandur
1004601,Family,occasional,44,87220,635.0,Mid-range,4,0.15,Fine Dining,11.0,0.06,Banashankari
1004602,Food Explorer,trial_only,37,76404,958.0,Mid-range,1,0.7,Bar,47.1,0.15,Koramangala 7th Block
1004603,Food Explorer,occasional,38,88907,1193.0,Premium,1,0.7,Cafe,20.1,0.06,New BEL Road
1004604,Family,trial_only,23,138778,789.0,Mid-range,4,0.15,Casual Dining,25.1,0.15,Jayanagar
1004605,Family,trial_only,38,125165,500.0,Budget,2,0.15,Casual Dining,61.1,0.15,HSR
1004606,Office Worker,trial_only,25,65427,490.0,Budget,1,0.2,Delivery,33.3,0.15,JP Nagar
1004607,Couple,regular,31,66407,574.0,Mid-range,2,0.3,Pub,8.9,0.03,Koramangala 6th Block
1004608,Student,occasional,21,21618,192.0,Budget,1,0.35,Quick Bites,20.8,0.06,Whitefield
1004609,Student,occasional,22,23538,333.0,Budget,1,0.35,Quick Bites,6.0,0.06,Koramangala 5th Block
1004610,Food Explorer,trial_only,37,46314,254.0,Budget,2,0.7,Sweet Shop,25.7,0.15,Ejipura
1004611,Couple,power_user,45,146869,1111.0,Premium,1,0.3,Cafe,2.2,0.01,Jayanagar
1004612,Office Worker,regular,29,67994,302.0,Budget,2,0.2,Food Court,4.5,0.03,BTM
1004613,Family,regular,40,146131,811.0,Mid-range,2,0.15,Fine Dining,5.0,0.03,Sarjapur Road
1004614,Office Worker,regular,24,62071,562.0,Mid-range,1,0.2,Casual Dining,22.5,0.03,Residency Road
1004615,Office Worker,trial_only,25,85842,389.0,Budget,1,0.2,Quick Bites,17.9,0.15,Koramangala 5th Block
1004616,Office Worker,power_user,40,30341,448.0,Budget,1,0.2,Casual Dining,5.6,0.01,Koramangala 1st Block
1004617,Student,regular,24,33953,235.0,Budget,1,0.35,Bakery,9.1,0.03,HSR
1004618,Office Worker,occasional,39,42411,375.0,Budget,1,0.2,Casual Dining,16.0,0.06,Koramangala 5th Block
1004619,Office Worker,regular,27,83075,367.0,Budget,1,0.2,Food Court,4.9,0.03,Whitefield
1004620,Office Worker,regular,34,33684,529.0,Mid-range,1,0.2,Casual Dining,1.5,0.03,Kammanahalli
1004621,Student,occasional,19,17821,187.0,Budget,1,0.35,Bakery,8.7,0.06,Koramangala 5th Block
1004622,Food Explorer,occasional,34,85619,517.0,Mid-range,1,0.7,Microbrewery,10.6,0.06,BTM
1004623,Family,trial_only,37,138913,882.0,Mid-range,4,0.15,Casual Dining,26.4,0.15,Marathahalli
1004624,Couple,occasional,44,51514,1473.0,Premium,3,0.3,Pub,31.8,0.06,Kaggadasapura
1004625,Student,trial_only,20,18971,335.0,Budget,1,0.35,Bakery,23.8,0.15,Koramangala 7th Block
1004626,Family,regular,43,161091,785.0,Mid-range,3,0.15,Food Court,0.2,0.03,Koramangala 7th Block
1004627,Couple,occasional,38,68308,1029.0,Premium,2,0.3,Cafe,23.6,0.06,Kammanahalli
1004628,Office Worker,occasional,37,86848,543.0,Mid-range,1,0.2,Delivery,19.1,0.06,Electronic City
1004629,Student,occasional,18,27757,231.0,Budget,1,0.35,Dessert Parlor,16.7,0.06,Frazer Town
1004630,Office Worker,occasional,31,88535,365.0,Budget,1,0.2,Cafe,24.2,0.06,BTM
1004631,Office Worker,regular,31,84197,585.0,Mid-range,1,0.2,Food Court,7.2,0.03,Whitefield
1004632,Office Worker,power_user,27,43595,486.0,Budget,1,0.2,Quick Bites,5.4,0.01,Bellandur
1004633,Office Worker,trial_only,37,86470,490.0,Budget,1,0.2,Cafe,49.7,0.15,Jayanagar
1004634,Office Worker,trial_only,37,59708,510.0,Mid-range,2,0.2,Casual Dining,39.0,0.15,BTM
1004635,Family,regular,22,91012,781.0,Mid-range,5,0.15,Fine Dining,17.1,0.03,Koramangala 1st Block
1004636,Student,occasional,22,32280,185.0,Budget,2,0.35,Quick Bites,14.7,0.06,Whitefield
1004637,Office Worker,occasional,38,58231,475.0,Budget,1,0.2,Quick Bites,9.5,0.06,Bellandur
1004638,Family,occasional,30,142480,796.0,Mid-range,1,0.15,Fine Dining,20.0,0.06,Domlur
1004639,Student,regular,22,25252,231.0,Budget,1,0.35,Quick Bites,3.2,0.03,HSR
1004640,Student,trial_only,22,17468,213.0,Budget,1,0.35,Quick Bites,10.3,0.15,Brigade Road
1004641,Student,occasional,18,34575,296.0,Budget,2,0.35,Quick Bites,9.5,0.06,Marathahalli
1004642,Student,occasional,23,30849,191.0,Budget,1,0.35,Quick Bites,14.8,0.06,Indiranagar
1004643,Office Worker,occasional,36,61753,436.0,Budget,1,0.2,Cafe,7.7,0.06,Marathahalli
1004644,Student,occasional,19,24348,279.0,Budget,1,0.35,Cafe,13.8,0.06,HSR
1004645,Office Worker,regular,28,34175,438.0,Budget,1,0.2,Quick Bites,1.4,0.03,Sarjapur Road
1004646,Food Explorer,trial_only,36,98399,701.0,Mid-range,1,0.7,Delivery,38.9,0.15,Bellandur
1004647,Food Explorer,regular,37,112785,755.0,Mid-range,3,0.7,Dessert Parlor,6.6,0.03,Commercial Street
1004648,Student,trial_only,18,34236,243.0,Budget,1,0.35,Quick Bites,36.0,0.15,BTM
1004649,Office Worker,trial_only,29,63599,537.0,Mid-range,2,0.2,Quick Bites,24.1,0.15,Malleshwaram
1004650,Office Worker,occasional,34,89851,428.0,Budget,2,0.2,Quick Bites,5.2,0.06,BTM
1004651,Couple,occasional,26,129834,1726.0,Premium,1,0.3,Fine Dining,10.3,0.06,Electronic City
1004652,Couple,regular,45,100482,1024.0,Premium,1,0.3,Lounge,19.1,0.03,Jayanagar
1004653,Student,regular,19,30010,171.0,Budget,1,0.35,Quick Bites,2.5,0.03,JP Nagar
1004654,Student,occasional,24,13915,367.0,Budget,1,0.35,Quick Bites,19.0,0.06,Vijay Nagar
1004655,Office Worker,power_user,24,70544,493.0,Budget,2,0.2,Delivery,6.1,0.01,Koramangala 7th Block
1004656,Couple,regular,43,111956,1560.0,Premium,4,0.3,Microbrewery,1.8,0.03,Vasanth Nagar
1004657,Couple,trial_only,24,99320,1293.0,Premium,2,0.3,Fine Dining,56.2,0.15,Koramangala 6th Block
1004658,Student,regular,22,26096,487.0,Budget,2,0.35,Quick Bites,10.5,0.03,Infantry Road
1004659,Family,regular,32,162256,762.0,Mid-range,1,0.15,Food Court,3.1,0.03,Seshadripuram
1004660,Student,regular,21,24304,384.0,Budget,1,0.35,Quick Bites,1.7,0.03,BTM
1004661,Family,occasional,23,105483,695.0,Mid-range,3,0.15,Casual Dining,35.9,0.06,Whitefield
1004662,Food Explorer,occasional,34,73764,723.0,Mid-range,1,0.7,Food Truck,5.5,0.06,Vasanth Nagar
1004663,Office Worker,occasional,34,64098,518.0,Mid-range,1,0.2,Quick Bites,8.6,0.06,Jayanagar
1004664,Student,occasional,20,24539,367.0,Budget,2,0.35,Food Court,48.7,0.06,Koramangala 1st Block
1004665,Family,power_user,36,97626,955.0,Mid-range,4,0.15,Fine Dining,2.1,0.01,JP Nagar
1004666,Office Worker,occasional,32,62042,126.0,Budget,1,0.2,Delivery,3.3,0.06,Shanti Nagar
1004667,Couple,power_user,39,78756,1179.0,Premium,2,0.3,Cafe,0.5,0.01,Jayanagar
1004668,Office Worker,trial_only,32,86682,392.0,Budget,1,0.2,Quick Bites,25.9,0.15,Sarjapur Road
1004669,Couple,regular,25,103458,1087.0,Premium,2,0.3,Microbrewery,5.3,0.03,Koramangala 1st Block
1004670,Office Worker,regular,32,80256,422.0,Budget,1,0.2,Casual Dining,2.7,0.03,Banashankari
1004671,Student,occasional,20,19487,378.0,Budget,1,0.35,Dessert Parlor,2.4,0.06,MG Road
1004672,Office Worker,regular,30,53621,470.0,Budget,1,0.2,Casual Dining,6.0,0.03,Koramangala 5th Block
1004673,Student,occasional,20,17212,259.0,Budget,3,0.35,Quick Bites,3.6,0.06,Whitefield
1004674,Office Worker,occasional,29,64252,303.0,Budget,1,0.2,Cafe,8.3,0.06,Indiranagar
1004675,Family,trial_only,28,133952,1107.0,Premium,2,0.15,Casual Dining,14.3,0.15,Kammanahalli
1004676,Student,power_user,20,24151,248.0,Budget,2,0.35,Food Court,1.3,0.01,Bannerghatta Road
1004677,Student,occasional,22,30924,290.0,Budget,1,0.35,Quick Bites,4.1,0.06,Ulsoor
1004678,Student,occasional,19,22768,471.0,Budget,2,0.35,Quick Bites,4.0,0.06,Marathahalli
1004679,Student,regular,23,30526,250.0,Budget,1,0.35,Dessert Parlor,9.2,0.03,BTM
1004680,Couple,occasional,33,55806,1117.0,Premium,1,0.3,Fine Dining,17.6,0.06,Koramangala 7th Block
1004681,Food Explorer,trial_only,33,68801,658.0,Mid-range,1,0.7,Bhojanalya,2.8,0.15,Marathahalli
1004682,Student,occasional,18,27815,172.0,Budget,1,0.35,Quick Bites,26.9,0.06,Shanti Nagar
1004683,Couple,trial_only,28,88348,683.0,Mid-range,3,0.3,Lounge,11.8,0.15,Lavelle Road
1004684,Family,occasional,52,147753,704.0,Mid-range,4,0.15,Casual Dining,5.3,0.06,MG Road
1004685,Food Explorer,regular,37,87353,488.0,Budget,2,0.7,Meat Shop,4.1,0.03,HSR
1004686,Office Worker,trial_only,24,59051,463.0,Budget,1,0.2,Food Court,14.8,0.15,MG Road
1004687,Office Worker,regular,39,63470,352.0,Budget,1,0.2,Quick Bites,13.5,0.03,Bellandur
1004688,Office Worker,occasional,38,84095,493.0,Budget,1,0.2,Quick Bites,14.0,0.06,Seshadripuram
1004689,Couple,occasional,27,117858,553.0,Mid-range,2,0.3,Cafe,6.3,0.06,Brigade Road
1004690,Family,trial_only,28,178071,786.0,Mid-range,3,0.15,Fine Dining,22.8,0.15,Whitefield
1004691,Office Worker,trial_only,26,35745,486.0,Budget,1,0.2,Cafe,4.5,0.15,Koramangala 4th Block
1004692,Student,power_user,23,30323,326.0,Budget,1,0.35,Beverage Shop,2.2,0.01,Koramangala 6th Block
1004693,Family,occasional,50,166951,767.0,Mid-range,3,0.15,Food Court,3.7,0.06,Marathahalli
1004694,Couple,regular,39,142787,1002.0,Premium,1,0.3,Cafe,11.4,0.03,Richmond Road
1004695,Office Worker,occasional,27,62346,431.0,Budget,1,0.2,Quick Bites,16.0,0.06,Brigade Road
1004696,Family,occasional,53,118500,1047.0,Premium,5,0.15,Casual Dining,10.5,0.06,Electronic City
1004697,Office Worker,regular,38,65022,390.0,Budget,1,0.2,Cafe,11.7,0.03,City Market
1004698,Office Worker,trial_only,38,84855,548.0,Mid-range,1,0.2,Quick Bites,27.6,0.15,Koramangala 7th Block
1004699,Office Worker,occasional,29,82006,564.0,Mid-range,1,0.2,Delivery,28.3,0.06,Koramangala 1st Block
1004700,Couple,occasional,39,143503,679.0,Mid-range,2,0.3,Fine Dining,13.3,0.06,Church Street
1004701,Food Explorer,trial_only,34,117525,568.0,Mid-range,2,0.7,Bakery,33.5,0.15,Residency Road
1004702,Office Worker,occasional,25,67414,352.0,Budget,1,0.2,Cafe,21.6,0.06,HSR
1004703,Office Worker,occasional,33,45542,300.0,Budget,1,0.2,Casual Dining,21.6,0.06,Brigade Road
1004704,Office Worker,power_user,32,39043,529.0,Mid-range,1,0.2,Food Court,0.7,0.01,Jayanagar
1004705,Student,regular,22,32442,338.0,Budget,1,0.35,Dessert Parlor,2.9,0.03,Banashankari
1004706,Office Worker,power_user,29,39138,476.0,Budget,1,0.2,Casual Dining,1.3,0.01,Marathahalli
1004707,Student,regular,22,11760,213.0,Budget,1,0.35,Quick Bites,7.0,0.03,Banashankari
1004708,Office Worker,regular,38,58338,471.0,Budget,1,0.2,Casual Dining,4.1,0.03,Koramangala 1st Block
1004709,Student,occasional,22,28581,195.0,Budget,1,0.35,Cafe,2.5,0.06,Koramangala 1st Block
1004710,Office Worker,occasional,38,74135,458.0,Budget,1,0.2,Delivery,6.0,0.06,Majestic
1004711,Couple,regular,40,75414,1002.0,Premium,1,0.3,Pub,2.6,0.03,Vasanth Nagar
1004712,Student,occasional,20,22535,384.0,Budget,1,0.35,Food Court,39.2,0.06,CV Raman Nagar
1004713,Family,trial_only,46,167330,727.0,Mid-range,2,0.15,Cafe,66.3,0.15,MG Road
1004714,Food Explorer,regular,34,103988,658.0,Mid-range,1,0.7,Fine Dining,10.3,0.03,Frazer Town
1004715,Family,occasional,53,170010,847.0,Mid-range,2,0.15,Casual Dining,10.1,0.06,Koramangala 5th Block
1004716,Student,power_user,20,29245,294.0,Budget,2,0.35,Cafe,3.6,0.01,BTM
1004717,Office Worker,occasional,25,35468,461.0,Budget,2,0.2,Casual Dining,19.3,0.06,JP Nagar
1004718,Family,occasional,44,84433,861.0,Mid-range,2,0.15,Casual Dining,6.2,0.06,Jayanagar
1004719,Office Worker,power_user,34,40142,360.0,Budget,3,0.2,Quick Bites,2.3,0.01,BTM
1004720,Student,regular,22,13319,332.0,Budget,1,0.35,Dessert Parlor,3.0,0.03,Bellandur
1004721,Office Worker,trial_only,36,81510,536.0,Mid-range,1,0.2,Quick Bites,4.8,0.15,Bannerghatta Road
1004722,Office Worker,regular,32,72350,490.0,Budget,1,0.2,Casual Dining,7.0,0.03,Ulsoor
1004723,Office Worker,occasional,23,84824,415.0,Budget,1,0.2,Quick Bites,18.9,0.06,Old Airport Road
1004724,Family,occasional,51,98445,835.0,Mid-range,2,0.15,Fine Dining,10.0,0.06,St. Marks Road
1004725,Student,regular,19,34496,271.0,Budget,1,0.35,Quick Bites,13.2,0.03,Banashankari
1004726,Office Worker,occasional,27,85884,438.0,Budget,2,0.2,Casual Dining,19.1,0.06,Koramangala 8th Block
1004727,Couple,occasional,41,60602,844.0,Mid-range,3,0.3,Pub,5.0,0.06,JP Nagar
1004728,Office Worker,regular,37,82111,588.0,Mid-range,1,0.2,Casual Dining,4.6,0.03,Koramangala 6th Block
1004729,Family,trial_only,38,73291,1187.0,Premium,4,0.15,Casual Dining,6.2,0.15,Commercial Street
1004730,Office Worker,occasional,35,57074,380.0,Budget,2,0.2,Casual Dining,24.2,0.06,Thippasandra
1004731,Office Worker,occasional,24,40847,529.0,Mid-range,1,0.2,Food Court,21.2,0.06,Rammurthy Nagar
1004732,Food Explorer,regular,27,86441,964.0,Mid-range,1,0.7,Irani Cafe,6.8,0.03,Rajajinagar
1004733,Office Worker,regular,27,31060,354.0,Budget,2,0.2,Casual Dining,7.2,0.03,BTM
1004734,Student,occasional,20,31178,127.0,Budget,1,0.35,Dessert Parlor,15.2,0.06,Kammanahalli
1004735,Food Explorer,occasional,28,78108,979.0,Mid-range,1,0.7,Kiosk,17.8,0.06,HSR
1004736,Family,regular,22,164565,798.0,Mid-range,5,0.15,Food Court,8.5,0.03,Rajajinagar
1004737,Family,occasional,44,112002,696.0,Mid-range,3,0.15,Casual Dining,6.2,0.06,Koramangala 5th Block
1004738,Student,occasional,22,23924,304.0,Budget,2,0.35,Beverage Shop,3.1,0.06,Basavanagudi
1004739,Student,regular,20,28452,270.0,Budget,2,0.35,Dessert Parlor,10.0,0.03,Shivajinagar
1004740,Family,occasional,51,176630,1392.0,Premium,4,0.15,Fine Dining,25.4,0.06,HSR
1004741,Student,occasional,20,19356,258.0,Budget,2,0.35,Dessert Parlor,25.5,0.06,BTM
1004742,Student,occasional,18,23024,326.0,Budget,1,0.35,Quick Bites,31.6,0.06,Brookefield
1004743,Couple,occasional,42,82442,1588.0,Premium,2,0.3,Cafe,30.6,0.06,Sarjapur Road
1004744,Office Worker,occasional,25,32466,579.0,Mid-range,1,0.2,Quick Bites,20.6,0.06,Jayanagar
1004745,Student,trial_only,18,31827,388.0,Budget,1,0.35,Cafe,14.7,0.15,Marathahalli
1004746,Student,trial_only,21,24067,266.0,Budget,3,0.35,Cafe,5.9,0.15,BTM
1004747,Office Worker,regular,33,52345,435.0,Budget,1,0.2,Food Court,4.1,0.03,Brookefield
1004748,Family,occasional,30,153241,365.0,Budget,7,0.15,Casual Dining,2.0,0.06,St. Marks Road
1004749,Couple,trial_only,42,131869,1178.0,Premium,4,0.3,Lounge,51.6,0.15,Koramangala 5th Block
1004750,Student,trial_only,19,34624,303.0,Budget,3,0.35,Cafe,7.1,0.15,Koramangala 6th Block
1004751,Student,regular,24,20921,359.0,Budget,1,0.35,Dessert Parlor,6.2,0.03,Banaswadi
1004752,Office Worker,regular,34,36322,630.0,Mid-range,1,0.2,Quick Bites,5.8,0.03,Indiranagar
1004753,Office Worker,regular,26,59119,521.0,Mid-range,1,0.2,Quick Bites,12.0,0.03,Nagawara
1004754,Office Worker,trial_only,30,56432,557.0,Mid-range,1,0.2,Casual Dining,34.9,0.15,Indiranagar
1004755,Food Explorer,trial_only,23,56598,596.0,Mid-range,1,0.7,Takeaway,15.4,0.15,Koramangala 2nd Block
1004756,Office Worker,trial_only,38,65199,578.0,Mid-range,1,0.2,Casual Dining,27.3,0.15,HSR
1004757,Office Worker,regular,34,54847,451.0,Budget,1,0.2,Cafe,6.1,0.03,BTM
1004758,Food Explorer,trial_only,30,110517,885.0,Mid-range,1,0.7,Beverage Shop,10.1,0.15,Koramangala 1st Block
1004759,Student,power_user,22,11192,364.0,Budget,1,0.35,Quick Bites,2.1,0.01,BTM
1004760,Food Explorer,regular,33,97271,698.0,Mid-range,2,0.7,Sweet Shop,10.8,0.03,Kammanahalli
1004761,Office Worker,regular,33,66116,296.0,Budget,1,0.2,Casual Dining,6.7,0.03,Basavanagudi
1004762,Office Worker,occasional,30,43875,559.0,Mid-range,1,0.2,Quick Bites,10.2,0.06,BTM
1004763,Food Explorer,occasional,28,68194,695.0,Mid-range,1,0.7,Pub,14.7,0.06,BTM
1004764,Office Worker,regular,27,81564,520.0,Mid-range,1,0.2,Quick Bites,1.8,0.03,Electronic City
1004765,Office Worker,regular,37,51845,481.0,Budget,2,0.2,Cafe,11.9,0.03,"ITPL Main Road, Whitefield"
1004766,Office Worker,trial_only,31,69855,499.0,Budget,2,0.2,Quick Bites,77.6,0.15,Lavelle Road
1004767,Family,power_user,36,121504,1060.0,Premium,3,0.15,Dessert Parlor,0.4,0.01,Marathahalli
1004768,Family,occasional,45,167419,705.0,Mid-range,2,0.15,Food Court,0.9,0.06,Indiranagar
1004769,Student,regular,21,26514,337.0,Budget,1,0.35,Quick Bites,6.3,0.03,Basavanagudi
1004770,Family,regular,54,160125,645.0,Mid-range,1,0.15,Cafe,1.3,0.03,Indiranagar
1004771,Family,regular,28,168432,915.0,Mid-range,4,0.15,Dessert Parlor,6.2,0.03,Malleshwaram
1004772,Office Worker,occasional,23,37755,475.0,Budget,1,0.2,Cafe,14.9,0.06,BTM
1004773,Student,occasional,20,30844,250.0,Budget,1,0.35,Dessert Parlor,18.9,0.06,Lavelle Road
1004774,Office Worker,regular,32,87629,459.0,Budget,2,0.2,Cafe,6.1,0.03,Koramangala 5th Block
1004775,Student,trial_only,23,10905,255.0,Budget,4,0.35,Quick Bites,0.9,0.15,Marathahalli
1004776,Student,power_user,22,21357,270.0,Budget,1,0.35,Quick Bites,6.4,0.01,Frazer Town
1004777,Office Worker,occasional,39,45291,485.0,Budget,1,0.2,Casual Dining,18.0,0.06,JP Nagar
1004778,Student,regular,18,34564,321.0,Budget,3,0.35,Quick Bites,3.4,0.03,Kanakapura Road
1004779,Office Worker,trial_only,32,51118,258.0,Budget,1,0.2,Casual Dining,17.1,0.15,Jayanagar
1004780,Family,power_user,49,82441,874.0,Mid-range,2,0.15,Casual Dining,1.6,0.01,Koramangala 6th Block
1004781,Office Worker,occasional,32,35737,420.0,Budget,2,0.2,Casual Dining,5.1,0.06,Cunningham Road
1004782,Food Explorer,occasional,27,103466,496.0,Budget,1,0.7,Food Court,13.1,0.06,"Varthur Main Road, Whitefield"
1004783,Food Explorer,occasional,36,44703,318.0,Budget,1,0.7,Bakery,8.6,0.06,Koramangala 8th Block
1004784,Family,trial_only,51,96587,791.0,Mid-range,2,0.15,Casual Dining,41.7,0.15,Vasanth Nagar
1004785,Food Explorer,regular,26,84351,469.0,Budget,1,0.7,Irani Cafe,7.0,0.03,Basavanagudi
1004786,Couple,regular,36,54480,1582.0,Premium,2,0.3,Microbrewery,21.5,0.03,HSR
1004787,Office Worker,trial_only,37,40488,275.0,Budget,1,0.2,Casual Dining,12.8,0.15,Whitefield
1004788,Family,trial_only,25,179285,607.0,Mid-range,6,0.15,Dessert Parlor,46.3,0.15,Kalyan Nagar
1004789,Student,occasional,18,21446,217.0,Budget,1,0.35,Beverage Shop,7.2,0.06,MG Road
1004790,Family,occasional,46,96424,852.0,Mid-range,3,0.15,Fine Dining,9.6,0.06,Banashankari
1004791,Office Worker,occasional,36,82188,567.0,Mid-range,1,0.2,Casual Dining,3.9,0.06,HSR
1004792,Student,occasional,19,12013,340.0,Budget,1,0.35,Cafe,10.3,0.06,Whitefield
1004793,Office Worker,trial_only,33,45850,341.0,Budget,2,0.2,Quick Bites,10.9,0.15,Ulsoor
1004794,Food Explorer,trial_only,35,108840,493.0,Budget,1,0.7,Cafe,107.4,0.15,Electronic City
1004795,Office Worker,regular,40,75175,369.0,Budget,1,0.2,Quick Bites,7.2,0.03,Banashankari
1004796,Student,occasional,23,20800,341.0,Budget,1,0.35,Quick Bites,18.3,0.06,Whitefield
1004797,Student,occasional,19,34519,264.0,Budget,1,0.35,Quick Bites,8.9,0.06,Koramangala 7th Block
1004798,Office Worker,regular,33,64587,309.0,Budget,1,0.2,Quick Bites,19.6,0.03,BTM
1004799,Couple,trial_only,40,124539,1375.0,Premium,1,0.3,Lounge,49.7,0.15,BTM
1004800,Couple,occasional,29,148485,1579.0,Premium,3,0.3,Fine Dining,16.8,0.06,Indiranagar
1004801,Office Worker,power_user,25,60259,432.0,Budget,1,0.2,Casual Dining,1.8,0.01,BTM
1004802,Student,occasional,21,22018,310.0,Budget,2,0.35,Quick Bites,35.3,0.06,Bannerghatta Road
1004803,Student,regular,23,26591,179.0,Budget,1,0.35,Cafe,7.3,0.03,Indiranagar
1004804,Office Worker,power_user,32,34025,244.0,Budget,1,0.2,Casual Dining,3.2,0.01,Koramangala 1st Block
1004805,Couple,occasional,37,92861,645.0,Mid-range,2,0.3,Fine Dining,19.3,0.06,BTM
1004806,Family,occasional,43,142943,791.0,Mid-range,2,0.15,Casual Dining,30.9,0.06,Electronic City
1004807,Office Worker,occasional,40,52740,419.0,Budget,1,0.2,Food Court,30.1,0.06,Koramangala 5th Block
1004808,Family,power_user,42,145272,909.0,Mid-range,3,0.15,Fine Dining,1.3,0.01,Bellandur
1004809,Office Worker,occasional,25,54200,430.0,Budget,1,0.2,Cafe,15.2,0.06,JP Nagar
1004810,Family,power_user,34,83305,998.0,Mid-range,3,0.15,Casual Dining,2.7,0.01,MG Road
1004811,Office Worker,trial_only,26,38778,537.0,Mid-range,1,0.2,Delivery,31.1,0.15,Koramangala 5th Block
1004812,Family,regular,47,125449,736.0,Mid-range,5,0.15,Casual Dining,12.9,0.03,BTM
1004813,Office Worker,trial_only,40,41612,350.0,Budget,1,0.2,Delivery,67.5,0.15,Hosur Road
1004814,Food Explorer,power_user,36,69538,121.0,Budget,1,0.7,Casual Dining,1.3,0.01,Richmond Road
1004815,Office Worker,power_user,27,61197,593.0,Mid-range,2,0.2,Delivery,1.7,0.01,New BEL Road
1004816,Student,occasional,22,11248,225.0,Budget,1,0.35,Beverage Shop,10.2,0.06,BTM
1004817,Student,occasional,18,20510,180.0,Budget,2,0.35,Quick Bites,28.3,0.06,MG Road
1004818,Office Worker,trial_only,27,48696,463.0,Budget,1,0.2,Quick Bites,52.3,0.15,Koramangala 7th Block
1004819,Office Worker,occasional,28,48836,301.0,Budget,1,0.2,Delivery,0.7,0.06,Wilson Garden
1004820,Family,regular,36,169144,826.0,Mid-range,3,0.15,Fine Dining,7.9,0.03,Malleshwaram
1004821,Family,power_user,31,170987,733.0,Mid-range,5,0.15,Casual Dining,0.7,0.01,JP Nagar
1004822,Office Worker,occasional,30,48015,542.0,Mid-range,1,0.2,Casual Dining,10.6,0.06,Koramangala 5th Block
1004823,Family,regular,20,165713,967.0,Mid-range,2,0.15,Food Court,1.0,0.03,JP Nagar
1004824,Family,trial_only,49,86767,1021.0,Premium,5,0.15,Dessert Parlor,25.2,0.15,Koramangala 4th Block
1004825,Office Worker,occasional,30,50813,471.0,Budget,1,0.2,Casual Dining,12.9,0.06,Bellandur
1004826,Office Worker,occasional,37,86455,364.0,Budget,2,0.2,Cafe,6.4,0.06,Majestic
1004827,Student,trial_only,18,12540,217.0,Budget,1,0.35,Cafe,24.6,0.15,Brookefield
1004828,Office Worker,power_user,38,52939,397.0,Budget,2,0.2,Quick Bites,2.0,0.01,HSR
1004829,Couple,regular,37,130502,1798.0,Premium,2,0.3,Cafe,7.0,0.03,Seshadripuram
1004830,Food Explorer,trial_only,26,115245,538.0,Mid-range,3,0.7,Bhojanalya,2.9,0.15,Brookefield
1004831,Family,regular,47,173823,832.0,Mid-range,1,0.15,Casual Dining,2.5,0.03,BTM
1004832,Office Worker,occasional,36,82814,602.0,Mid-range,1,0.2,Cafe,17.1,0.06,St. Marks Road
1004833,Family,trial_only,46,175735,851.0,Mid-range,2,0.15,Casual Dining,15.8,0.15,MG Road
1004834,Family,regular,51,116456,650.0,Mid-range,4,0.15,Fine Dining,2.1,0.03,Marathahalli
1004835,Office Worker,trial_only,40,49386,523.0,Mid-range,1,0.2,Cafe,11.2,0.15,BTM
1004836,Couple,regular,27,88496,1071.0,Premium,3,0.3,Cafe,17.6,0.03,Rajajinagar
1004837,Student,occasional,19,13015,323.0,Budget,1,0.35,Cafe,2.9,0.06,JP Nagar
1004838,Student,regular,18,13443,341.0,Budget,1,0.35,Quick Bites,3.0,0.03,Electronic City
1004839,Student,occasional,18,34342,260.0,Budget,2,0.35,Cafe,13.7,0.06,Majestic
1004840,Student,power_user,18,14765,315.0,Budget,1,0.35,Quick Bites,2.6,0.01,Brookefield
1004841,Couple,power_user,39,111631,1680.0,Premium,2,0.3,Fine Dining,2.4,0.01,Koramangala 6th Block
1004842,Office Worker,regular,33,43946,387.0,Budget,2,0.2,Casual Dining,3.2,0.03,Marathahalli
1004843,Office Worker,regular,23,69843,582.0,Mid-range,1,0.2,Cafe,3.9,0.03,MG Road
1004844,Office Worker,occasional,30,58221,391.0,Budget,2,0.2,Quick Bites,10.2,0.06,Koramangala 4th Block
1004845,Office Worker,power_user,24,36306,630.0,Mid-range,2,0.2,Food Court,0.7,0.01,Whitefield
1004846,Office Worker,regular,26,52327,364.0,Budget,1,0.2,Casual Dining,16.5,0.03,Rajajinagar
1004847,Student,regular,18,28268,268.0,Budget,1,0.35,Cafe,3.4,0.03,HSR
1004848,Family,regular,39,156046,1102.0,Premium,3,0.15,Cafe,10.4,0.03,JP Nagar
1004849,Student,regular,18,17239,424.0,Budget,1,0.35,Food Court,6.6,0.03,HSR
1004850,Couple,regular,41,79667,1446.0,Premium,1,0.3,Lounge,7.8,0.03,Ulsoor
1004851,Student,occasional,24,28240,213.0,Budget,1,0.35,Dessert Parlor,16.0,0.06,BTM
1004852,Family,occasional,50,110942,816.0,Mid-range,5,0.15,Fine Dining,4.5,0.06,Majestic
1004853,Couple,occasional,42,57015,1200.0,Premium,1,0.3,Lounge,27.3,0.06,Ulsoor
1004854,Student,regular,23,13067,232.0,Budget,2,0.35,Cafe,1.2,0.03,St. Marks Road
1004855,Student,trial_only,24,19342,356.0,Budget,2,0.35,Cafe,12.6,0.15,HSR
1004856,Food Explorer,occasional,38,61697,406.0,Budget,1,0.7,Fine Dining,13.4,0.06,JP Nagar
1004857,Office Worker,occasional,26,37132,321.0,Budget,1,0.2,Cafe,9.9,0.06,Brookefield
1004858,Family,regular,41,153963,476.0,Budget,8,0.15,Casual Dining,3.1,0.03,Shivajinagar
1004859,Student,regular,20,21473,437.0,Budget,1,0.35,Quick Bites,12.0,0.03,Whitefield
1004860,Office Worker,occasional,38,72426,399.0,Budget,2,0.2,Casual Dining,17.9,0.06,Frazer Town
1004861,Office Worker,regular,23,30119,401.0,Budget,1,0.2,Cafe,7.1,0.03,Shivajinagar
1004862,Couple,occasional,33,90222,891.0,Mid-range,2,0.3,Fine Dining,10.7,0.06,Indiranagar
1004863,Office Worker,regular,29,58682,587.0,Mid-range,2,0.2,Cafe,8.3,0.03,Jayanagar
1004864,Couple,regular,42,107747,786.0,Mid-range,3,0.3,Fine Dining,10.4,0.03,Bannerghatta Road
1004865,Family,regular,30,176172,559.0,Mid-range,4,0.15,Casual Dining,3.7,0.03,Brookefield
1004866,Student,regular,24,21458,274.0,Budget,1,0.35,Dessert Parlor,2.0,0.03,Jayanagar
1004867,Office Worker,regular,31,59360,448.0,Budget,1,0.2,Quick Bites,1.6,0.03,HSR
1004868,Student,power_user,22,32381,353.0,Budget,3,0.35,Quick Bites,5.8,0.01,Koramangala 6th Block
1004869,Office Worker,occasional,32,53906,382.0,Budget,1,0.2,Food Court,4.9,0.06,BTM
1004870,Family,regular,35,107363,1109.0,Premium,8,0.15,Casual Dining,2.3,0.03,Koramangala 6th Block
1004871,Office Worker,occasional,28,39585,383.0,Budget,2,0.2,Casual Dining,21.8,0.06,Indiranagar
1004872,Student,trial_only,19,28053,219.0,Budget,1,0.35,Quick Bites,26.1,0.15,Richmond Road
1004873,Family,trial_only,43,62337,579.0,Mid-range,2,0.15,Casual Dining,74.5,0.15,Koramangala 5th Block
1004874,Family,occasional,31,86223,645.0,Mid-range,5,0.15,Casual Dining,9.2,0.06,Residency Road
1004875,Office Worker,regular,38,55086,333.0,Budget,1,0.2,Quick Bites,6.1,0.03,Bommanahalli
1004876,Family,occasional,24,112092,950.0,Mid-range,4,0.15,Casual Dining,10.6,0.06,Residency Road
1004877,Student,trial_only,19,10964,220.0,Budget,2,0.35,Food Court,56.9,0.15,Indiranagar
1004878,Family,occasional,21,123520,773.0,Mid-range,3,0.15,Fine Dining,12.1,0.06,Koramangala 7th Block
1004879,Office Worker,power_user,38,88319,347.0,Budget,1,0.2,Quick Bites,2.1,0.01,Shanti Nagar
1004880,Office Worker,occasional,30,36278,333.0,Budget,1,0.2,Food Court,11.3,0.06,Kammanahalli
1004881,Student,power_user,18,22340,389.0,Budget,1,0.35,Bakery,0.2,0.01,BTM
1004882,Family,occasional,21,130490,1121.0,Premium,1,0.15,Casual Dining,2.5,0.06,BTM
1004883,Family,power_user,53,98883,1054.0,Premium,1,0.15,Casual Dining,1.2,0.01,HSR
1004884,Office Worker,regular,38,64480,303.0,Budget,1,0.2,Quick Bites,6.5,0.03,Electronic City
1004885,Couple,occasional,30,84081,800.0,Mid-range,1,0.3,Lounge,18.2,0.06,Koramangala 5th Block
1004886,Couple,occasional,38,65875,1794.0,Premium,2,0.3,Fine Dining,19.5,0.06,Malleshwaram
1004887,Student,occasional,19,31010,280.0,Budget,1,0.35,Dessert Parlor,17.9,0.06,St. Marks Road
1004888,Family,trial_only,50,179838,525.0,Mid-range,2,0.15,Fine Dining,32.6,0.15,BTM
1004889,Office Worker,trial_only,35,53155,558.0,Mid-range,2,0.2,Casual Dining,21.9,0.15,Residency Road
1004890,Food Explorer,occasional,30,47399,617.0,Mid-range,1,0.7,Club,18.2,0.06,BTM
1004891,Student,trial_only,24,14087,346.0,Budget,2,0.35,Dessert Parlor,21.7,0.15,BTM
1004892,Office Worker,regular,27,83719,226.0,Budget,1,0.2,Casual Dining,15.8,0.03,Bellandur
1004893,Office Worker,regular,40,82850,417.0,Budget,1,0.2,Casual Dining,5.8,0.03,Central Bangalore
1004894,Office Worker,trial_only,28,59491,545.0,Mid-range,1,0.2,Quick Bites,11.5,0.15,Indiranagar
1004895,Family,regular,51,164565,672.0,Mid-range,6,0.15,Cafe,28.2,0.03,Brigade Road
1004896,Office Worker,trial_only,38,43362,574.0,Mid-range,1,0.2,Cafe,2.7,0.15,Koramangala 2nd Block
1004897,Student,power_user,21,20008,195.0,Budget,3,0.35,Quick Bites,1.8,0.01,Banashankari
1004898,Office Worker,regular,25,36768,439.0,Budget,3,0.2,Casual Dining,6.0,0.03,Marathahalli
1004899,Couple,power_user,40,104483,1693.0,Premium,3,0.3,Lounge,2.6,0.01,Jayanagar
1004900,Couple,occasional,39,119942,855.0,Mid-range,2,0.3,Lounge,7.3,0.06,Indiranagar
1004901,Office Worker,trial_only,38,87696,477.0,Budget,1,0.2,Casual Dining,15.9,0.15,BTM
1004902,Office Worker,regular,27,75267,509.0,Mid-range,3,0.2,Cafe,7.7,0.03,HSR
1004903,Student,power_user,19,26622,307.0,Budget,2,0.35,Cafe,0.4,0.01,Basavanagudi
1004904,Couple,regular,31,117344,1125.0,Premium,4,0.3,Cafe,6.9,0.03,Koramangala 6th Block
1004905,Family,regular,33,135490,625.0,Mid-range,4,0.15,Fine Dining,13.9,0.03,HSR
1004906,Family,occasional,20,110384,839.0,Mid-range,1,0.15,Casual Dining,10.6,0.06,Bannerghatta Road
1004907,Couple,occasional,27,100003,1169.0,Premium,3,0.3,Lounge,22.7,0.06,JP Nagar
1004908,Student,regular,21,14314,185.0,Budget,1,0.35,Bakery,6.8,0.03,Bannerghatta Road
1004909,Family,regular,54,62400,1020.0,Premium,4,0.15,Casual Dining,1.7,0.03,Ulsoor
1004910,Student,occasional,18,29739,227.0,Budget,1,0.35,Quick Bites,1.4,0.06,HSR
1004911,Student,regular,19,22401,187.0,Budget,1,0.35,Dessert Parlor,5.7,0.03,Frazer Town
1004912,Office Worker,regular,38,82274,390.0,Budget,1,0.2,Cafe,1.6,0.03,BTM
1004913,Office Worker,occasional,23,37307,361.0,Budget,1,0.2,Casual Dining,22.2,0.06,BTM
1004914,Food Explorer,regular,23,71350,535.0,Mid-range,2,0.7,Club,6.4,0.03,Shivajinagar
1004915,Office Worker,power_user,39,45442,326.0,Budget,3,0.2,Quick Bites,6.8,0.01,Frazer Town
1004916,Couple,regular,29,134122,1334.0,Premium,2,0.3,Cafe,2.8,0.03,BTM
1004917,Family,occasional,31,105225,1076.0,Premium,3,0.15,Food Court,4.7,0.06,BTM
1004918,Family,regular,20,136272,821.0,Mid-range,1,0.15,Fine Dining,8.3,0.03,Lavelle Road
1004919,Food Explorer,trial_only,29,46746,239.0,Budget,1,0.7,Food Truck,53.5,0.15,BTM
1004920,Office Worker,occasional,40,61619,359.0,Budget,1,0.2,Food Court,24.5,0.06,Residency Road
1004921,Office Worker,occasional,40,56480,472.0,Budget,1,0.2,Casual Dining,31.8,0.06,Ulsoor
1004922,Student,occasional,22,25265,143.0,Budget,2,0.35,Bakery,18.3,0.06,Shanti Nagar
1004923,Office Worker,regular,35,65118,327.0,Budget,1,0.2,Delivery,4.5,0.03,Electronic City
1004924,Couple,regular,38,60775,706.0,Mid-range,2,0.3,Cafe,4.3,0.03,Sarjapur Road
1004925,Office Worker,regular,35,33000,462.0,Budget,1,0.2,Food Court,12.2,0.03,HSR
1004926,Office Worker,occasional,32,37524,666.0,Mid-range,1,0.2,Cafe,27.0,0.06,Ejipura
1004927,Student,occasional,19,15442,199.0,Budget,1,0.35,Quick Bites,23.9,0.06,Marathahalli
1004928,Office Worker,trial_only,38,73602,532.0,Mid-range,1,0.2,Casual Dining,20.6,0.15,JP Nagar
1004929,Family,occasional,51,92303,687.0,Mid-range,4,0.15,Casual Dining,20.1,0.06,BTM
1004930,Office Worker,regular,25,88197,318.0,Budget,1,0.2,Cafe,8.5,0.03,Electronic City
1004931,Couple,regular,26,58673,1669.0,Premium,1,0.3,Cafe,8.4,0.03,BTM
1004932,Family,regular,48,120937,1232.0,Premium,4,0.15,Casual Dining,8.1,0.03,Ulsoor
1004933,Couple,trial_only,25,121581,1324.0,Premium,3,0.3,Fine Dining,25.1,0.15,Residency Road
1004934,Office Worker,power_user,37,33240,486.0,Budget,1,0.2,Casual Dining,1.7,0.01,HSR
1004935,Family,trial_only,55,121687,812.0,Mid-range,2,0.15,Casual Dining,8.3,0.15,Electronic City
1004936,Student,power_user,18,11701,288.0,Budget,1,0.35,Quick Bites,12.4,0.01,Electronic City
1004937,Office Worker,occasional,37,77390,484.0,Budget,1,0.2,Cafe,8.0,0.06,HSR
1004938,Family,power_user,24,116084,935.0,Mid-range,5,0.15,Casual Dining,3.7,0.01,Brigade Road
1004939,Family,occasional,30,163763,1133.0,Premium,5,0.15,Cafe,4.9,0.06,MG Road
1004940,Student,regular,21,26442,258.0,Budget,2,0.35,Quick Bites,6.6,0.03,Malleshwaram
1004941,Couple,occasional,38,81689,1238.0,Premium,3,0.3,Fine Dining,15.5,0.06,HSR
1004942,Student,trial_only,18,13872,293.0,Budget,2,0.35,Food Court,4.2,0.15,Basavanagudi
1004943,Family,occasional,23,78998,1005.0,Premium,3,0.15,Casual Dining,2.1,0.06,MG Road
1004944,Food Explorer,regular,27,42642,1200.0,Premium,1,0.7,Dessert Parlor,8.3,0.03,Koramangala 5th Block
1004945,Office Worker,occasional,35,48019,556.0,Mid-range,1,0.2,Casual Dining,10.0,0.06,JP Nagar
1004946,Couple,regular,32,122947,1439.0,Premium,1,0.3,Cafe,1.5,0.03,Jayanagar
1004947,Family,power_user,29,102566,982.0,Mid-range,3,0.15,Casual Dining,0.4,0.01,Basavanagudi
1004948,Couple,occasional,27,64613,1580.0,Premium,3,0.3,Microbrewery,12.9,0.06,Jayanagar
1004949,Family,trial_only,54,69603,1283.0,Premium,7,0.15,Casual Dining,58.5,0.15,Brookefield
1004950,Family,regular,45,112582,463.0,Budget,4,0.15,Cafe,7.6,0.03,Kalyan Nagar
1004951,Student,occasional,24,15247,348.0,Budget,3,0.35,Quick Bites,15.4,0.06,Basavanagudi
1004952,Family,occasional,37,148097,284.0,Budget,2,0.15,Casual Dining,15.3,0.06,BTM
1004953,Student,occasional,23,18421,376.0,Budget,1,0.35,Dessert Parlor,4.0,0.06,Bellandur
1004954,Food Explorer,regular,34,50023,738.0,Mid-range,3,0.7,Kiosk,0.3,0.03,Koramangala 5th Block
1004955,Student,occasional,21,16818,256.0,Budget,2,0.35,Quick Bites,7.0,0.06,BTM
1004956,Student,regular,21,21069,100.0,Budget,1,0.35,Quick Bites,2.0,0.03,Indiranagar
1004957,Couple,regular,35,53766,1196.0,Premium,1,0.3,Fine Dining,2.1,0.03,Banashankari
1004958,Student,regular,20,12786,318.0,Budget,1,0.35,Bakery,9.8,0.03,Basavanagudi
1004959,Office Worker,trial_only,34,87659,444.0,Budget,2,0.2,Cafe,52.6,0.15,Koramangala 8th Block
1004960,Family,regular,37,101701,676.0,Mid-range,4,0.15,Dessert Parlor,0.7,0.03,Frazer Town
1004961,Student,regular,24,28704,228.0,Budget,2,0.35,Quick Bites,0.6,0.03,BTM
1004962,Student,regular,24,32811,296.0,Budget,2,0.35,Cafe,10.1,0.03,Malleshwaram
1004963,Office Worker,power_user,31,36812,370.0,Budget,1,0.2,Cafe,3.6,0.01,BTM
1004964,Student,trial_only,20,27154,365.0,Budget,2,0.35,Bakery,22.0,0.15,Lavelle Road
1004965,Student,occasional,23,30825,294.0,Budget,3,0.35,Cafe,45.8,0.06,BTM
1004966,Student,occasional,22,10577,162.0,Budget,1,0.35,Quick Bites,26.1,0.06,Koramangala 6th Block
1004967,Office Worker,occasional,27,48648,468.0,Budget,2,0.2,Casual Dining,19.3,0.06,Church Street
1004968,Office Worker,regular,38,38068,491.0,Budget,1,0.2,Delivery,5.3,0.03,Marathahalli
1004969,Student,occasional,22,10796,429.0,Budget,1,0.35,Dessert Parlor,3.5,0.06,Bannerghatta Road
1004970,Family,trial_only,42,95258,986.0,Mid-range,3,0.15,Food Court,56.2,0.15,MG Road
1004971,Family,occasional,48,81942,620.0,Mid-range,4,0.15,Cafe,4.6,0.06,Jayanagar
1004972,Student,occasional,19,32389,414.0,Budget,1,0.35,Quick Bites,16.5,0.06,Basaveshwara Nagar
1004973,Office Worker,regular,37,44240,311.0,Budget,2,0.2,Quick Bites,15.6,0.03,JP Nagar
1004974,Couple,trial_only,26,124709,1208.0,Premium,1,0.3,Cafe,9.5,0.15,BTM
1004975,Family,power_user,48,66177,951.0,Mid-range,5,0.15,Casual Dining,1.9,0.01,Kumaraswamy Layout
1004976,Office Worker,occasional,33,67050,596.0,Mid-range,1,0.2,Cafe,7.8,0.06,Electronic City
1004977,Office Worker,regular,33,71697,639.0,Mid-range,1,0.2,Casual Dining,5.3,0.03,Rajajinagar
1004978,Student,occasional,23,13815,402.0,Budget,3,0.35,Quick Bites,24.3,0.06,Kalyan Nagar
1004979,Couple,trial_only,30,93106,1159.0,Premium,3,0.3,Cafe,8.3,0.15,New BEL Road
1004980,Food Explorer,occasional,36,114310,745.0,Mid-range,2,0.7,Sweet Shop,8.5,0.06,Jayanagar
1004981,Food Explorer,power_user,22,89128,656.0,Mid-range,1,0.7,Microbrewery,0.5,0.01,Basaveshwara Nagar
1004982,Student,occasional,22,30204,243.0,Budget,1,0.35,Quick Bites,15.1,0.06,Whitefield
1004983,Office Worker,trial_only,37,55484,438.0,Budget,1,0.2,Cafe,16.0,0.15,Ulsoor
1004984,Student,occasional,18,15985,444.0,Budget,1,0.35,Food Court,1.6,0.06,Koramangala 7th Block
1004985,Office Worker,trial_only,35,58191,515.0,Mid-range,2,0.2,Cafe,29.5,0.15,BTM
1004986,Office Worker,trial_only,36,54259,656.0,Mid-range,1,0.2,Casual Dining,37.0,0.15,Church Street
1004987,Family,trial_only,38,177950,584.0,Mid-range,3,0.15,Casual Dining,17.2,0.15,BTM
1004988,Student,regular,22,20710,269.0,Budget,1,0.35,Dessert Parlor,10.2,0.03,Banaswadi
1004989,Food Explorer,occasional,23,90188,704.0,Mid-range,1,0.7,Bar,8.6,0.06,Bellandur
1004990,Student,trial_only,24,24688,359.0,Budget,2,0.35,Quick Bites,13.4,0.15,Richmond Road
1004991,Student,trial_only,24,19289,291.0,Budget,2,0.35,Quick Bites,7.6,0.15,Marathahalli
1004992,Couple,regular,40,87481,1440.0,Premium,3,0.3,Cafe,31.2,0.03,Kalyan Nagar
1004993,Family,regular,20,161357,959.0,Mid-range,3,0.15,Casual Dining,7.8,0.03,Banashankari
1004994,Office Worker,regular,30,42601,311.0,Budget,2,0.2,Casual Dining,6.8,0.03,Bannerghatta Road
1004995,Family,occasional,49,109914,951.0,Mid-range,5,0.15,Casual Dining,12.5,0.06,Cunningham Road
1004996,Student,trial_only,22,26675,386.0,Budget,1,0.35,Cafe,43.8,0.15,Basaveshwara Nagar
1004997,Student,occasional,24,11414,324.0,Budget,2,0.35,Beverage Shop,29.4,0.06,Basaveshwara Nagar
1004998,Office Worker,regular,34,70653,266.0,Budget,2,0.2,Quick Bites,6.7,0.03,Rajajinagar
1004999,Office Worker,regular,35,79964,422.0,Budget,2,0.2,Cafe,10.6,0.03,Koramangala 5th Block
1005000,Family,trial_only,32,113086,888.0,Mid-range,4,0.15,Casual Dining,52.7,0.15,Race Course Road
1005001,Student,regular,23,24575,231.0,Budget,1,0.35,Cafe,13.1,0.03,Sarjapur Road
1005002,Family,regular,39,118398,984.0,Mid-range,3,0.15,Casual Dining,5.0,0.03,JP Nagar
1005003,Couple,regular,41,116592,1419.0,Premium,2,0.3,Pub,4.2,0.03,Koramangala 4th Block
1005004,Student,trial_only,19,11266,311.0,Budget,3,0.35,Quick Bites,22.0,0.15,Koramangala 4th Block
1005005,Student,occasional,19,25435,301.0,Budget,2,0.35,Quick Bites,13.4,0.06,Bellandur
1005006,Office Worker,regular,24,57366,469.0,Budget,1,0.2,Cafe,7.5,0.03,HSR
1005007,Couple,regular,38,53569,1199.0,Premium,1,0.3,Lounge,0.9,0.03,Kalyan Nagar
1005008,Family,trial_only,46,156048,543.0,Mid-range,4,0.15,Casual Dining,44.4,0.15,Koramangala 5th Block
1005009,Family,regular,30,78211,714.0,Mid-range,6,0.15,Casual Dining,2.7,0.03,Whitefield
1005010,Office Worker,regular,29,65489,457.0,Budget,1,0.2,Cafe,12.2,0.03,Kammanahalli
1005011,Student,regular,21,31256,413.0,Budget,1,0.35,Beverage Shop,2.4,0.03,Kalyan Nagar
1005012,Office Worker,regular,36,85242,519.0,Mid-range,1,0.2,Cafe,6.0,0.03,Koramangala 5th Block
1005013,Student,trial_only,20,25705,418.0,Budget,1,0.35,Quick Bites,19.0,0.15,Koramangala 6th Block
1005014,Family,occasional,37,145982,519.0,Mid-range,7,0.15,Dessert Parlor,1.6,0.06,Whitefield
1005015,Student,regular,19,24620,272.0,Budget,1,0.35,Dessert Parlor,2.8,0.03,Frazer Town
1005016,Office Worker,trial_only,37,76659,657.0,Mid-range,2,0.2,Casual Dining,63.4,0.15,Jayanagar
1005017,Office Worker,regular,38,88555,376.0,Budget,3,0.2,Quick Bites,3.1,0.03,JP Nagar
1005018,Office Worker,trial_only,36,57505,374.0,Budget,1,0.2,Quick Bites,12.4,0.15,Jayanagar
1005019,Family,power_user,49,109559,746.0,Mid-range,4,0.15,Casual Dining,6.3,0.01,Old Airport Road
1005020,Office Worker,regular,36,40407,652.0,Mid-range,2,0.2,Casual Dining,7.7,0.03,BTM
1005021,Food Explorer,trial_only,37,118347,432.0,Budget,1,0.7,Delivery,11.6,0.15,Basavanagudi
1005022,Couple,trial_only,33,141219,1367.0,Premium,6,0.3,Fine Dining,21.0,0.15,Thippasandra
1005023,Couple,occasional,28,120627,1318.0,Premium,2,0.3,Cafe,42.2,0.06,Whitefield
1005024,Family,occasional,54,139104,414.0,Budget,7,0.15,Cafe,28.0,0.06,Koramangala 5th Block
1005025,Family,trial_only,20,84565,797.0,Mid-range,5,0.15,Casual Dining,13.2,0.15,Kumaraswamy Layout
1005026,Family,occasional,34,169137,689.0,Mid-range,5,0.15,Food Court,12.9,0.06,Bannerghatta Road
1005027,Office Worker,regular,36,33479,518.0,Mid-range,1,0.2,Cafe,4.8,0.03,JP Nagar
1005028,Office Worker,occasional,37,67051,624.0,Mid-range,1,0.2,Cafe,10.4,0.06,Indiranagar
1005029,Family,occasional,44,90424,731.0,Mid-range,5,0.15,Casual Dining,12.0,0.06,Brigade Road
1005030,Student,occasional,21,21362,272.0,Budget,1,0.35,Quick Bites,2.5,0.06,Bannerghatta Road
1005031,Student,trial_only,24,12378,501.0,Mid-range,2,0.35,Bakery,9.6,0.15,Koramangala 7th Block
1005032,Couple,occasional,29,63474,987.0,Mid-range,2,0.3,Pub,23.8,0.06,Marathahalli
1005033,Student,regular,18,19424,193.0,Budget,1,0.35,Cafe,11.8,0.03,Koramangala 7th Block
1005034,Office Worker,regular,34,53862,588.0,Mid-range,1,0.2,Casual Dining,5.7,0.03,St. Marks Road
1005035,Family,trial_only,31,165790,790.0,Mid-range,1,0.15,Fine Dining,18.5,0.15,Church Street
1005036,Student,power_user,21,24939,323.0,Budget,1,0.35,Dessert Parlor,1.9,0.01,Koramangala 4th Block
1005037,Couple,trial_only,34,53128,1869.0,Premium,1,0.3,Lounge,62.5,0.15,Bannerghatta Road
1005038,Student,power_user,19,33270,188.0,Budget,1,0.35,Cafe,6.8,0.01,Shivajinagar
1005039,Couple,regular,45,111043,1141.0,Premium,3,0.3,Lounge,13.1,0.03,Jayanagar
1005040,Couple,trial_only,32,132931,829.0,Mid-range,2,0.3,Fine Dining,27.0,0.15,Old Airport Road
1005041,Student,regular,22,33102,327.0,Budget,1,0.35,Bakery,4.3,0.03,Koramangala 5th Block
1005042,Student,trial_only,19,22829,256.0,Budget,1,0.35,Bakery,37.4,0.15,Whitefield
1005043,Office Worker,regular,40,40757,333.0,Budget,1,0.2,Casual Dining,3.8,0.03,Koramangala 4th Block
1005044,Office Worker,occasional,40,56879,523.0,Mid-range,1,0.2,Cafe,12.6,0.06,Malleshwaram
1005045,Student,occasional,18,27168,301.0,Budget,3,0.35,Cafe,12.3,0.06,Wilson Garden
1005046,Food Explorer,trial_only,34,42661,287.0,Budget,2,0.7,Lounge,22.6,0.15,Bannerghatta Road
1005047,Student,power_user,22,33652,205.0,Budget,2,0.35,Quick Bites,1.3,0.01,Bannerghatta Road
1005048,Couple,regular,27,85119,1262.0,Premium,2,0.3,Lounge,6.8,0.03,BTM
1005049,Student,occasional,23,26492,166.0,Budget,1,0.35,Quick Bites,8.3,0.06,Kalyan Nagar
1005050,Food Explorer,trial_only,36,118506,657.0,Mid-range,2,0.7,Cafe,3.4,0.15,New BEL Road
1005051,Student,trial_only,23,31634,407.0,Budget,1,0.35,Quick Bites,5.3,0.15,BTM
1005052,Office Worker,trial_only,33,74462,517.0,Mid-range,2,0.2,Cafe,19.9,0.15,Banashankari
1005053,Family,occasional,45,95853,675.0,Mid-range,2,0.15,Casual Dining,4.8,0.06,Indiranagar
1005054,Student,occasional,23,23119,322.0,Budget,1,0.35,Cafe,10.0,0.06,Residency Road
1005055,Couple,trial_only,40,100141,825.0,Mid-range,4,0.3,Microbrewery,49.2,0.15,BTM
1005056,Office Worker,trial_only,33,81738,464.0,Budget,2,0.2,Cafe,17.3,0.15,Koramangala 1st Block
1005057,Office Worker,trial_only,36,32387,417.0,Budget,2,0.2,Delivery,32.0,0.15,Old Airport Road
1005058,Office Worker,trial_only,24,31383,346.0,Budget,1,0.2,Quick Bites,52.5,0.15,Hosur Road
1005059,Family,trial_only,42,74183,925.0,Mid-range,1,0.15,Casual Dining,48.5,0.15,Frazer Town
1005060,Student,regular,19,33941,142.0,Budget,1,0.35,Quick Bites,6.8,0.03,BTM
1005061,Student,regular,20,23513,205.0,Budget,3,0.35,Bakery,12.0,0.03,Koramangala 7th Block
1005062,Student,trial_only,23,27492,215.0,Budget,1,0.35,Dessert Parlor,8.6,0.15,Koramangala 7th Block
1005063,Office Worker,occasional,25,35670,400.0,Budget,1,0.2,Casual Dining,6.9,0.06,Koramangala 1st Block
1005064,Student,regular,23,10332,404.0,Budget,2,0.35,Food Court,19.2,0.03,Electronic City
1005065,Food Explorer,occasional,26,92019,789.0,Mid-range,1,0.7,Lounge,14.5,0.06,BTM
1005066,Office Worker,occasional,36,72332,461.0,Budget,1,0.2,Delivery,16.5,0.06,Richmond Road
1005067,Family,trial_only,47,111263,812.0,Mid-range,3,0.15,Casual Dining,20.0,0.15,Koramangala 4th Block
1005068,Office Worker,trial_only,23,34987,449.0,Budget,1,0.2,Delivery,18.0,0.15,Koramangala 6th Block
1005069,Office Worker,power_user,27,59379,587.0,Mid-range,1,0.2,Casual Dining,1.4,0.01,Frazer Town
1005070,Office Worker,occasional,37,68376,268.0,Budget,1,0.2,Quick Bites,17.7,0.06,Koramangala 6th Block
1005071,Office Worker,power_user,29,42808,527.0,Mid-range,1,0.2,Quick Bites,3.4,0.01,Bellandur
1005072,Office Worker,trial_only,30,48053,399.0,Budget,1,0.2,Casual Dining,37.1,0.15,Jayanagar
1005073,Office Worker,regular,23,74803,500.0,Budget,1,0.2,Casual Dining,6.4,0.03,Bannerghatta Road
1005074,Office Worker,occasional,35,42725,501.0,Mid-range,1,0.2,Quick Bites,5.2,0.06,Brigade Road
1005075,Food Explorer,occasional,23,47933,783.0,Mid-range,1,0.7,Confectionery,5.9,0.06,Marathahalli
1005076,Student,occasional,19,25702,427.0,Budget,3,0.35,Quick Bites,8.0,0.06,Bellandur
1005077,Office Worker,occasional,31,31389,313.0,Budget,1,0.2,Quick Bites,25.3,0.06,Banashankari
1005078,Student,occasional,23,20851,380.0,Budget,1,0.35,Beverage Shop,15.3,0.06,Koramangala 6th Block
1005079,Office Worker,occasional,31,64174,444.0,Budget,1,0.2,Delivery,21.4,0.06,Bellandur
1005080,Family,power_user,55,67742,708.0,Mid-range,4,0.15,Casual Dining,2.2,0.01,Domlur
1005081,Student,regular,21,26330,463.0,Budget,2,0.35,Bakery,8.2,0.03,Jayanagar
1005082,Family,occasional,29,158681,940.0,Mid-range,1,0.15,Fine Dining,3.3,0.06,Whitefield
1005083,Office Worker,regular,26,88412,408.0,Budget,1,0.2,Quick Bites,4.0,0.03,Jayanagar
1005084,Student,occasional,23,16653,377.0,Budget,1,0.35,Dessert Parlor,6.8,0.06,Ulsoor
1005085,Food Explorer,regular,30,66174,588.0,Mid-range,1,0.7,Beverage Shop,20.3,0.03,BTM
1005086,Office Worker,trial_only,33,67093,407.0,Budget,1,0.2,Casual Dining,14.2,0.15,Marathahalli
1005087,Couple,regular,32,109929,1018.0,Premium,2,0.3,Lounge,2.1,0.03,BTM
1005088,Office Worker,occasional,27,66562,480.0,Budget,1,0.2,Delivery,18.5,0.06,Kammanahalli
1005089,Food Explorer,regular,33,65173,447.0,Budget,1,0.7,Confectionery,8.7,0.03,Marathahalli
1005090,Office Worker,occasional,28,33369,466.0,Budget,1,0.2,Cafe,19.4,0.06,Koramangala 5th Block
1005091,Office Worker,regular,40,31495,539.0,Mid-range,2,0.2,Delivery,4.4,0.03,Koramangala 1st Block
1005092,Couple,occasional,40,149732,1233.0,Premium,3,0.3,Pub,16.9,0.06,Marathahalli
1005093,Office Worker,regular,37,54381,648.0,Mid-range,1,0.2,Quick Bites,7.4,0.03,Bommanahalli
1005094,Office Worker,occasional,28,56860,451.0,Budget,1,0.2,Quick Bites,4.0,0.06,Kalyan Nagar
1005095,Food Explorer,occasional,22,90088,937.0,Mid-range,1,0.7,Cafe,0.8,0.06,Koramangala 1st Block
1005096,Family,trial_only,21,84643,995.0,Mid-range,1,0.15,Casual Dining,15.3,0.15,Yeshwantpur
1005097,Family,occasional,50,105837,1105.0,Premium,4,0.15,Dessert Parlor,13.9,0.06,Basavanagudi
1005098,Family,occasional,51,112410,1194.0,Premium,4,0.15,Casual Dining,2.6,0.06,Koramangala 5th Block
1005099,Couple,trial_only,38,59492,672.0,Mid-range,2,0.3,Microbrewery,18.5,0.15,Electronic City
1005100,Couple,regular,36,110306,1280.0,Premium,3,0.3,Cafe,6.6,0.03,Brigade Road
1005101,Family,occasional,27,83255,778.0,Mid-range,3,0.15,Casual Dining,14.6,0.06,Jeevan Bhima Nagar
1005102,Office Worker,regular,36,30182,461.0,Budget,3,0.2,Casual Dining,17.3,0.03,Koramangala 6th Block
1005103,Student,occasional,21,25525,268.0,Budget,1,0.35,Dessert Parlor,18.7,0.06,Richmond Road
1005104,Family,power_user,41,96016,691.0,Mid-range,2,0.15,Casual Dining,0.3,0.01,Koramangala 5th Block
1005105,Couple,regular,24,121783,870.0,Mid-range,3,0.3,Microbrewery,14.2,0.03,Bannerghatta Road
1005106,Office Worker,occasional,32,62180,460.0,Budget,1,0.2,Quick Bites,8.4,0.06,Koramangala 5th Block
1005107,Student,occasional,22,10726,375.0,Budget,1,0.35,Bakery,4.5,0.06,Bellandur
1005108,Office Worker,regular,36,71669,401.0,Budget,2,0.2,Quick Bites,3.9,0.03,Domlur
1005109,Office Worker,occasional,25,32442,417.0,Budget,1,0.2,Cafe,5.0,0.06,Cunningham Road
1005110,Couple,trial_only,24,81330,991.0,Mid-range,1,0.3,Fine Dining,1.4,0.15,Koramangala 5th Block
1005111,Student,regular,23,27151,220.0,Budget,1,0.35,Dessert Parlor,3.0,0.03,Bannerghatta Road
1005112,Family,regular,31,108469,753.0,Mid-range,3,0.15,Fine Dining,6.8,0.03,Hennur
1005113,Couple,trial_only,34,88492,1303.0,Premium,1,0.3,Cafe,30.3,0.15,HSR
1005114,Food Explorer,trial_only,33,57698,914.0,Mid-range,2,0.7,Bar,35.0,0.15,Koramangala 5th Block
1005115,Student,power_user,21,21098,205.0,Budget,1,0.35,Cafe,3.1,0.01,BTM
1005116,Food Explorer,occasional,39,63443,592.0,Mid-range,1,0.7,Irani Cafe,15.2,0.06,Brigade Road
1005117,Family,power_user,50,173544,1036.0,Premium,3,0.15,Cafe,1.4,0.01,Mysore Road
1005118,Couple,trial_only,32,118736,846.0,Mid-range,4,0.3,Cafe,12.0,0.15,Ejipura
1005119,Student,regular,19,32722,401.0,Budget,1,0.35,Quick Bites,2.8,0.03,JP Nagar
1005120,Office Worker,regular,40,50236,406.0,Budget,1,0.2,Casual Dining,4.1,0.03,Rajajinagar
1005121,Family,regular,45,174003,942.0,Mid-range,9,0.15,Cafe,9.1,0.03,BTM
1005122,Office Worker,occasional,36,46777,428.0,Budget,1,0.2,Quick Bites,1.9,0.06,Koramangala 4th Block
1005123,Office Worker,regular,31,48541,496.0,Budget,1,0.2,Casual Dining,5.6,0.03,Old Airport Road
1005124,Family,occasional,37,95827,1122.0,Premium,3,0.15,Fine Dining,9.4,0.06,Jayanagar
1005125,Family,occasional,26,130748,776.0,Mid-range,2,0.15,Fine Dining,24.2,0.06,Marathahalli
1005126,Student,occasional,21,25316,380.0,Budget,1,0.35,Cafe,28.2,0.06,MG Road
1005127,Office Worker,trial_only,32,33897,477.0,Budget,1,0.2,Casual Dining,24.6,0.15,Old Airport Road
1005128,Student,regular,18,24020,237.0,Budget,1,0.35,Beverage Shop,5.7,0.03,Koramangala 7th Block
1005129,Food Explorer,regular,34,116225,564.0,Mid-range,3,0.7,Fine Dining,5.2,0.03,Kumaraswamy Layout
1005130,Food Explorer,regular,33,72552,548.0,Mid-range,1,0.7,Pop Up,16.6,0.03,Sarjapur Road
1005131,Office Worker,occasional,38,71977,309.0,Budget,1,0.2,Casual Dining,5.4,0.06,Jayanagar
1005132,Student,power_user,18,25808,337.0,Budget,1,0.35,Cafe,0.4,0.01,Shivajinagar
1005133,Student,occasional,19,34500,353.0,Budget,1,0.35,Bakery,6.2,0.06,Church Street
1005134,Office Worker,occasional,30,68568,531.0,Mid-range,1,0.2,Food Court,22.6,0.06,MG Road
1005135,Couple,occasional,43,97080,1629.0,Premium,2,0.3,Cafe,15.4,0.06,HSR
1005136,Office Worker,occasional,27,30786,545.0,Mid-range,1,0.2,Casual Dining,4.7,0.06,BTM
1005137,Student,power_user,24,30100,252.0,Budget,3,0.35,Quick Bites,2.4,0.01,BTM
1005138,Student,regular,24,18476,269.0,Budget,1,0.35,Quick Bites,11.0,0.03,Whitefield
1005139,Student,occasional,18,33125,367.0,Budget,1,0.35,Bakery,19.7,0.06,JP Nagar
1005140,Couple,regular,31,74429,1317.0,Premium,4,0.3,Microbrewery,1.1,0.03,Ulsoor
1005141,Family,occasional,29,112472,796.0,Mid-range,3,0.15,Fine Dining,18.8,0.06,Bellandur
1005142,Family,trial_only,37,159495,625.0,Mid-range,2,0.15,Casual Dining,44.8,0.15,BTM
1005143,Office Worker,power_user,39,39106,397.0,Budget,1,0.2,Cafe,1.8,0.01,Domlur
1005144,Food Explorer,regular,29,62035,746.0,Mid-range,1,0.7,Takeaway,4.9,0.03,Koramangala 4th Block
1005145,Office Worker,regular,34,77516,255.0,Budget,1,0.2,Food Court,5.2,0.03,Marathahalli
1005146,Couple,regular,27,81729,498.0,Budget,1,0.3,Pub,20.0,0.03,Marathahalli
1005147,Couple,trial_only,36,145762,1408.0,Premium,2,0.3,Fine Dining,33.8,0.15,HSR
1005148,Office Worker,trial_only,29,62267,397.0,Budget,1,0.2,Quick Bites,24.9,0.15,Brigade Road
1005149,Couple,regular,44,132523,1341.0,Premium,1,0.3,Cafe,6.4,0.03,Sadashiv Nagar
1005150,Office Worker,trial_only,37,62844,608.0,Mid-range,2,0.2,Quick Bites,4.2,0.15,Brigade Road
1005151,Family,power_user,27,65421,597.0,Mid-range,5,0.15,Casual Dining,3.9,0.01,BTM
1005152,Student,trial_only,22,30275,166.0,Budget,1,0.35,Quick Bites,63.0,0.15,Ulsoor
1005153,Office Worker,trial_only,29,55187,422.0,Budget,1,0.2,Cafe,60.8,0.15,BTM
1005154,Student,regular,21,19698,245.0,Budget,1,0.35,Bakery,3.1,0.03,Vasanth Nagar
1005155,Student,occasional,21,28409,298.0,Budget,2,0.35,Dessert Parlor,16.8,0.06,Brigade Road
1005156,Student,occasional,23,17029,343.0,Budget,2,0.35,Quick Bites,2.8,0.06,Richmond Road
1005157,Office Worker,regular,28,55683,483.0,Budget,1,0.2,Quick Bites,9.9,0.03,Old Airport Road
1005158,Family,regular,20,132989,809.0,Mid-range,3,0.15,Food Court,2.4,0.03,New BEL Road
1005159,Office Worker,occasional,26,65594,556.0,Mid-range,2,0.2,Food Court,24.8,0.06,Koramangala 7th Block
1005160,Office Worker,regular,37,73697,517.0,Mid-range,2,0.2,Food Court,8.0,0.03,Bannerghatta Road
1005161,Food Explorer,regular,27,46579,555.0,Mid-range,1,0.7,Sweet Shop,1.0,0.03,Wilson Garden
1005162,Food Explorer,regular,23,119408,759.0,Mid-range,2,0.7,Bhojanalya,10.9,0.03,BTM
1005163,Student,occasional,20,25204,176.0,Budget,1,0.35,Dessert Parlor,1.3,0.06,Bannerghatta Road
1005164,Office Worker,regular,38,67098,556.0,Mid-range,2,0.2,Quick Bites,2.8,0.03,Brigade Road
1005165,Family,occasional,51,165914,804.0,Mid-range,4,0.15,Casual Dining,3.2,0.06,Domlur
1005166,Family,regular,54,118888,560.0,Mid-range,3,0.15,Casual Dining,21.6,0.03,Koramangala 5th Block
1005167,Office Worker,regular,35,31820,408.0,Budget,1,0.2,Delivery,7.8,0.03,Malleshwaram
1005168,Family,occasional,49,75968,1008.0,Premium,4,0.15,Casual Dining,12.9,0.06,Kalyan Nagar
1005169,Student,regular,23,33687,239.0,Budget,2,0.35,Quick Bites,4.2,0.03,HBR Layout
1005170,Office Worker,occasional,23,89216,491.0,Budget,3,0.2,Food Court,54.6,0.06,Domlur
1005171,Family,regular,35,70061,976.0,Mid-range,3,0.15,Casual Dining,5.3,0.03,Koramangala 1st Block
1005172,Family,occasional,38,142199,805.0,Mid-range,3,0.15,Cafe,52.8,0.06,BTM
1005173,Couple,regular,34,116067,941.0,Mid-range,2,0.3,Lounge,5.8,0.03,Shanti Nagar
1005174,Student,trial_only,23,14125,295.0,Budget,3,0.35,Quick Bites,57.5,0.15,Whitefield
1005175,Student,power_user,24,29684,187.0,Budget,1,0.35,Cafe,6.4,0.01,Brookefield
1005176,Student,trial_only,21,21492,261.0,Budget,1,0.35,Quick Bites,13.7,0.15,Koramangala 6th Block
1005177,Student,regular,18,15763,211.0,Budget,3,0.35,Dessert Parlor,7.9,0.03,BTM
1005178,Student,power_user,20,24008,296.0,Budget,2,0.35,Dessert Parlor,5.4,0.01,BTM
1005179,Office Worker,occasional,26,84306,323.0,Budget,1,0.2,Casual Dining,1.6,0.06,HSR
1005180,Office Worker,regular,31,43012,458.0,Budget,1,0.2,Cafe,10.6,0.03,Whitefield
1005181,Family,occasional,28,134258,1027.0,Premium,4,0.15,Casual Dining,20.0,0.06,Whitefield
1005182,Office Worker,trial_only,24,73949,570.0,Mid-range,1,0.2,Casual Dining,37.9,0.15,JP Nagar
1005183,Student,occasional,19,25631,200.0,Budget,3,0.35,Dessert Parlor,6.2,0.06,Domlur
1005184,Family,occasional,37,138041,667.0,Mid-range,3,0.15,Cafe,1.3,0.06,Koramangala 7th Block
1005185,Student,trial_only,18,28143,368.0,Budget,1,0.35,Cafe,17.3,0.15,HSR
1005186,Couple,occasional,24,73374,1411.0,Premium,2,0.3,Lounge,8.8,0.06,HSR
1005187,Student,power_user,19,12541,251.0,Budget,1,0.35,Quick Bites,4.0,0.01,Koramangala 4th Block
1005188,Office Worker,trial_only,34,89386,401.0,Budget,2,0.2,Casual Dining,14.3,0.15,Kalyan Nagar
1005189,Couple,regular,37,81961,1225.0,Premium,1,0.3,Cafe,9.9,0.03,Frazer Town
1005190,Family,regular,34,173841,433.0,Budget,4,0.15,Casual Dining,0.7,0.03,MG Road
1005191,Family,power_user,43,92210,905.0,Mid-range,3,0.15,Casual Dining,4.6,0.01,Banashankari
1005192,Family,regular,26,91862,1017.0,Premium,5,0.15,Dessert Parlor,3.8,0.03,New BEL Road
1005193,Student,regular,23,10623,269.0,Budget,1,0.35,Quick Bites,7.3,0.03,BTM
1005194,Family,regular,20,113017,516.0,Mid-range,5,0.15,Food Court,2.1,0.03,MG Road
1005195,Couple,occasional,26,144498,1624.0,Premium,3,0.3,Cafe,18.7,0.06,Koramangala 5th Block
1005196,Food Explorer,occasional,39,111583,655.0,Mid-range,1,0.7,Irani Cafe,13.5,0.06,Koramangala 5th Block
1005197,Office Worker,trial_only,31,48282,521.0,Mid-range,1,0.2,Casual Dining,35.1,0.15,Banaswadi
1005198,Office Worker,power_user,33,54378,318.0,Budget,1,0.2,Food Court,8.1,0.01,Mysore Road
1005199,Couple,regular,32,116955,805.0,Mid-range,2,0.3,Fine Dining,3.8,0.03,Indiranagar
1005200,Office Worker,occasional,34,87290,491.0,Budget,1,0.2,Quick Bites,4.4,0.06,Brigade Road
1005201,Office Worker,power_user,36,66244,553.0,Mid-range,1,0.2,Quick Bites,3.0,0.01,Malleshwaram
1005202,Student,regular,23,15010,210.0,Budget,1,0.35,Dessert Parlor,3.4,0.03,Seshadripuram
1005203,Student,occasional,19,18905,292.0,Budget,1,0.35,Bakery,11.1,0.06,MG Road
1005204,Office Worker,occasional,34,73442,291.0,Budget,1,0.2,Cafe,11.7,0.06,Malleshwaram
1005205,Student,regular,23,10588,244.0,Budget,1,0.35,Cafe,22.7,0.03,Indiranagar
1005206,Student,occasional,20,24988,279.0,Budget,1,0.35,Food Court,9.5,0.06,Marathahalli
1005207,Student,occasional,20,29230,339.0,Budget,1,0.35,Cafe,25.5,0.06,St. Marks Road
1005208,Food Explorer,trial_only,33,67695,100.0,Budget,1,0.7,Casual Dining,3.2,0.15,BTM
1005209,Student,regular,22,23473,406.0,Budget,2,0.35,Quick Bites,4.2,0.03,Koramangala 6th Block
1005210,Student,occasional,19,27945,286.0,Budget,1,0.35,Cafe,12.3,0.06,HSR
1005211,Office Worker,occasional,40,65711,579.0,Mid-range,1,0.2,Delivery,9.8,0.06,BTM
1005212,Student,regular,21,10605,356.0,Budget,1,0.35,Dessert Parlor,5.5,0.03,HSR
1005213,Food Explorer,occasional,32,86843,813.0,Mid-range,2,0.7,Bhojanalya,6.0,0.06,Electronic City
1005214,Food Explorer,occasional,25,58469,1105.0,Premium,1,0.7,Fine Dining,24.4,0.06,Ulsoor
1005215,Office Worker,regular,35,74396,372.0,Budget,1,0.2,Quick Bites,3.1,0.03,Koramangala 5th Block
1005216,Office Worker,occasional,39,45677,464.0,Budget,1,0.2,Food Court,5.0,0.06,Brigade Road
1005217,Office Worker,regular,36,88691,351.0,Budget,1,0.2,Quick Bites,6.9,0.03,"ITPL Main Road, Whitefield"
1005218,Student,occasional,21,12936,292.0,Budget,2,0.35,Food Court,17.7,0.06,Koramangala 7th Block
1005219,Office Worker,power_user,34,83437,522.0,Mid-range,2,0.2,Casual Dining,2.4,0.01,BTM
1005220,Student,occasional,19,10849,390.0,Budget,1,0.35,Cafe,4.5,0.06,Whitefield
1005221,Student,regular,18,27074,269.0,Budget,1,0.35,Dessert Parlor,12.4,0.03,BTM
1005222,Family,occasional,43,102354,559.0,Mid-range,4,0.15,Cafe,13.2,0.06,Sarjapur Road
1005223,Student,occasional,19,14884,306.0,Budget,1,0.35,Dessert Parlor,11.5,0.06,Old Airport Road
1005224,Student,occasional,18,15457,232.0,Budget,1,0.35,Cafe,12.4,0.06,New BEL Road
1005225,Office Worker,occasional,36,32311,392.0,Budget,1,0.2,Quick Bites,35.6,0.06,BTM
1005226,Office Worker,regular,30,37972,517.0,Mid-range,1,0.2,Quick Bites,2.4,0.03,New BEL Road
1005227,Student,regular,23,19802,339.0,Budget,1,0.35,Dessert Parlor,11.5,0.03,Brigade Road
1005228,Student,occasional,24,13932,367.0,Budget,1,0.35,Quick Bites,4.1,0.06,Shivajinagar
1005229,Student,regular,18,34204,273.0,Budget,1,0.35,Dessert Parlor,8.4,0.03,Bannerghatta Road
1005230,Student,occasional,23,30657,381.0,Budget,2,0.35,Dessert Parlor,4.3,0.06,Bannerghatta Road
1005231,Couple,occasional,31,97232,1204.0,Premium,3,0.3,Cafe,29.5,0.06,RT Nagar
1005232,Food Explorer,trial_only,35,47592,529.0,Mid-range,3,0.7,Bakery,35.7,0.15,Jayanagar
1005233,Office Worker,regular,23,89172,340.0,Budget,1,0.2,Casual Dining,0.8,0.03,JP Nagar
1005234,Office Worker,occasional,31,73492,241.0,Budget,2,0.2,Casual Dining,19.2,0.06,"Varthur Main Road, Whitefield"
1005235,Family,power_user,42,81985,487.0,Budget,3,0.15,Casual Dining,2.6,0.01,Koramangala 8th Block
1005236,Family,trial_only,36,66474,843.0,Mid-range,4,0.15,Casual Dining,5.2,0.15,HSR
1005237,Student,occasional,21,25493,227.0,Budget,1,0.35,Quick Bites,40.7,0.06,JP Nagar
1005238,Student,occasional,18,11015,168.0,Budget,1,0.35,Quick Bites,13.1,0.06,Cunningham Road
1005239,Office Worker,occasional,23,66859,408.0,Budget,2,0.2,Casual Dining,14.7,0.06,JP Nagar
1005240,Family,regular,41,113069,856.0,Mid-range,6,0.15,Casual Dining,5.2,0.03,Indiranagar
1005241,Student,occasional,20,32012,333.0,Budget,1,0.35,Beverage Shop,15.4,0.06,Jayanagar
1005242,Office Worker,trial_only,33,52911,447.0,Budget,1,0.2,Cafe,10.8,0.15,Jayanagar
1005243,Office Worker,power_user,29,56874,444.0,Budget,1,0.2,Quick Bites,0.9,0.01,JP Nagar
1005244,Office Worker,trial_only,23,62745,396.0,Budget,2,0.2,Casual Dining,27.1,0.15,Koramangala 5th Block
1005245,Office Worker,trial_only,35,88989,513.0,Mid-range,2,0.2,Cafe,5.6,0.15,Marathahalli
1005246,Family,trial_only,24,144317,765.0,Mid-range,4,0.15,Fine Dining,18.6,0.15,Brigade Road
1005247,Office Worker,trial_only,37,70164,442.0,Budget,1,0.2,Cafe,9.9,0.15,BTM
1005248,Student,regular,18,17745,383.0,Budget,3,0.35,Bakery,3.1,0.03,BTM
1005249,Student,occasional,24,22082,363.0,Budget,3,0.35,Bakery,28.2,0.06,Koramangala 6th Block
1005250,Couple,regular,29,69440,1145.0,Premium,2,0.3,Cafe,7.5,0.03,Koramangala 5th Block
1005251,Office Worker,occasional,39,53498,417.0,Budget,1,0.2,Casual Dining,31.0,0.06,Koramangala 5th Block
1005252,Student,regular,18,30553,273.0,Budget,3,0.35,Cafe,3.5,0.03,BTM
1005253,Office Worker,trial_only,31,35971,248.0,Budget,1,0.2,Quick Bites,43.0,0.15,Kammanahalli
1005254,Couple,regular,33,66530,1529.0,Premium,1,0.3,Microbrewery,11.9,0.03,Indiranagar
1005255,Couple,regular,27,108583,995.0,Mid-range,2,0.3,Microbrewery,1.4,0.03,Brigade Road
1005256,Couple,power_user,34,129846,1456.0,Premium,1,0.3,Lounge,1.5,0.01,Koramangala 7th Block
1005257,Family,occasional,27,177009,808.0,Mid-range,3,0.15,Casual Dining,19.8,0.06,Whitefield
1005258,Office Worker,regular,30,65229,589.0,Mid-range,1,0.2,Quick Bites,4.1,0.03,Church Street
1005259,Office Worker,regular,29,69419,503.0,Mid-range,1,0.2,Quick Bites,2.4,0.03,Yeshwantpur
1005260,Student,regular,19,17234,373.0,Budget,1,0.35,Cafe,23.3,0.03,Bellandur
1005261,Family,regular,48,109189,682.0,Mid-range,1,0.15,Casual Dining,0.9,0.03,Sanjay Nagar
1005262,Family,trial_only,38,97711,543.0,Mid-range,1,0.15,Cafe,12.1,0.15,JP Nagar
1005263,Student,occasional,23,12725,312.0,Budget,1,0.35,Beverage Shop,8.9,0.06,Brookefield
1005264,Couple,regular,41,87063,625.0,Mid-range,1,0.3,Cafe,5.4,0.03,Brigade Road
1005265,Office Worker,regular,27,43054,403.0,Budget,1,0.2,Food Court,5.1,0.03,Koramangala 7th Block
1005266,Student,power_user,20,24777,205.0,Budget,1,0.35,Cafe,1.9,0.01,Koramangala 8th Block
1005267,Office Worker,regular,40,75221,366.0,Budget,1,0.2,Casual Dining,3.9,0.03,Majestic
1005268,Couple,regular,30,147963,1379.0,Premium,2,0.3,Cafe,3.7,0.03,BTM
1005269,Food Explorer,power_user,23,110416,732.0,Mid-range,1,0.7,Bar,3.3,0.01,JP Nagar
1005270,Office Worker,regular,32,49096,434.0,Budget,1,0.2,Cafe,5.1,0.03,Indiranagar
1005271,Food Explorer,regular,40,115087,680.0,Mid-range,3,0.7,Lounge,1.6,0.03,Electronic City
1005272,Couple,occasional,29,144187,1038.0,Premium,1,0.3,Lounge,10.6,0.06,Koramangala 4th Block
1005273,Couple,power_user,38,100350,1928.0,Premium,1,0.3,Cafe,2.9,0.01,Shivajinagar
1005274,Couple,occasional,31,70514,1290.0,Premium,1,0.3,Lounge,59.7,0.06,Sanjay Nagar
1005275,Office Worker,occasional,29,76655,391.0,Budget,1,0.2,Cafe,8.7,0.06,Electronic City
1005276,Couple,trial_only,33,61295,1463.0,Premium,1,0.3,Fine Dining,41.7,0.15,Indiranagar
1005277,Family,regular,25,103331,1048.0,Premium,2,0.15,Casual Dining,11.3,0.03,Brookefield
1005278,Family,occasional,33,123854,645.0,Mid-range,3,0.15,Fine Dining,9.1,0.06,Malleshwaram
1005279,Student,trial_only,19,31592,187.0,Budget,2,0.35,Food Court,51.0,0.15,HSR
1005280,Family,trial_only,49,177178,556.0,Mid-range,4,0.15,Cafe,42.5,0.15,MG Road
1005281,Food Explorer,trial_only,26,105440,433.0,Budget,1,0.7,Takeaway,45.6,0.15,Lavelle Road
1005282,Office Worker,regular,38,59092,445.0,Budget,1,0.2,Quick Bites,3.0,0.03,BTM
1005283,Food Explorer,trial_only,22,46794,193.0,Budget,1,0.7,Lounge,97.3,0.15,Koramangala 7th Block
1005284,Office Worker,trial_only,30,77995,408.0,Budget,2,0.2,Casual Dining,41.8,0.15,BTM
1005285,Student,regular,19,31418,283.0,Budget,2,0.35,Quick Bites,2.3,0.03,Indiranagar
1005286,Student,regular,21,21814,326.0,Budget,1,0.35,Quick Bites,4.3,0.03,BTM
1005287,Couple,trial_only,40,105405,1384.0,Premium,2,0.3,Lounge,30.8,0.15,City Market
1005288,Family,regular,54,162001,880.0,Mid-range,5,0.15,Cafe,7.3,0.03,Koramangala 4th Block
1005289,Office Worker,occasional,36,37930,629.0,Mid-range,2,0.2,Casual Dining,20.7,0.06,Jalahalli
1005290,Family,regular,38,157529,1019.0,Premium,6,0.15,Fine Dining,8.6,0.03,Ejipura
1005291,Office Worker,occasional,32,60757,472.0,Budget,2,0.2,Casual Dining,7.1,0.06,Bannerghatta Road
1005292,Office Worker,power_user,40,71172,353.0,Budget,1,0.2,Casual Dining,5.6,0.01,Brigade Road
1005293,Couple,occasional,45,69059,997.0,Mid-range,2,0.3,Cafe,29.5,0.06,Frazer Town
1005294,Family,occasional,47,133849,514.0,Mid-range,2,0.15,Casual Dining,19.3,0.06,JP Nagar
1005295,Couple,trial_only,27,76833,1246.0,Premium,1,0.3,Fine Dining,46.7,0.15,BTM
1005296,Family,regular,29,122177,866.0,Mid-range,3,0.15,Food Court,4.4,0.03,Shivajinagar
1005297,Food Explorer,regular,27,81994,823.0,Mid-range,1,0.7,Sweet Shop,3.5,0.03,Ulsoor
1005298,Student,regular,19,33919,321.0,Budget,1,0.35,Bakery,4.3,0.03,Koramangala 3rd Block
1005299,Office Worker,power_user,40,70205,555.0,Mid-range,2,0.2,Casual Dining,6.7,0.01,Malleshwaram
1005300,Student,trial_only,19,23935,386.0,Budget,1,0.35,Dessert Parlor,19.8,0.15,Whitefield
1005301,Family,regular,50,108234,594.0,Mid-range,4,0.15,Dessert Parlor,6.5,0.03,Whitefield
1005302,Family,regular,49,100456,696.0,Mid-range,5,0.15,Casual Dining,3.8,0.03,Jayanagar
1005303,Family,trial_only,39,138272,798.0,Mid-range,5,0.15,Casual Dining,6.6,0.15,Koramangala 5th Block
1005304,Office Worker,regular,28,82933,379.0,Budget,1,0.2,Casual Dining,3.1,0.03,Koramangala 1st Block
1005305,Student,regular,19,24311,281.0,Budget,3,0.35,Bakery,5.0,0.03,Whitefield
1005306,Family,occasional,44,139204,860.0,Mid-range,4,0.15,Fine Dining,16.9,0.06,Cunningham Road
1005307,Food Explorer,regular,34,66238,569.0,Mid-range,1,0.7,Takeaway,10.4,0.03,New BEL Road
1005308,Office Worker,trial_only,32,63490,450.0,Budget,2,0.2,Quick Bites,6.4,0.15,JP Nagar
1005309,Student,occasional,21,24297,225.0,Budget,1,0.35,Quick Bites,16.0,0.06,Brigade Road
1005310,Office Worker,regular,37,70930,501.0,Mid-range,2,0.2,Casual Dining,1.9,0.03,Commercial Street
1005311,Office Worker,occasional,36,48973,493.0,Budget,2,0.2,Quick Bites,5.4,0.06,HSR
1005312,Office Worker,trial_only,36,50932,374.0,Budget,3,0.2,Food Court,40.3,0.15,Kammanahalli
1005313,Office Worker,regular,28,51557,321.0,Budget,1,0.2,Cafe,2.4,0.03,Whitefield
1005314,Family,occasional,22,110502,1046.0,Premium,5,0.15,Fine Dining,11.5,0.06,Jayanagar
1005315,Office Worker,regular,31,47521,625.0,Mid-range,1,0.2,Quick Bites,3.5,0.03,Koramangala 6th Block
1005316,Office Worker,occasional,29,41735,473.0,Budget,1,0.2,Cafe,20.3,0.06,Church Street
1005317,Student,occasional,20,22505,271.0,Budget,1,0.35,Beverage Shop,17.2,0.06,Koramangala 5th Block
1005318,Food Explorer,power_user,31,108402,862.0,Mid-range,1,0.7,Pop Up,3.2,0.01,Bommanahalli
1005319,Office Worker,occasional,39,31904,497.0,Budget,1,0.2,Casual Dining,5.8,0.06,Electronic City
1005320,Office Worker,power_user,37,69936,429.0,Budget,2,0.2,Cafe,2.7,0.01,Indiranagar
1005321,Student,occasional,22,30414,377.0,Budget,1,0.35,Cafe,18.0,0.06,JP Nagar
1005322,Family,occasional,45,158912,638.0,Mid-range,3,0.15,Casual Dining,9.9,0.06,Indiranagar
1005323,Couple,regular,33,135267,993.0,Mid-range,2,0.3,Pub,2.6,0.03,Indiranagar
1005324,Student,power_user,21,17935,329.0,Budget,1,0.35,Quick Bites,2.4,0.01,Rajajinagar
1005325,Student,trial_only,21,12521,309.0,Budget,1,0.35,Quick Bites,23.4,0.15,Bannerghatta Road
1005326,Student,regular,23,34886,351.0,Budget,2,0.35,Food Court,14.5,0.03,Jayanagar
1005327,Family,regular,55,143999,1039.0,Premium,4,0.15,Cafe,6.2,0.03,Koramangala 5th Block
1005328,Food Explorer,regular,30,68577,212.0,Budget,2,0.7,Food Truck,4.5,0.03,Ulsoor
1005329,Office Worker,occasional,35,81123,454.0,Budget,2,0.2,Quick Bites,11.5,0.06,Marathahalli
1005330,Office Worker,regular,24,51223,640.0,Mid-range,1,0.2,Delivery,3.6,0.03,Lavelle Road
1005331,Couple,trial_only,32,124932,1021.0,Premium,1,0.3,Fine Dining,13.7,0.15,HSR
1005332,Family,occasional,51,175277,657.0,Mid-range,3,0.15,Fine Dining,9.6,0.06,Sarjapur Road
1005333,Student,power_user,22,29198,121.0,Budget,1,0.35,Quick Bites,2.1,0.01,BTM
1005334,Student,occasional,21,26377,308.0,Budget,1,0.35,Cafe,9.1,0.06,HSR
1005335,Office Worker,regular,26,41470,508.0,Mid-range,1,0.2,Casual Dining,3.2,0.03,Hosur Road
1005336,Couple,power_user,41,143345,1374.0,Premium,1,0.3,Cafe,6.7,0.01,Malleshwaram
1005337,Family,occasional,54,111091,593.0,Mid-range,4,0.15,Casual Dining,7.4,0.06,Koramangala 7th Block
1005338,Family,regular,34,134777,798.0,Mid-range,3,0.15,Cafe,12.7,0.03,HSR
1005339,Couple,trial_only,41,111189,1266.0,Premium,1,0.3,Cafe,19.7,0.15,BTM
1005340,Office Worker,occasional,33,44788,455.0,Budget,3,0.2,Quick Bites,6.4,0.06,Whitefield
1005341,Office Worker,regular,30,66188,341.0,Budget,1,0.2,Delivery,3.9,0.03,Koramangala 1st Block
1005342,Student,trial_only,20,19768,306.0,Budget,1,0.35,Dessert Parlor,6.0,0.15,BTM
1005343,Couple,occasional,35,84959,956.0,Mid-range,3,0.3,Fine Dining,14.4,0.06,Jayanagar
1005344,Family,regular,34,163070,426.0,Budget,1,0.15,Fine Dining,10.7,0.03,Whitefield
1005345,Office Worker,occasional,34,73320,518.0,Mid-range,1,0.2,Quick Bites,15.8,0.06,Wilson Garden
1005346,Student,trial_only,19,22237,311.0,Budget,1,0.35,Dessert Parlor,25.7,0.15,Ulsoor
1005347,Family,regular,37,62298,918.0,Mid-range,3,0.15,Dessert Parlor,24.6,0.03,Koramangala 6th Block
1005348,Family,regular,46,145078,693.0,Mid-range,3,0.15,Casual Dining,2.8,0.03,Koramangala 1st Block
1005349,Family,occasional,50,148584,925.0,Mid-range,2,0.15,Cafe,25.2,0.06,Koramangala 5th Block
1005350,Student,regular,19,14163,382.0,Budget,2,0.35,Cafe,7.8,0.03,Marathahalli
1005351,Food Explorer,regular,33,100556,1038.0,Premium,3,0.7,Bakery,1.6,0.03,Ulsoor
1005352,Couple,occasional,30,89977,1444.0,Premium,2,0.3,Cafe,7.1,0.06,Shanti Nagar
1005353,Family,trial_only,48,147925,877.0,Mid-range,5,0.15,Casual Dining,11.9,0.15,Majestic
1005354,Family,occasional,32,160735,524.0,Mid-range,3,0.15,Food Court,19.5,0.06,Kalyan Nagar
1005355,Food Explorer,power_user,34,96022,573.0,Mid-range,1,0.7,Sweet Shop,2.6,0.01,Brookefield
1005356,Food Explorer,regular,30,115281,244.0,Budget,2,0.7,Bar,4.9,0.03,Brigade Road
1005357,Family,power_user,29,69160,636.0,Mid-range,1,0.15,Casual Dining,1.7,0.01,Koramangala 5th Block
1005358,Office Worker,regular,33,49458,646.0,Mid-range,2,0.2,Food Court,0.8,0.03,Richmond Road
1005359,Office Worker,occasional,34,33563,348.0,Budget,1,0.2,Casual Dining,18.8,0.06,Basavanagudi
1005360,Couple,regular,39,67257,497.0,Budget,1,0.3,Lounge,19.0,0.03,JP Nagar
1005361,Family,trial_only,48,104834,963.0,Mid-range,3,0.15,Casual Dining,54.8,0.15,Commercial Street
1005362,Student,occasional,22,10585,246.0,Budget,1,0.35,Quick Bites,12.5,0.06,Brigade Road
1005363,Student,occasional,23,19904,361.0,Budget,1,0.35,Quick Bites,26.2,0.06,Richmond Road
1005364,Food Explorer,trial_only,30,50190,307.0,Budget,1,0.7,Meat Shop,35.6,0.15,Brigade Road
1005365,Couple,occasional,35,61328,1072.0,Premium,3,0.3,Microbrewery,34.3,0.06,Sarjapur Road
1005366,Food Explorer,trial_only,31,106854,899.0,Mid-range,1,0.7,Microbrewery,5.2,0.15,Basavanagudi
1005367,Office Worker,trial_only,33,74647,318.0,Budget,1,0.2,Casual Dining,22.5,0.15,JP Nagar
1005368,Couple,occasional,27,95568,1149.0,Premium,2,0.3,Fine Dining,36.5,0.06,New BEL Road
1005369,Couple,regular,42,106734,1287.0,Premium,1,0.3,Pub,2.0,0.03,Jayanagar
1005370,Office Worker,regular,32,47497,378.0,Budget,1,0.2,Casual Dining,5.8,0.03,Koramangala 6th Block
1005371,Student,trial_only,21,22141,319.0,Budget,2,0.35,Cafe,19.8,0.15,Koramangala 4th Block
1005372,Food Explorer,power_user,38,102053,604.0,Mid-range,1,0.7,Confectionery,1.3,0.01,Koramangala 3rd Block
1005373,Student,trial_only,21,23036,343.0,Budget,1,0.35,Dessert Parlor,69.4,0.15,Koramangala 5th Block
1005374,Family,regular,36,155214,1168.0,Premium,5,0.15,Casual Dining,3.0,0.03,Bannerghatta Road
1005375,Family,occasional,40,118170,1335.0,Premium,6,0.15,Casual Dining,10.0,0.06,HSR
1005376,Family,regular,53,103459,893.0,Mid-range,4,0.15,Cafe,4.7,0.03,Bellandur
1005377,Office Worker,trial_only,27,83689,439.0,Budget,2,0.2,Cafe,17.6,0.15,Basavanagudi
1005378,Family,power_user,25,168165,888.0,Mid-range,3,0.15,Casual Dining,1.7,0.01,Indiranagar
1005379,Student,regular,18,15717,281.0,Budget,2,0.35,Quick Bites,2.4,0.03,Banashankari
1005380,Couple,trial_only,40,96311,724.0,Mid-range,1,0.3,Fine Dining,16.1,0.15,Residency Road
1005381,Student,regular,18,29313,296.0,Budget,2,0.35,Quick Bites,15.7,0.03,Koramangala 6th Block
1005382,Family,regular,45,91348,1016.0,Premium,4,0.15,Casual Dining,6.1,0.03,Shanti Nagar
1005383,Couple,trial_only,43,124884,761.0,Mid-range,3,0.3,Fine Dining,22.8,0.15,BTM
1005384,Student,trial_only,22,32494,221.0,Budget,3,0.35,Quick Bites,46.4,0.15,Frazer Town
1005385,Student,regular,19,15897,253.0,Budget,1,0.35,Cafe,4.2,0.03,Cunningham Road
1005386,Couple,occasional,38,65295,1312.0,Premium,1,0.3,Fine Dining,2.4,0.06,Brookefield
1005387,Student,regular,21,33619,490.0,Budget,1,0.35,Beverage Shop,9.9,0.03,Bannerghatta Road
1005388,Student,regular,18,34899,235.0,Budget,2,0.35,Cafe,2.2,0.03,Indiranagar
1005389,Office Worker,occasional,26,81513,459.0,Budget,1,0.2,Delivery,8.3,0.06,Koramangala 5th Block
1005390,Food Explorer,regular,36,89060,601.0,Mid-range,2,0.7,Quick Bites,1.4,0.03,Bannerghatta Road
1005391,Family,occasional,40,70266,740.0,Mid-range,2,0.15,Casual Dining,5.7,0.06,Indiranagar
1005392,Office Worker,regular,31,84921,445.0,Budget,2,0.2,Quick Bites,2.7,0.03,MG Road
1005393,Food Explorer,trial_only,36,55910,484.0,Budget,1,0.7,Club,28.8,0.15,JP Nagar
1005394,Office Worker,occasional,32,40730,724.0,Mid-range,1,0.2,Cafe,2.5,0.06,BTM
1005395,Office Worker,regular,40,73030,525.0,Mid-range,1,0.2,Casual Dining,10.9,0.03,Banaswadi
1005396,Office Worker,trial_only,23,53347,404.0,Budget,1,0.2,Quick Bites,17.8,0.15,Brookefield
1005397,Office Worker,trial_only,28,82062,568.0,Mid-range,1,0.2,Quick Bites,19.3,0.15,Whitefield
1005398,Office Worker,regular,26,82395,476.0,Budget,2,0.2,Casual Dining,5.2,0.03,Banashankari
1005399,Family,trial_only,34,156632,812.0,Mid-range,2,0.15,Casual Dining,6.5,0.15,Kammanahalli
1005400,Student,regular,24,30928,285.0,Budget,1,0.35,Food Court,8.5,0.03,Jayanagar
1005401,Family,regular,34,125508,750.0,Mid-range,7,0.15,Casual Dining,8.2,0.03,Koramangala 7th Block
1005402,Student,regular,20,31797,202.0,Budget,1,0.35,Quick Bites,8.2,0.03,Whitefield
1005403,Office Worker,regular,24,84919,283.0,Budget,1,0.2,Food Court,1.9,0.03,Indiranagar
1005404,Student,occasional,20,17011,330.0,Budget,1,0.35,Bakery,4.5,0.06,Bannerghatta Road
1005405,Family,occasional,28,111027,762.0,Mid-range,3,0.15,Dessert Parlor,12.4,0.06,Sarjapur Road
1005406,Family,trial_only,26,134114,975.0,Mid-range,2,0.15,Dessert Parlor,15.2,0.15,Residency Road
1005407,Office Worker,regular,25,81556,361.0,Budget,1,0.2,Casual Dining,4.6,0.03,Indiranagar
1005408,Student,regular,22,19740,212.0,Budget,1,0.35,Quick Bites,3.9,0.03,Bellandur
1005409,Student,regular,22,16504,362.0,Budget,1,0.35,Bakery,15.0,0.03,Infantry Road
1005410,Couple,regular,40,82077,1111.0,Premium,3,0.3,Fine Dining,8.3,0.03,Jeevan Bhima Nagar
1005411,Office Worker,trial_only,23,77976,536.0,Mid-range,1,0.2,Quick Bites,11.0,0.15,HSR
1005412,Couple,occasional,44,102013,1210.0,Premium,1,0.3,Lounge,10.1,0.06,Residency Road
1005413,Office Worker,occasional,32,45296,638.0,Mid-range,1,0.2,Quick Bites,4.8,0.06,Ulsoor
1005414,Student,occasional,21,27877,360.0,Budget,3,0.35,Quick Bites,7.9,0.06,Ulsoor
1005415,Family,regular,51,139201,882.0,Mid-range,2,0.15,Fine Dining,4.2,0.03,Banashankari
1005416,Office Worker,regular,27,61111,530.0,Mid-range,1,0.2,Quick Bites,3.1,0.03,Bellandur
1005417,Student,regular,21,25493,278.0,Budget,2,0.35,Quick Bites,5.5,0.03,Church Street
1005418,Food Explorer,trial_only,23,58440,189.0,Budget,2,0.7,Meat Shop,31.7,0.15,MG Road
1005419,Student,regular,21,14565,329.0,Budget,2,0.35,Quick Bites,4.2,0.03,Frazer Town
1005420,Office Worker,power_user,27,78450,644.0,Mid-range,1,0.2,Food Court,0.9,0.01,Lavelle Road
1005421,Office Worker,occasional,26,70805,221.0,Budget,1,0.2,Quick Bites,10.1,0.06,Bellandur
1005422,Office Worker,regular,34,88668,497.0,Budget,1,0.2,Casual Dining,5.1,0.03,HSR
1005423,Couple,occasional,26,143895,739.0,Mid-range,2,0.3,Pub,39.7,0.06,HSR
1005424,Student,power_user,24,19072,298.0,Budget,1,0.35,Quick Bites,3.2,0.01,Banashankari
1005425,Food Explorer,occasional,26,77003,620.0,Mid-range,2,0.7,Pub,2.2,0.06,Koramangala 1st Block
1005426,Family,regular,22,161911,949.0,Mid-range,6,0.15,Cafe,5.3,0.03,Rajajinagar
1005427,Food Explorer,trial_only,30,40267,653.0,Mid-range,1,0.7,Bhojanalya,45.4,0.15,BTM
1005428,Couple,occasional,32,136387,1612.0,Premium,1,0.3,Fine Dining,15.3,0.06,BTM
1005429,Food Explorer,power_user,34,53420,892.0,Mid-range,1,0.7,Beverage Shop,2.4,0.01,Banaswadi
1005430,Family,occasional,44,91262,761.0,Mid-range,7,0.15,Dessert Parlor,6.0,0.06,Jalahalli
1005431,Office Worker,occasional,33,58913,559.0,Mid-range,1,0.2,Food Court,15.4,0.06,Shivajinagar
1005432,Office Worker,occasional,33,72319,419.0,Budget,1,0.2,Casual Dining,8.1,0.06,Bannerghatta Road
1005433,Family,trial_only,47,102465,703.0,Mid-range,4,0.15,Food Court,32.5,0.15,Old Airport Road
1005434,Office Worker,trial_only,34,86305,330.0,Budget,1,0.2,Quick Bites,41.4,0.15,BTM
1005435,Family,regular,25,153939,1062.0,Premium,5,0.15,Fine Dining,11.7,0.03,Basavanagudi
1005436,Student,regular,21,28497,276.0,Budget,2,0.35,Quick Bites,9.7,0.03,Koramangala 5th Block
1005437,Couple,regular,39,127254,474.0,Budget,2,0.3,Cafe,6.2,0.03,Indiranagar
1005438,Student,occasional,19,10750,343.0,Budget,1,0.35,Quick Bites,3.8,0.06,Jayanagar
1005439,Food Explorer,trial_only,38,105835,491.0,Budget,3,0.7,Fine Dining,10.3,0.15,Koramangala 5th Block
1005440,Student,occasional,21,25113,276.0,Budget,1,0.35,Quick Bites,10.4,0.06,Brigade Road
1005441,Student,regular,20,14655,281.0,Budget,1,0.35,Cafe,8.8,0.03,Bellandur
1005442,Couple,trial_only,32,127845,1099.0,Premium,1,0.3,Microbrewery,23.9,0.15,Koramangala 7th Block
1005443,Couple,occasional,37,60568,2018.0,Luxury,1,0.3,Pub,15.1,0.06,Marathahalli
1005444,Family,regular,45,134177,1133.0,Premium,2,0.15,Casual Dining,11.0,0.03,BTM
1005445,Food Explorer,trial_only,26,85544,775.0,Mid-range,2,0.7,Dhaba,32.0,0.15,Rajajinagar
1005446,Office Worker,regular,26,31724,474.0,Budget,1,0.2,Delivery,3.9,0.03,Rajajinagar
1005447,Couple,occasional,26,87472,1539.0,Premium,1,0.3,Fine Dining,35.6,0.06,Basavanagudi
1005448,Office Worker,occasional,31,37210,474.0,Budget,1,0.2,Casual Dining,18.6,0.06,MG Road
1005449,Office Worker,trial_only,39,86795,532.0,Mid-range,1,0.2,Quick Bites,39.8,0.15,Koramangala 1st Block
1005450,Office Worker,regular,40,78098,506.0,Mid-range,2,0.2,Food Court,6.8,0.03,Residency Road
1005451,Student,regular,21,34900,310.0,Budget,2,0.35,Cafe,14.1,0.03,Domlur
1005452,Family,occasional,39,118566,988.0,Mid-range,3,0.15,Casual Dining,35.4,0.06,Brookefield
1005453,Family,trial_only,38,99451,716.0,Mid-range,1,0.15,Dessert Parlor,36.8,0.15,Whitefield
1005454,Student,regular,19,33950,305.0,Budget,1,0.35,Dessert Parlor,12.1,0.03,JP Nagar
1005455,Food Explorer,regular,29,64543,355.0,Budget,2,0.7,Quick Bites,4.7,0.03,Koramangala 6th Block
1005456,Office Worker,trial_only,39,54899,364.0,Budget,1,0.2,Casual Dining,49.6,0.15,Bannerghatta Road
1005457,Student,occasional,22,13342,100.0,Budget,2,0.35,Beverage Shop,21.8,0.06,Jayanagar
1005458,Family,regular,28,158605,891.0,Mid-range,5,0.15,Dessert Parlor,2.0,0.03,Thippasandra
1005459,Student,regular,18,12994,359.0,Budget,1,0.35,Cafe,9.6,0.03,Residency Road
1005460,Student,occasional,23,10887,387.0,Budget,2,0.35,Beverage Shop,1.7,0.06,Brigade Road
1005461,Family,occasional,52,159991,580.0,Mid-range,5,0.15,Casual Dining,4.6,0.06,Jayanagar
1005462,Student,occasional,18,31026,335.0,Budget,1,0.35,Cafe,23.0,0.06,Whitefield
1005463,Student,occasional,20,31342,300.0,Budget,1,0.35,Cafe,3.0,0.06,Old Madras Road
1005464,Family,power_user,50,163087,948.0,Mid-range,4,0.15,Cafe,1.0,0.01,Indiranagar
1005465,Student,trial_only,19,13544,248.0,Budget,1,0.35,Dessert Parlor,43.2,0.15,Shivajinagar
1005466,Couple,power_user,27,86207,1099.0,Premium,2,0.3,Microbrewery,2.6,0.01,HSR
1005467,Couple,trial_only,32,126521,734.0,Mid-range,3,0.3,Fine Dining,11.6,0.15,Banaswadi
1005468,Student,power_user,20,17736,243.0,Budget,2,0.35,Cafe,2.0,0.01,Koramangala 1st Block
1005469,Office Worker,regular,31,76699,450.0,Budget,1,0.2,Casual Dining,7.3,0.03,Electronic City
1005470,Student,regular,24,32748,314.0,Budget,2,0.35,Dessert Parlor,4.3,0.03,Rajajinagar
1005471,Family,regular,55,175352,463.0,Budget,2,0.15,Cafe,21.9,0.03,BTM
1005472,Student,regular,22,29443,259.0,Budget,1,0.35,Beverage Shop,13.6,0.03,BTM
1005473,Food Explorer,occasional,23,103781,640.0,Mid-range,1,0.7,Takeaway,4.3,0.06,HSR
1005474,Student,trial_only,19,24949,413.0,Budget,2,0.35,Cafe,49.7,0.15,BTM
1005475,Family,occasional,26,69369,631.0,Mid-range,5,0.15,Casual Dining,12.7,0.06,Koramangala 3rd Block
1005476,Student,occasional,18,20909,339.0,Budget,2,0.35,Cafe,27.2,0.06,HSR
1005477,Student,regular,20,33834,255.0,Budget,2,0.35,Cafe,10.4,0.03,New BEL Road
1005478,Office Worker,trial_only,23,84726,405.0,Budget,1,0.2,Quick Bites,8.8,0.15,Brookefield
1005479,Family,regular,40,88635,624.0,Mid-range,2,0.15,Casual Dining,5.8,0.03,BTM
1005480,Food Explorer,regular,27,99778,339.0,Budget,2,0.7,Pub,3.7,0.03,Whitefield
1005481,Student,power_user,23,17677,262.0,Budget,1,0.35,Cafe,2.4,0.01,Rajajinagar
1005482,Student,regular,21,20421,384.0,Budget,1,0.35,Food Court,4.4,0.03,MG Road
1005483,Office Worker,occasional,40,68940,375.0,Budget,1,0.2,Casual Dining,24.1,0.06,Banaswadi
1005484,Office Worker,regular,31,59803,359.0,Budget,1,0.2,Food Court,4.5,0.03,Lavelle Road
1005485,Couple,regular,27,110435,1263.0,Premium,2,0.3,Lounge,15.6,0.03,BTM
1005486,Food Explorer,trial_only,39,47874,601.0,Mid-range,1,0.7,Mess,29.3,0.15,Kalyan Nagar
1005487,Couple,regular,30,79668,1180.0,Premium,1,0.3,Fine Dining,4.1,0.03,BTM
1005488,Student,occasional,23,30269,320.0,Budget,2,0.35,Cafe,12.5,0.06,Bommanahalli
1005489,Office Worker,regular,37,67163,349.0,Budget,2,0.2,Cafe,4.2,0.03,Bellandur
1005490,Family,trial_only,53,161005,620.0,Mid-range,4,0.15,Casual Dining,11.0,0.15,Indiranagar
1005491,Office Worker,occasional,34,87924,549.0,Mid-range,1,0.2,Casual Dining,7.4,0.06,Koramangala 5th Block
1005492,Family,power_user,38,102677,771.0,Mid-range,2,0.15,Food Court,2.9,0.01,Kalyan Nagar
1005493,Student,trial_only,20,16609,348.0,Budget,2,0.35,Bakery,25.4,0.15,Church Street
1005494,Office Worker,regular,31,48579,572.0,Mid-range,1,0.2,Food Court,7.4,0.03,HSR
1005495,Couple,regular,41,107224,1454.0,Premium,2,0.3,Pub,5.5,0.03,Kaggadasapura
1005496,Office Worker,occasional,33,45134,313.0,Budget,1,0.2,Cafe,8.9,0.06,BTM
1005497,Food Explorer,occasional,22,71225,571.0,Mid-range,1,0.7,Sweet Shop,5.6,0.06,New BEL Road
1005498,Office Worker,regular,29,40407,554.0,Mid-range,1,0.2,Cafe,4.3,0.03,BTM
1005499,Student,regular,24,19642,342.0,Budget,1,0.35,Quick Bites,7.5,0.03,JP Nagar
1005500,Office Worker,regular,26,86868,468.0,Budget,1,0.2,Casual Dining,2.7,0.03,Koramangala 5th Block
1005501,Student,occasional,21,20597,169.0,Budget,1,0.35,Quick Bites,7.3,0.06,Koramangala 5th Block
1005502,Office Worker,trial_only,38,75542,388.0,Budget,2,0.2,Quick Bites,29.0,0.15,Cunningham Road
1005503,Student,regular,20,20761,306.0,Budget,2,0.35,Dessert Parlor,6.7,0.03,Kalyan Nagar
1005504,Family,trial_only,44,112009,515.0,Mid-range,3,0.15,Dessert Parlor,11.1,0.15,"ITPL Main Road, Whitefield"
1005505,Couple,regular,41,115846,1438.0,Premium,1,0.3,Cafe,7.8,0.03,JP Nagar
1005506,Office Worker,occasional,28,36610,438.0,Budget,1,0.2,Cafe,14.7,0.06,Koramangala 5th Block
1005507,Student,trial_only,24,18881,142.0,Budget,1,0.35,Cafe,81.6,0.15,Koramangala 5th Block
1005508,Office Worker,occasional,31,38366,393.0,Budget,1,0.2,Delivery,5.3,0.06,Shanti Nagar
1005509,Couple,regular,30,69899,1114.0,Premium,2,0.3,Fine Dining,16.7,0.03,Jayanagar
1005510,Family,regular,28,145175,774.0,Mid-range,3,0.15,Fine Dining,6.8,0.03,Koramangala 4th Block
1005511,Student,power_user,19,14365,414.0,Budget,1,0.35,Cafe,0.5,0.01,Jayanagar
1005512,Office Worker,occasional,33,42185,508.0,Mid-range,1,0.2,Casual Dining,9.7,0.06,Koramangala 7th Block
1005513,Office Worker,trial_only,27,64367,313.0,Budget,1,0.2,Casual Dining,18.8,0.15,Richmond Road
1005514,Office Worker,regular,29,50872,301.0,Budget,1,0.2,Cafe,11.4,0.03,HSR
1005515,Student,regular,22,13065,279.0,Budget,1,0.35,Quick Bites,3.4,0.03,Koramangala 8th Block
1005516,Food Explorer,regular,38,116561,632.0,Mid-range,4,0.7,Food Court,1.8,0.03,Indiranagar
1005517,Student,occasional,22,33082,379.0,Budget,1,0.35,Cafe,16.2,0.06,Koramangala 5th Block
1005518,Student,occasional,21,24530,438.0,Budget,1,0.35,Quick Bites,14.0,0.06,New BEL Road
1005519,Student,regular,22,23122,443.0,Budget,1,0.35,Quick Bites,9.3,0.03,Sankey Road
1005520,Family,occasional,34,157002,712.0,Mid-range,4,0.15,Casual Dining,29.2,0.06,Jayanagar
1005521,Office Worker,power_user,27,88432,543.0,Mid-range,2,0.2,Delivery,5.5,0.01,Bannerghatta Road
1005522,Student,occasional,23,12597,334.0,Budget,1,0.35,Bakery,47.8,0.06,Koramangala 5th Block
1005523,Office Worker,regular,25,35856,341.0,Budget,1,0.2,Quick Bites,16.6,0.03,BTM
1005524,Family,regular,52,99646,422.0,Budget,2,0.15,Fine Dining,8.7,0.03,HSR
1005525,Office Worker,occasional,30,48271,464.0,Budget,1,0.2,Casual Dining,12.7,0.06,Majestic
1005526,Food Explorer,occasional,37,111649,226.0,Budget,1,0.7,Food Truck,13.8,0.06,Ejipura
1005527,Office Worker,regular,24,60494,365.0,Budget,1,0.2,Casual Dining,10.9,0.03,Kammanahalli
1005528,Student,occasional,21,30262,245.0,Budget,2,0.35,Cafe,7.9,0.06,Kumaraswamy Layout
1005529,Food Explorer,occasional,30,93384,655.0,Mid-range,1,0.7,Meat Shop,9.7,0.06,Banashankari
1005530,Couple,regular,31,122345,1584.0,Premium,4,0.3,Cafe,8.8,0.03,Bannerghatta Road
1005531,Office Worker,trial_only,32,87396,451.0,Budget,1,0.2,Quick Bites,7.5,0.15,Whitefield
1005532,Couple,trial_only,38,108741,1038.0,Premium,3,0.3,Fine Dining,15.3,0.15,Brookefield
1005533,Office Worker,power_user,39,76582,243.0,Budget,2,0.2,Quick Bites,1.2,0.01,Richmond Road
1005534,Office Worker,trial_only,37,46136,496.0,Budget,2,0.2,Food Court,59.5,0.15,Koramangala 1st Block
1005535,Couple,occasional,29,75969,1209.0,Premium,1,0.3,Cafe,4.6,0.06,Ulsoor
1005536,Couple,regular,45,108548,1035.0,Premium,1,0.3,Cafe,4.2,0.03,Banashankari
1005537,Office Worker,occasional,31,84098,567.0,Mid-range,1,0.2,Casual Dining,7.3,0.06,Bellandur
1005538,Family,power_user,36,66091,562.0,Mid-range,5,0.15,Casual Dining,2.0,0.01,JP Nagar
1005539,Office Worker,occasional,23,60063,382.0,Budget,1,0.2,Cafe,17.5,0.06,JP Nagar
1005540,Student,trial_only,22,15057,280.0,Budget,1,0.35,Dessert Parlor,32.2,0.15,HSR
1005541,Food Explorer,regular,38,110755,459.0,Budget,1,0.7,Meat Shop,6.7,0.03,HSR
1005542,Office Worker,occasional,28,61096,505.0,Mid-range,1,0.2,Casual Dining,18.6,0.06,Bannerghatta Road
1005543,Family,regular,51,65062,893.0,Mid-range,6,0.15,Dessert Parlor,7.4,0.03,JP Nagar
1005544,Family,occasional,23,60237,1010.0,Premium,5,0.15,Casual Dining,0.8,0.06,BTM
1005545,Family,trial_only,54,136762,900.0,Mid-range,3,0.15,Casual Dining,38.5,0.15,Jayanagar
1005546,Office Worker,regular,27,43933,438.0,Budget,2,0.2,Food Court,6.6,0.03,HSR
1005547,Food Explorer,occasional,31,43298,515.0,Mid-range,2,0.7,Dhaba,31.0,0.06,Malleshwaram
1005548,Family,regular,20,78269,891.0,Mid-range,4,0.15,Food Court,2.5,0.03,Brigade Road
1005549,Family,occasional,52,78525,762.0,Mid-range,6,0.15,Cafe,12.5,0.06,BTM
1005550,Office Worker,occasional,32,50731,455.0,Budget,1,0.2,Casual Dining,15.8,0.06,Koramangala 5th Block
1005551,Office Worker,occasional,40,73084,501.0,Mid-range,2,0.2,Cafe,36.6,0.06,BTM
1005552,Student,regular,20,31459,311.0,Budget,3,0.35,Food Court,1.8,0.03,Whitefield
1005553,Office Worker,occasional,24,61932,481.0,Budget,1,0.2,Delivery,13.9,0.06,Koramangala 5th Block
1005554,Student,occasional,22,33686,237.0,Budget,2,0.35,Quick Bites,14.4,0.06,HSR
1005555,Family,occasional,25,154951,1070.0,Premium,2,0.15,Cafe,5.7,0.06,JP Nagar
1005556,Couple,occasional,37,66506,868.0,Mid-range,1,0.3,Cafe,9.9,0.06,Richmond Road
1005557,Office Worker,trial_only,23,74129,494.0,Budget,1,0.2,Quick Bites,20.1,0.15,BTM
1005558,Office Worker,regular,26,43864,401.0,Budget,1,0.2,Casual Dining,3.1,0.03,Koramangala 5th Block
1005559,Family,power_user,42,175598,1016.0,Premium,5,0.15,Fine Dining,2.9,0.01,Koramangala 7th Block
1005560,Student,trial_only,22,31172,371.0,Budget,2,0.35,Quick Bites,31.8,0.15,Indiranagar
1005561,Food Explorer,power_user,24,45147,599.0,Mid-range,1,0.7,Pub,2.9,0.01,Electronic City
1005562,Office Worker,trial_only,26,40360,605.0,Mid-range,4,0.2,Casual Dining,6.7,0.15,RT Nagar
1005563,Student,occasional,24,21035,285.0,Budget,1,0.35,Quick Bites,7.7,0.06,Whitefield
1005564,Student,trial_only,18,28533,371.0,Budget,1,0.35,Cafe,78.6,0.15,Domlur
1005565,Food Explorer,occasional,26,84180,418.0,Budget,1,0.7,Kiosk,7.2,0.06,BTM
1005566,Student,trial_only,24,12137,332.0,Budget,1,0.35,Quick Bites,7.6,0.15,Marathahalli
1005567,Family,occasional,39,135417,614.0,Mid-range,4,0.15,Dessert Parlor,9.9,0.06,Whitefield
1005568,Student,occasional,18,26208,302.0,Budget,2,0.35,Quick Bites,1.4,0.06,MG Road
1005569,Student,regular,24,33244,296.0,Budget,1,0.35,Cafe,25.5,0.03,Koramangala 2nd Block
1005570,Couple,power_user,31,76570,1464.0,Premium,2,0.3,Pub,0.6,0.01,Koramangala 4th Block
1005571,Student,regular,23,10955,246.0,Budget,1,0.35,Bakery,2.7,0.03,Brigade Road
1005572,Student,trial_only,22,28739,546.0,Mid-range,1,0.35,Dessert Parlor,13.6,0.15,Frazer Town
1005573,Office Worker,regular,29,72161,312.0,Budget,1,0.2,Quick Bites,7.4,0.03,BTM
1005574,Couple,occasional,32,101937,1270.0,Premium,1,0.3,Cafe,2.5,0.06,Brookefield
1005575,Office Worker,occasional,32,71524,479.0,Budget,1,0.2,Casual Dining,66.0,0.06,HSR
1005576,Student,regular,20,14472,343.0,Budget,2,0.35,Food Court,5.7,0.03,Bommanahalli
1005577,Food Explorer,trial_only,25,50050,471.0,Budget,1,0.7,Bar,4.1,0.15,St. Marks Road
1005578,Family,power_user,46,108267,848.0,Mid-range,6,0.15,Dessert Parlor,8.0,0.01,Marathahalli
1005579,Couple,occasional,38,139414,1031.0,Premium,2,0.3,Pub,15.7,0.06,BTM
1005580,Couple,occasional,37,101435,1762.0,Premium,3,0.3,Microbrewery,9.5,0.06,Whitefield
1005581,Family,power_user,46,136711,673.0,Mid-range,3,0.15,Casual Dining,0.4,0.01,Church Street
1005582,Office Worker,regular,32,89759,435.0,Budget,1,0.2,Quick Bites,6.0,0.03,Jayanagar
1005583,Office Worker,occasional,39,48163,384.0,Budget,1,0.2,Casual Dining,9.3,0.06,Bannerghatta Road
1005584,Family,regular,51,117643,640.0,Mid-range,3,0.15,Fine Dining,1.4,0.03,MG Road
1005585,Family,trial_only,55,142288,520.0,Mid-range,5,0.15,Dessert Parlor,27.0,0.15,Indiranagar
1005586,Food Explorer,occasional,24,52099,768.0,Mid-range,1,0.7,Sweet Shop,8.7,0.06,Banashankari
1005587,Family,regular,23,108240,665.0,Mid-range,4,0.15,Casual Dining,3.9,0.03,Bellandur
1005588,Office Worker,regular,31,63314,370.0,Budget,1,0.2,Delivery,12.0,0.03,Kengeri
1005589,Office Worker,regular,35,48228,354.0,Budget,2,0.2,Delivery,14.2,0.03,Yeshwantpur
1005590,Family,occasional,28,86425,861.0,Mid-range,4,0.15,Casual Dining,21.3,0.06,Brigade Road
1005591,Office Worker,occasional,25,56272,452.0,Budget,1,0.2,Casual Dining,18.8,0.06,Bannerghatta Road
1005592,Couple,power_user,24,137957,1208.0,Premium,2,0.3,Pub,4.2,0.01,BTM
1005593,Family,occasional,39,109925,648.0,Mid-range,3,0.15,Dessert Parlor,5.8,0.06,Jayanagar
1005594,Student,occasional,24,30852,335.0,Budget,1,0.35,Beverage Shop,9.8,0.06,Basavanagudi
1005595,Family,occasional,36,141182,668.0,Mid-range,3,0.15,Fine Dining,20.4,0.06,Banaswadi
1005596,Family,power_user,46,75437,814.0,Mid-range,2,0.15,Casual Dining,3.6,0.01,Koramangala 5th Block
1005597,Food Explorer,power_user,22,113122,565.0,Mid-range,1,0.7,Pop Up,1.1,0.01,St. Marks Road
1005598,Office Worker,regular,26,65303,281.0,Budget,1,0.2,Quick Bites,6.6,0.03,Koramangala 5th Block
1005599,Family,occasional,44,128263,1206.0,Premium,4,0.15,Dessert Parlor,4.9,0.06,Domlur
1005600,Office Worker,occasional,30,71791,507.0,Mid-range,1,0.2,Quick Bites,6.1,0.06,Bannerghatta Road
1005601,Office Worker,regular,23,32501,468.0,Budget,2,0.2,Casual Dining,9.8,0.03,JP Nagar
1005602,Student,regular,19,16291,327.0,Budget,2,0.35,Dessert Parlor,7.4,0.03,Malleshwaram
1005603,Couple,occasional,41,129477,1816.0,Premium,2,0.3,Cafe,15.3,0.06,Cunningham Road
1005604,Food Explorer,power_user,35,90110,884.0,Mid-range,2,0.7,Dessert Parlor,2.1,0.01,Race Course Road
1005605,Office Worker,occasional,37,53364,485.0,Budget,1,0.2,Quick Bites,15.5,0.06,Banaswadi
1005606,Family,regular,32,115523,658.0,Mid-range,3,0.15,Casual Dining,5.4,0.03,Infantry Road
1005607,Student,regular,24,25491,256.0,Budget,1,0.35,Quick Bites,3.3,0.03,Marathahalli
1005608,Family,occasional,53,117849,439.0,Budget,3,0.15,Casual Dining,20.7,0.06,Koramangala 8th Block
1005609,Office Worker,regular,29,57443,413.0,Budget,1,0.2,Cafe,0.8,0.03,Electronic City
1005610,Family,occasional,27,126155,932.0,Mid-range,2,0.15,Casual Dining,9.3,0.06,HSR
1005611,Student,regular,24,17036,351.0,Budget,2,0.35,Quick Bites,14.1,0.03,Race Course Road
1005612,Family,regular,32,128417,923.0,Mid-range,6,0.15,Casual Dining,4.1,0.03,Koramangala 5th Block
1005613,Office Worker,occasional,31,71521,398.0,Budget,1,0.2,Cafe,7.6,0.06,BTM
1005614,Family,power_user,53,145176,910.0,Mid-range,2,0.15,Casual Dining,0.4,0.01,Indiranagar
1005615,Family,occasional,29,134447,965.0,Mid-range,2,0.15,Casual Dining,8.3,0.06,Koramangala 6th Block
1005616,Student,occasional,24,21311,122.0,Budget,1,0.35,Dessert Parlor,22.9,0.06,Indiranagar
1005617,Office Worker,trial_only,25,69304,480.0,Budget,1,0.2,Food Court,69.0,0.15,Koramangala 4th Block
1005618,Couple,regular,30,122264,1824.0,Premium,1,0.3,Cafe,7.5,0.03,Koramangala 4th Block
1005619,Family,regular,33,97235,742.0,Mid-range,2,0.15,Casual Dining,3.5,0.03,Residency Road
1005620,Student,regular,21,22148,100.0,Budget,1,0.35,Quick Bites,13.9,0.03,Yeshwantpur
1005621,Office Worker,trial_only,27,70669,369.0,Budget,2,0.2,Delivery,58.3,0.15,Ulsoor
1005622,Office Worker,regular,38,69769,269.0,Budget,2,0.2,Casual Dining,8.0,0.03,Whitefield
1005623,Family,regular,43,119522,673.0,Mid-range,3,0.15,Cafe,2.1,0.03,BTM
1005624,Family,occasional,44,91573,555.0,Mid-range,2,0.15,Casual Dining,8.1,0.06,Ulsoor
1005625,Student,power_user,23,32751,374.0,Budget,1,0.35,Cafe,1.9,0.01,Marathahalli
1005626,Family,occasional,42,125004,956.0,Mid-range,3,0.15,Food Court,5.9,0.06,Marathahalli
1005627,Family,occasional,43,124898,869.0,Mid-range,8,0.15,Casual Dining,18.4,0.06,Jayanagar
1005628,Couple,occasional,38,96800,1568.0,Premium,3,0.3,Fine Dining,11.4,0.06,Bannerghatta Road
1005629,Student,occasional,23,29000,255.0,Budget,1,0.35,Beverage Shop,8.6,0.06,Koramangala 1st Block
1005630,Office Worker,regular,39,48132,457.0,Budget,2,0.2,Quick Bites,5.3,0.03,Kalyan Nagar
1005631,Office Worker,occasional,26,86234,669.0,Mid-range,1,0.2,Quick Bites,3.8,0.06,Banaswadi
1005632,Student,occasional,21,11557,347.0,Budget,1,0.35,Quick Bites,10.2,0.06,Electronic City
1005633,Office Worker,regular,26,30750,508.0,Mid-range,2,0.2,Delivery,14.2,0.03,BTM
1005634,Student,trial_only,19,22755,239.0,Budget,1,0.35,Beverage Shop,24.6,0.15,Bellandur
1005635,Student,occasional,24,31482,267.0,Budget,2,0.35,Cafe,6.9,0.06,St. Marks Road
1005636,Family,trial_only,37,61170,599.0,Mid-range,2,0.15,Food Court,14.7,0.15,Koramangala 8th Block
1005637,Office Worker,occasional,35,70731,618.0,Mid-range,1,0.2,Quick Bites,4.5,0.06,Race Course Road
1005638,Family,regular,46,106780,488.0,Budget,6,0.15,Fine Dining,7.4,0.03,Kammanahalli
1005639,Student,regular,18,10543,373.0,Budget,1,0.35,Cafe,3.9,0.03,Malleshwaram
1005640,Family,regular,37,104478,916.0,Mid-range,4,0.15,Casual Dining,15.2,0.03,Koramangala 6th Block
1005641,Office Worker,power_user,26,68797,290.0,Budget,1,0.2,Cafe,8.4,0.01,Jayanagar
1005642,Couple,regular,30,113375,1543.0,Premium,2,0.3,Fine Dining,0.2,0.03,Church Street
1005643,Couple,regular,28,134881,1122.0,Premium,1,0.3,Lounge,8.1,0.03,Koramangala 5th Block
1005644,Office Worker,power_user,34,89246,318.0,Budget,1,0.2,Delivery,2.0,0.01,Residency Road
1005645,Family,trial_only,24,66531,873.0,Mid-range,1,0.15,Casual Dining,17.7,0.15,Koramangala 7th Block
1005646,Student,regular,21,31450,234.0,Budget,1,0.35,Quick Bites,11.0,0.03,Sarjapur Road
1005647,Family,occasional,31,61161,759.0,Mid-range,3,0.15,Dessert Parlor,20.6,0.06,Marathahalli
1005648,Student,occasional,24,34378,260.0,Budget,2,0.35,Dessert Parlor,39.8,0.06,Koramangala 6th Block
1005649,Office Worker,occasional,37,76434,362.0,Budget,1,0.2,Casual Dining,10.4,0.06,New BEL Road
1005650,Student,regular,20,33774,205.0,Budget,3,0.35,Cafe,21.8,0.03,Koramangala 1st Block
1005651,Couple,occasional,30,56776,1439.0,Premium,2,0.3,Pub,10.5,0.06,Rajajinagar
1005652,Office Worker,occasional,35,34446,482.0,Budget,2,0.2,Quick Bites,17.7,0.06,BTM
1005653,Family,trial_only,42,178265,852.0,Mid-range,3,0.15,Casual Dining,9.9,0.15,Rajajinagar
1005654,Office Worker,regular,32,46917,414.0,Budget,1,0.2,Casual Dining,2.7,0.03,Commercial Street
1005655,Office Worker,power_user,24,52892,455.0,Budget,1,0.2,Quick Bites,1.5,0.01,Bommanahalli
1005656,Student,occasional,18,17424,241.0,Budget,1,0.35,Beverage Shop,11.1,0.06,Electronic City
1005657,Food Explorer,regular,34,52542,412.0,Budget,1,0.7,Casual Dining,2.5,0.03,Bellandur
1005658,Couple,occasional,34,57102,1713.0,Premium,1,0.3,Lounge,28.9,0.06,Marathahalli
1005659,Student,occasional,23,13384,371.0,Budget,1,0.35,Dessert Parlor,21.1,0.06,BTM
1005660,Family,occasional,21,161598,688.0,Mid-range,3,0.15,Casual Dining,7.7,0.06,Old Airport Road
1005661,Office Worker,trial_only,26,31619,300.0,Budget,1,0.2,Quick Bites,6.3,0.15,Whitefield
1005662,Student,occasional,23,32384,164.0,Budget,2,0.35,Quick Bites,49.9,0.06,Koramangala 5th Block
1005663,Office Worker,trial_only,40,43205,387.0,Budget,1,0.2,Casual Dining,67.9,0.15,Banaswadi
1005664,Student,occasional,23,25124,309.0,Budget,1,0.35,Quick Bites,5.4,0.06,HSR
1005665,Student,regular,18,16435,309.0,Budget,1,0.35,Food Court,4.2,0.03,Banaswadi
1005666,Family,occasional,21,166919,830.0,Mid-range,3,0.15,Cafe,17.6,0.06,Lavelle Road
1005667,Office Worker,occasional,38,32424,483.0,Budget,2,0.2,Quick Bites,14.6,0.06,Whitefield
1005668,Couple,trial_only,34,121437,888.0,Mid-range,2,0.3,Cafe,14.5,0.15,HSR
1005669,Family,regular,37,172148,1102.0,Premium,2,0.15,Casual Dining,9.4,0.03,Marathahalli
1005670,Couple,regular,45,94055,1141.0,Premium,2,0.3,Pub,8.7,0.03,HSR
1005671,Family,trial_only,28,114090,859.0,Mid-range,2,0.15,Dessert Parlor,32.1,0.15,Sarjapur Road
1005672,Couple,power_user,30,64986,1003.0,Premium,3,0.3,Fine Dining,5.0,0.01,St. Marks Road
1005673,Office Worker,occasional,35,82717,481.0,Budget,1,0.2,Casual Dining,7.5,0.06,Brigade Road
1005674,Office Worker,occasional,39,87510,658.0,Mid-range,1,0.2,Casual Dining,16.6,0.06,JP Nagar
1005675,Office Worker,regular,29,59791,351.0,Budget,2,0.2,Cafe,2.4,0.03,Koramangala 4th Block
1005676,Food Explorer,regular,24,95382,321.0,Budget,3,0.7,Pub,7.4,0.03,BTM
1005677,Student,trial_only,18,28951,231.0,Budget,1,0.35,Quick Bites,42.2,0.15,Indiranagar
1005678,Family,power_user,20,102502,733.0,Mid-range,3,0.15,Dessert Parlor,0.2,0.01,Jeevan Bhima Nagar
1005679,Couple,occasional,32,50390,1044.0,Premium,1,0.3,Cafe,24.4,0.06,Shivajinagar
1005680,Office Worker,occasional,32,37716,346.0,Budget,1,0.2,Quick Bites,53.6,0.06,Banaswadi
1005681,Couple,occasional,34,139685,1185.0,Premium,1,0.3,Pub,49.1,0.06,Richmond Road
1005682,Office Worker,regular,27,77938,606.0,Mid-range,1,0.2,Casual Dining,1.9,0.03,Basavanagudi
1005683,Student,power_user,22,12372,288.0,Budget,2,0.35,Quick Bites,0.8,0.01,Banashankari
1005684,Family,trial_only,51,156242,781.0,Mid-range,6,0.15,Casual Dining,70.1,0.15,Sarjapur Road
1005685,Office Worker,regular,27,82991,484.0,Budget,1,0.2,Quick Bites,1.2,0.03,BTM
1005686,Student,regular,22,23575,352.0,Budget,1,0.35,Quick Bites,14.1,0.03,BTM
1005687,Student,trial_only,21,21282,410.0,Budget,2,0.35,Beverage Shop,6.9,0.15,JP Nagar
1005688,Student,regular,22,34999,319.0,Budget,1,0.35,Dessert Parlor,1.9,0.03,Koramangala 6th Block
1005689,Couple,regular,24,137196,1199.0,Premium,4,0.3,Fine Dining,15.1,0.03,JP Nagar
1005690,Couple,trial_only,38,88642,903.0,Mid-range,1,0.3,Pub,35.0,0.15,Electronic City
1005691,Office Worker,power_user,36,58614,524.0,Mid-range,1,0.2,Quick Bites,1.3,0.01,Sarjapur Road
1005692,Student,regular,22,33552,232.0,Budget,1,0.35,Quick Bites,11.6,0.03,Residency Road
1005693,Office Worker,regular,38,85291,362.0,Budget,2,0.2,Casual Dining,6.8,0.03,Koramangala 6th Block
1005694,Couple,occasional,40,113026,1258.0,Premium,3,0.3,Fine Dining,11.3,0.06,Kalyan Nagar
1005695,Family,trial_only,55,137816,1108.0,Premium,4,0.15,Casual Dining,9.0,0.15,Electronic City
1005696,Office Worker,occasional,35,74186,523.0,Mid-range,2,0.2,Cafe,5.1,0.06,Wilson Garden
1005697,Student,trial_only,21,17222,297.0,Budget,1,0.35,Quick Bites,38.8,0.15,Banaswadi
1005698,Food Explorer,power_user,37,113367,355.0,Budget,1,0.7,Confectionery,1.0,0.01,Bellandur
1005699,Couple,occasional,39,79407,1657.0,Premium,2,0.3,Fine Dining,8.4,0.06,Koramangala 5th Block
1005700,Student,regular,21,30779,295.0,Budget,1,0.35,Dessert Parlor,3.3,0.03,Frazer Town
1005701,Couple,trial_only,36,132013,1113.0,Premium,1,0.3,Microbrewery,68.3,0.15,Bellandur
1005702,Student,trial_only,20,17216,344.0,Budget,3,0.35,Bakery,18.2,0.15,JP Nagar
1005703,Student,regular,22,30191,264.0,Budget,2,0.35,Quick Bites,5.7,0.03,Koramangala 4th Block
1005704,Couple,trial_only,34,136724,974.0,Mid-range,1,0.3,Cafe,4.8,0.15,Marathahalli
1005705,Office Worker,occasional,25,59796,384.0,Budget,1,0.2,Casual Dining,9.9,0.06,New BEL Road
1005706,Office Worker,regular,30,62383,384.0,Budget,1,0.2,Casual Dining,2.7,0.03,Indiranagar
1005707,Food Explorer,occasional,40,80750,318.0,Budget,2,0.7,Pub,10.9,0.06,Electronic City
1005708,Couple,trial_only,31,54482,828.0,Mid-range,3,0.3,Pub,16.4,0.15,Jayanagar
1005709,Student,regular,22,23514,378.0,Budget,1,0.35,Cafe,1.8,0.03,Shivajinagar
1005710,Family,power_user,34,140858,934.0,Mid-range,2,0.15,Dessert Parlor,1.7,0.01,Bellandur
1005711,Couple,trial_only,30,106123,953.0,Mid-range,1,0.3,Fine Dining,2.1,0.15,JP Nagar
1005712,Family,regular,33,119964,978.0,Mid-range,3,0.15,Fine Dining,3.5,0.03,Cunningham Road
1005713,Food Explorer,regular,40,80104,677.0,Mid-range,1,0.7,Meat Shop,33.7,0.03,Bommanahalli
1005714,Family,occasional,24,124395,735.0,Mid-range,5,0.15,Fine Dining,17.6,0.06,Marathahalli
1005715,Student,occasional,22,33228,202.0,Budget,1,0.35,Quick Bites,14.3,0.06,Old Airport Road
1005716,Student,regular,23,20288,327.0,Budget,1,0.35,Quick Bites,2.8,0.03,Koramangala 1st Block
1005717,Couple,power_user,28,72434,1760.0,Premium,2,0.3,Cafe,3.5,0.01,Basavanagudi
1005718,Food Explorer,trial_only,36,45126,604.0,Mid-range,2,0.7,Dessert Parlor,10.8,0.15,Whitefield
1005719,Student,occasional,22,31770,380.0,Budget,2,0.35,Dessert Parlor,33.9,0.06,Koramangala 5th Block
1005720,Student,occasional,20,14505,283.0,Budget,2,0.35,Quick Bites,25.8,0.06,Brigade Road
1005721,Couple,trial_only,27,91708,1477.0,Premium,3,0.3,Pub,10.7,0.15,Bannerghatta Road
1005722,Student,power_user,24,28912,288.0,Budget,1,0.35,Cafe,1.6,0.01,BTM
1005723,Student,trial_only,19,14464,108.0,Budget,2,0.35,Cafe,35.9,0.15,BTM
1005724,Couple,occasional,44,73423,983.0,Mid-range,2,0.3,Cafe,8.7,0.06,Ulsoor
1005725,Couple,trial_only,38,113530,1240.0,Premium,3,0.3,Cafe,29.8,0.15,Jayanagar
1005726,Couple,regular,42,112773,1525.0,Premium,2,0.3,Fine Dining,14.6,0.03,BTM
1005727,Family,regular,30,89206,769.0,Mid-range,2,0.15,Casual Dining,12.6,0.03,Bellandur
1005728,Office Worker,occasional,23,62512,453.0,Budget,2,0.2,Food Court,8.0,0.06,HSR
1005729,Food Explorer,trial_only,34,96331,453.0,Budget,1,0.7,Mess,31.8,0.15,Koramangala 5th Block
1005730,Office Worker,trial_only,29,43284,606.0,Mid-range,1,0.2,Quick Bites,2.6,0.15,Brookefield
1005731,Office Worker,regular,32,56598,600.0,Mid-range,1,0.2,Casual Dining,2.6,0.03,BTM
1005732,Couple,occasional,34,78057,997.0,Mid-range,1,0.3,Pub,17.2,0.06,Electronic City
1005733,Family,regular,31,172805,497.0,Budget,4,0.15,Dessert Parlor,5.9,0.03,Jayanagar
1005734,Couple,occasional,39,88357,658.0,Mid-range,1,0.3,Microbrewery,8.2,0.06,Koramangala 2nd Block
1005735,Student,trial_only,21,31397,348.0,Budget,2,0.35,Bakery,11.4,0.15,BTM
1005736,Food Explorer,occasional,34,110415,634.0,Mid-range,1,0.7,Club,9.2,0.06,Electronic City
1005737,Family,regular,44,80131,644.0,Mid-range,7,0.15,Fine Dining,19.9,0.03,Malleshwaram
1005738,Family,trial_only,44,172957,854.0,Mid-range,1,0.15,Cafe,28.2,0.15,Nagawara
1005739,Food Explorer,regular,28,43929,292.0,Budget,1,0.7,Pop Up,3.3,0.03,Indiranagar
1005740,Office Worker,occasional,36,53205,529.0,Mid-range,2,0.2,Delivery,4.2,0.06,Banashankari
1005741,Family,occasional,27,79078,724.0,Mid-range,1,0.15,Fine Dining,7.0,0.06,Whitefield
1005742,Family,occasional,54,65538,584.0,Mid-range,2,0.15,Casual Dining,6.0,0.06,Banashankari
1005743,Couple,occasional,41,105199,1090.0,Premium,2,0.3,Fine Dining,3.2,0.06,BTM
1005744,Couple,occasional,36,110090,1080.0,Premium,3,0.3,Microbrewery,8.1,0.06,Indiranagar
1005745,Family,power_user,26,129837,873.0,Mid-range,4,0.15,Fine Dining,2.5,0.01,Bellandur
1005746,Student,regular,24,20439,393.0,Budget,2,0.35,Quick Bites,1.4,0.03,BTM
1005747,Student,occasional,21,29671,389.0,Budget,1,0.35,Cafe,26.4,0.06,Koramangala 5th Block
1005748,Food Explorer,occasional,37,79385,640.0,Mid-range,1,0.7,Microbrewery,7.5,0.06,HSR
1005749,Food Explorer,occasional,22,82802,553.0,Mid-range,1,0.7,Takeaway,9.6,0.06,Basaveshwara Nagar
1005750,Food Explorer,regular,28,75356,458.0,Budget,2,0.7,Dhaba,7.8,0.03,Brigade Road
1005751,Student,power_user,20,15180,159.0,Budget,1,0.35,Dessert Parlor,2.4,0.01,Sarjapur Road
1005752,Office Worker,occasional,37,69275,448.0,Budget,1,0.2,Quick Bites,4.5,0.06,Church Street
1005753,Couple,occasional,34,132901,945.0,Mid-range,1,0.3,Fine Dining,8.7,0.06,Jayanagar
1005754,Couple,occasional,26,80444,1566.0,Premium,2,0.3,Cafe,2.3,0.06,HSR
1005755,Student,occasional,22,21587,284.0,Budget,1,0.35,Dessert Parlor,26.1,0.06,Koramangala 5th Block
1005756,Family,regular,25,167116,949.0,Mid-range,2,0.15,Dessert Parlor,2.8,0.03,Richmond Road
1005757,Student,regular,21,15164,261.0,Budget,1,0.35,Bakery,3.3,0.03,Basaveshwara Nagar
1005758,Office Worker,power_user,40,55275,382.0,Budget,2,0.2,Casual Dining,1.4,0.01,Bellandur
1005759,Student,occasional,21,16738,348.0,Budget,1,0.35,Cafe,19.9,0.06,Indiranagar
1005760,Student,regular,21,18541,322.0,Budget,1,0.35,Bakery,1.8,0.03,Ejipura
1005761,Student,regular,18,21481,326.0,Budget,1,0.35,Food Court,2.4,0.03,Bannerghatta Road
1005762,Food Explorer,trial_only,30,113836,577.0,Mid-range,1,0.7,Microbrewery,25.1,0.15,HSR
1005763,Family,regular,54,61500,958.0,Mid-range,5,0.15,Fine Dining,10.9,0.03,Whitefield
1005764,Food Explorer,occasional,40,68651,761.0,Mid-range,1,0.7,Microbrewery,12.3,0.06,New BEL Road
1005765,Office Worker,regular,40,81954,232.0,Budget,2,0.2,Casual Dining,7.4,0.03,Cunningham Road
1005766,Office Worker,regular,29,34984,424.0,Budget,2,0.2,Casual Dining,5.6,0.03,Kammanahalli
1005767,Office Worker,power_user,24,60389,551.0,Mid-range,1,0.2,Food Court,2.2,0.01,CV Raman Nagar
1005768,Family,trial_only,28,78640,596.0,Mid-range,4,0.15,Fine Dining,39.7,0.15,HSR
1005769,Office Worker,occasional,26,63559,281.0,Budget,2,0.2,Casual Dining,12.9,0.06,Koramangala 1st Block
1005770,Family,occasional,22,145716,772.0,Mid-range,4,0.15,Casual Dining,34.4,0.06,MG Road
1005771,Couple,trial_only,39,113522,1356.0,Premium,3,0.3,Fine Dining,14.6,0.15,South Bangalore
1005772,Couple,power_user,35,106233,1062.0,Premium,2,0.3,Fine Dining,6.2,0.01,Seshadripuram
1005773,Student,occasional,23,28567,403.0,Budget,1,0.35,Quick Bites,5.9,0.06,Jayanagar
1005774,Office Worker,regular,26,62077,634.0,Mid-range,3,0.2,Food Court,5.0,0.03,Ejipura
1005775,Student,occasional,22,25321,146.0,Budget,1,0.35,Food Court,4.9,0.06,Brigade Road
1005776,Student,trial_only,18,12049,269.0,Budget,2,0.35,Beverage Shop,17.9,0.15,BTM
1005777,Family,power_user,45,62556,344.0,Budget,4,0.15,Casual Dining,1.2,0.01,BTM
1005778,Office Worker,trial_only,37,39844,516.0,Mid-range,1,0.2,Cafe,11.6,0.15,Nagarbhavi
1005779,Family,occasional,29,124783,664.0,Mid-range,1,0.15,Casual Dining,3.8,0.06,Nagawara
1005780,Student,regular,20,19905,262.0,Budget,3,0.35,Cafe,4.9,0.03,Banashankari
1005781,Food Explorer,power_user,30,69286,887.0,Mid-range,3,0.7,Club,3.0,0.01,Malleshwaram
1005782,Food Explorer,occasional,33,75840,268.0,Budget,2,0.7,Irani Cafe,58.6,0.06,Sarjapur Road
1005783,Office Worker,occasional,32,89367,292.0,Budget,2,0.2,Quick Bites,15.4,0.06,Kammanahalli
1005784,Couple,regular,26,87658,517.0,Mid-range,4,0.3,Cafe,6.0,0.03,Indiranagar
1005785,Student,occasional,20,21104,402.0,Budget,1,0.35,Cafe,7.0,0.06,Whitefield
1005786,Family,power_user,38,120329,1008.0,Premium,2,0.15,Casual Dining,2.1,0.01,Brigade Road
1005787,Couple,trial_only,37,127422,1112.0,Premium,2,0.3,Pub,6.9,0.15,JP Nagar
1005788,Couple,regular,37,123355,817.0,Mid-range,4,0.3,Cafe,4.8,0.03,Brigade Road
1005789,Couple,occasional,38,147939,1450.0,Premium,4,0.3,Fine Dining,2.2,0.06,Majestic
1005790,Office Worker,occasional,31,68142,725.0,Mid-range,1,0.2,Quick Bites,9.6,0.06,Indiranagar
1005791,Couple,occasional,35,145387,1129.0,Premium,3,0.3,Fine Dining,56.3,0.06,Koramangala 4th Block
1005792,Family,trial_only,32,133354,559.0,Mid-range,1,0.15,Casual Dining,24.1,0.15,St. Marks Road
1005793,Student,trial_only,19,23456,399.0,Budget,3,0.35,Beverage Shop,71.2,0.15,Sarjapur Road
1005794,Student,regular,20,23945,209.0,Budget,1,0.35,Bakery,25.2,0.03,HSR
1005795,Couple,regular,33,98016,1090.0,Premium,2,0.3,Pub,1.7,0.03,Ulsoor
1005796,Family,occasional,23,84111,272.0,Budget,3,0.15,Casual Dining,15.0,0.06,Koramangala 4th Block
1005797,Office Worker,power_user,26,51980,420.0,Budget,1,0.2,Casual Dining,0.8,0.01,Indiranagar
1005798,Food Explorer,occasional,24,88371,280.0,Budget,2,0.7,Pub,4.9,0.06,Ulsoor
1005799,Family,power_user,34,132736,1052.0,Premium,2,0.15,Casual Dining,1.6,0.01,Banaswadi
1005800,Office Worker,trial_only,31,39507,352.0,Budget,1,0.2,Quick Bites,26.5,0.15,Rajajinagar
1005801,Office Worker,occasional,25,78212,528.0,Mid-range,1,0.2,Casual Dining,5.7,0.06,New BEL Road
1005802,Family,occasional,24,145550,779.0,Mid-range,3,0.15,Dessert Parlor,14.1,0.06,Brigade Road
1005803,Couple,regular,35,102518,1238.0,Premium,2,0.3,Cafe,18.8,0.03,Brookefield
1005804,Family,trial_only,28,114274,904.0,Mid-range,5,0.15,Casual Dining,34.3,0.15,BTM
1005805,Office Worker,occasional,38,63456,445.0,Budget,1,0.2,Casual Dining,42.0,0.06,Basavanagudi
1005806,Family,trial_only,25,129775,670.0,Mid-range,3,0.15,Casual Dining,15.5,0.15,Whitefield
1005807,Family,trial_only,37,111356,638.0,Mid-range,4,0.15,Casual Dining,14.7,0.15,BTM
1005808,Couple,power_user,41,136280,1353.0,Premium,2,0.3,Fine Dining,1.2,0.01,Koramangala 1st Block
1005809,Student,power_user,18,13956,148.0,Budget,2,0.35,Dessert Parlor,3.6,0.01,Koramangala 5th Block
1005810,Couple,regular,33,87310,1703.0,Premium,1,0.3,Cafe,2.4,0.03,Koramangala 2nd Block
1005811,Office Worker,occasional,31,53856,463.0,Budget,1,0.2,Cafe,38.8,0.06,Koramangala 5th Block
1005812,Student,occasional,21,12494,273.0,Budget,1,0.35,Cafe,3.5,0.06,Thippasandra
1005813,Family,regular,51,70689,853.0,Mid-range,4,0.15,Fine Dining,2.7,0.03,Shanti Nagar
1005814,Family,trial_only,40,166968,681.0,Mid-range,7,0.15,Cafe,16.4,0.15,Shivajinagar
1005815,Office Worker,power_user,29,76466,432.0,Budget,1,0.2,Cafe,0.9,0.01,Bellandur
1005816,Couple,occasional,32,86498,860.0,Mid-range,1,0.3,Lounge,7.4,0.06,Whitefield
1005817,Office Worker,occasional,34,45966,488.0,Budget,1,0.2,Quick Bites,23.0,0.06,Koramangala 1st Block
1005818,Student,regular,20,20163,294.0,Budget,2,0.35,Bakery,5.5,0.03,Hennur
1005819,Office Worker,power_user,35,72295,469.0,Budget,3,0.2,Cafe,4.5,0.01,Indiranagar
1005820,Office Worker,occasional,29,47761,598.0,Mid-range,1,0.2,Casual Dining,28.2,0.06,HSR
1005821,Family,occasional,22,67958,639.0,Mid-range,2,0.15,Fine Dining,7.6,0.06,Brookefield
1005822,Couple,regular,35,92017,1161.0,Premium,1,0.3,Cafe,7.8,0.03,Koramangala 1st Block
1005823,Family,occasional,29,131847,470.0,Budget,6,0.15,Cafe,9.3,0.06,Whitefield
1005824,Student,occasional,20,23024,344.0,Budget,1,0.35,Quick Bites,6.7,0.06,BTM
1005825,Office Worker,regular,28,40340,448.0,Budget,3,0.2,Casual Dining,4.1,0.03,Rajajinagar
1005826,Student,occasional,18,31083,301.0,Budget,1,0.35,Food Court,34.1,0.06,Whitefield
1005827,Family,regular,30,135782,769.0,Mid-range,6,0.15,Fine Dining,10.1,0.03,BTM
1005828,Student,trial_only,24,28004,254.0,Budget,1,0.35,Quick Bites,54.5,0.15,CV Raman Nagar
1005829,Office Worker,occasional,28,87456,700.0,Mid-range,2,0.2,Food Court,8.2,0.06,Shivajinagar
1005830,Couple,regular,40,101328,1211.0,Premium,3,0.3,Fine Dining,1.8,0.03,Ulsoor
1005831,Family,occasional,34,129469,859.0,Mid-range,6,0.15,Casual Dining,15.8,0.06,Koramangala 4th Block
1005832,Office Worker,regular,24,75831,336.0,Budget,1,0.2,Casual Dining,16.5,0.03,JP Nagar
1005833,Office Worker,trial_only,38,76437,539.0,Mid-range,2,0.2,Casual Dining,18.7,0.15,Bannerghatta Road
1005834,Family,occasional,52,161735,775.0,Mid-range,1,0.15,Casual Dining,29.2,0.06,Ulsoor
1005835,Office Worker,power_user,27,72264,495.0,Budget,1,0.2,Casual Dining,5.9,0.01,Indiranagar
1005836,Student,occasional,19,11453,372.0,Budget,2,0.35,Bakery,30.9,0.06,Richmond Road
1005837,Couple,regular,44,85033,1169.0,Premium,2,0.3,Cafe,7.6,0.03,Banashankari
1005838,Office Worker,trial_only,24,65534,382.0,Budget,1,0.2,Cafe,26.9,0.15,St. Marks Road
1005839,Office Worker,trial_only,39,56692,217.0,Budget,1,0.2,Cafe,40.1,0.15,BTM
1005840,Student,occasional,19,11081,269.0,Budget,2,0.35,Beverage Shop,29.2,0.06,BTM
1005841,Office Worker,occasional,38,46055,382.0,Budget,2,0.2,Casual Dining,19.0,0.06,BTM
1005842,Office Worker,occasional,39,48487,336.0,Budget,1,0.2,Quick Bites,17.9,0.06,Hosur Road
1005843,Office Worker,regular,27,32167,595.0,Mid-range,1,0.2,Food Court,3.4,0.03,Koramangala 4th Block
1005844,Family,power_user,27,151490,997.0,Mid-range,6,0.15,Food Court,3.5,0.01,Brookefield
1005845,Office Worker,trial_only,24,52678,267.0,Budget,1,0.2,Cafe,30.7,0.15,MG Road
1005846,Couple,regular,41,129129,1246.0,Premium,2,0.3,Fine Dining,21.2,0.03,JP Nagar
1005847,Food Explorer,regular,28,109625,396.0,Budget,1,0.7,Takeaway,9.9,0.03,Kalyan Nagar
1005848,Student,regular,22,32096,329.0,Budget,1,0.35,Cafe,7.5,0.03,MG Road
1005849,Student,trial_only,22,32706,236.0,Budget,1,0.35,Quick Bites,15.5,0.15,Vasanth Nagar
1005850,Couple,trial_only,35,99824,1038.0,Premium,1,0.3,Pub,6.7,0.15,Jayanagar
1005851,Food Explorer,regular,26,59407,841.0,Mid-range,4,0.7,Food Court,2.7,0.03,Banashankari
1005852,Couple,regular,32,58413,1446.0,Premium,1,0.3,Cafe,21.2,0.03,Marathahalli
1005853,Student,trial_only,21,25599,421.0,Budget,1,0.35,Dessert Parlor,20.3,0.15,Koramangala 5th Block
1005854,Office Worker,regular,24,37607,428.0,Budget,1,0.2,Delivery,8.0,0.03,Banaswadi
1005855,Student,trial_only,20,16034,184.0,Budget,2,0.35,Bakery,13.7,0.15,Electronic City
1005856,Couple,trial_only,39,74431,1476.0,Premium,2,0.3,Cafe,5.6,0.15,Bannerghatta Road
1005857,Family,occasional,35,92822,985.0,Mid-range,6,0.15,Casual Dining,10.3,0.06,Electronic City
1005858,Office Worker,power_user,30,52331,513.0,Mid-range,1,0.2,Cafe,5.4,0.01,Vasanth Nagar
1005859,Family,occasional,50,99757,651.0,Mid-range,4,0.15,Cafe,4.6,0.06,Koramangala 4th Block
1005860,Office Worker,trial_only,32,61594,343.0,Budget,1,0.2,Delivery,5.6,0.15,JP Nagar
1005861,Family,regular,46,174882,907.0,Mid-range,1,0.15,Fine Dining,1.5,0.03,Bellandur
1005862,Student,trial_only,18,26149,229.0,Budget,1,0.35,Quick Bites,11.7,0.15,HSR
1005863,Family,regular,53,141129,738.0,Mid-range,4,0.15,Casual Dining,5.9,0.03,Indiranagar
1005864,Family,trial_only,47,79500,1381.0,Premium,3,0.15,Casual Dining,12.7,0.15,Jayanagar
1005865,Family,occasional,49,73697,1226.0,Premium,3,0.15,Fine Dining,16.4,0.06,HSR
1005866,Office Worker,power_user,35,41338,529.0,Mid-range,2,0.2,Casual Dining,2.2,0.01,Old Airport Road
1005867,Couple,occasional,35,134847,1001.0,Premium,1,0.3,Fine Dining,5.7,0.06,Ulsoor
1005868,Family,power_user,39,80758,656.0,Mid-range,4,0.15,Fine Dining,10.1,0.01,BTM
1005869,Student,regular,22,34598,357.0,Budget,2,0.35,Quick Bites,4.1,0.03,HSR
1005870,Student,trial_only,21,28874,420.0,Budget,1,0.35,Bakery,16.6,0.15,South Bangalore
1005871,Family,regular,46,159484,698.0,Mid-range,6,0.15,Casual Dining,5.3,0.03,BTM
1005872,Office Worker,trial_only,29,48125,404.0,Budget,1,0.2,Quick Bites,23.0,0.15,Richmond Road
1005873,Student,power_user,23,13907,307.0,Budget,1,0.35,Quick Bites,2.4,0.01,Brookefield
1005874,Student,occasional,20,14167,189.0,Budget,1,0.35,Cafe,13.5,0.06,Ejipura
1005875,Student,trial_only,21,31444,191.0,Budget,1,0.35,Food Court,63.0,0.15,Domlur
1005876,Office Worker,occasional,24,55882,332.0,Budget,2,0.2,Delivery,21.0,0.06,Kalyan Nagar
1005877,Family,trial_only,52,109097,909.0,Mid-range,3,0.15,Casual Dining,20.5,0.15,Kalyan Nagar
1005878,Student,trial_only,22,16188,322.0,Budget,1,0.35,Cafe,60.8,0.15,Koramangala 1st Block
1005879,Family,occasional,28,102749,1027.0,Premium,2,0.15,Casual Dining,6.2,0.06,BTM
1005880,Office Worker,occasional,23,52158,276.0,Budget,2,0.2,Casual Dining,7.0,0.06,Koramangala 4th Block
1005881,Office Worker,power_user,38,74965,298.0,Budget,1,0.2,Quick Bites,6.6,0.01,Marathahalli
1005882,Student,regular,18,30601,336.0,Budget,1,0.35,Quick Bites,21.4,0.03,Koramangala 1st Block
1005883,Couple,regular,34,96710,938.0,Mid-range,2,0.3,Pub,3.8,0.03,MG Road
1005884,Food Explorer,trial_only,22,66712,400.0,Budget,1,0.7,Mess,29.0,0.15,Ulsoor
1005885,Office Worker,occasional,35,57102,551.0,Mid-range,1,0.2,Food Court,4.3,0.06,Banaswadi
1005886,Student,occasional,19,14371,256.0,Budget,2,0.35,Cafe,2.7,0.06,Richmond Road
1005887,Office Worker,trial_only,30,34113,406.0,Budget,1,0.2,Casual Dining,27.8,0.15,Shivajinagar
1005888,Student,power_user,21,15811,280.0,Budget,2,0.35,Cafe,1.4,0.01,Kaggadasapura
1005889,Couple,trial_only,32,52452,1143.0,Premium,1,0.3,Pub,6.0,0.15,Marathahalli
1005890,Student,regular,22,10858,355.0,Budget,2,0.35,Quick Bites,10.1,0.03,Brigade Road
1005891,Food Explorer,regular,31,59078,297.0,Budget,2,0.7,Bar,10.2,0.03,BTM
1005892,Family,occasional,35,168136,762.0,Mid-range,4,0.15,Fine Dining,27.5,0.06,Whitefield
1005893,Office Worker,regular,28,41110,566.0,Mid-range,1,0.2,Casual Dining,1.6,0.03,Brigade Road
1005894,Couple,occasional,32,119697,1840.0,Premium,2,0.3,Fine Dining,12.6,0.06,Marathahalli
1005895,Student,occasional,20,13678,191.0,Budget,2,0.35,Bakery,6.8,0.06,Bellandur
1005896,Couple,trial_only,36,96336,1299.0,Premium,2,0.3,Microbrewery,10.1,0.15,Brigade Road
1005897,Student,regular,23,25173,285.0,Budget,1,0.35,Quick Bites,10.6,0.03,Lavelle Road
1005898,Couple,regular,37,106087,1170.0,Premium,2,0.3,Lounge,6.3,0.03,BTM
1005899,Office Worker,power_user,23,77983,371.0,Budget,2,0.2,Casual Dining,2.3,0.01,Ulsoor
1005900,Student,occasional,23,16352,360.0,Budget,1,0.35,Cafe,24.4,0.06,Sarjapur Road
1005901,Couple,regular,41,124280,1411.0,Premium,1,0.3,Pub,5.5,0.03,Jayanagar
1005902,Student,regular,23,20092,502.0,Mid-range,2,0.35,Quick Bites,2.4,0.03,Brookefield
1005903,Student,trial_only,18,21132,194.0,Budget,2,0.35,Quick Bites,4.4,0.15,Sahakara Nagar
1005904,Couple,trial_only,42,81983,676.0,Mid-range,1,0.3,Lounge,27.3,0.15,Kalyan Nagar
1005905,Office Worker,trial_only,31,89813,655.0,Mid-range,1,0.2,Casual Dining,8.3,0.15,Kalyan Nagar
1005906,Couple,power_user,42,132455,1184.0,Premium,1,0.3,Cafe,2.0,0.01,JP Nagar
1005907,Family,occasional,48,115547,709.0,Mid-range,5,0.15,Casual Dining,10.6,0.06,Old Airport Road
1005908,Family,regular,51,149211,838.0,Mid-range,4,0.15,Food Court,12.3,0.03,HSR
1005909,Office Worker,regular,25,84942,311.0,Budget,1,0.2,Delivery,2.0,0.03,New BEL Road
1005910,Student,regular,21,17097,330.0,Budget,1,0.35,Dessert Parlor,7.9,0.03,Commercial Street
1005911,Food Explorer,trial_only,35,66089,580.0,Mid-range,1,0.7,Food Truck,30.0,0.15,Frazer Town
1005912,Student,occasional,22,29056,386.0,Budget,1,0.35,Quick Bites,14.9,0.06,Indiranagar
1005913,Office Worker,regular,37,47029,536.0,Mid-range,1,0.2,Food Court,7.7,0.03,Koramangala 7th Block
1005914,Office Worker,occasional,36,35636,544.0,Mid-range,3,0.2,Quick Bites,11.1,0.06,Domlur
1005915,Office Worker,trial_only,23,65714,469.0,Budget,1,0.2,Cafe,37.8,0.15,BTM
1005916,Family,power_user,27,84308,1121.0,Premium,6,0.15,Fine Dining,0.2,0.01,Whitefield
1005917,Couple,trial_only,37,108670,1373.0,Premium,2,0.3,Cafe,37.3,0.15,JP Nagar
1005918,Couple,regular,31,60638,1040.0,Premium,1,0.3,Fine Dining,13.0,0.03,Banashankari
1005919,Couple,regular,31,97843,957.0,Mid-range,3,0.3,Fine Dining,28.0,0.03,HSR
1005920,Office Worker,trial_only,39,44295,380.0,Budget,3,0.2,Cafe,90.4,0.15,Whitefield
1005921,Office Worker,power_user,24,61720,509.0,Mid-range,1,0.2,Cafe,1.0,0.01,Shivajinagar
1005922,Student,occasional,21,15655,193.0,Budget,1,0.35,Quick Bites,10.4,0.06,Ulsoor
1005923,Family,power_user,31,90156,831.0,Mid-range,2,0.15,Dessert Parlor,2.0,0.01,Koramangala 7th Block
1005924,Office Worker,occasional,23,84034,367.0,Budget,1,0.2,Cafe,41.8,0.06,HSR
1005925,Family,occasional,33,177840,549.0,Mid-range,3,0.15,Cafe,42.8,0.06,Koramangala 5th Block
1005926,Student,trial_only,20,18185,213.0,Budget,4,0.35,Quick Bites,51.8,0.15,HSR
1005927,Couple,trial_only,34,114561,1193.0,Premium,2,0.3,Lounge,23.6,0.15,Koramangala 5th Block
1005928,Couple,occasional,27,85522,1429.0,Premium,2,0.3,Fine Dining,11.7,0.06,JP Nagar
1005929,Couple,regular,40,67019,997.0,Mid-range,1,0.3,Cafe,13.8,0.03,Bellandur
1005930,Student,regular,20,12493,134.0,Budget,2,0.35,Quick Bites,3.2,0.03,Jayanagar
1005931,Food Explorer,occasional,32,111241,1389.0,Premium,1,0.7,Irani Cafe,24.8,0.06,BTM
1005932,Student,occasional,21,11649,389.0,Budget,1,0.35,Dessert Parlor,3.7,0.06,Lavelle Road
1005933,Office Worker,power_user,33,59520,543.0,Mid-range,1,0.2,Casual Dining,1.2,0.01,Lavelle Road
1005934,Student,trial_only,21,15484,430.0,Budget,1,0.35,Bakery,75.3,0.15,Marathahalli
1005935,Office Worker,regular,28,75623,459.0,Budget,1,0.2,Delivery,9.2,0.03,St. Marks Road
1005936,Family,power_user,37,76145,773.0,Mid-range,3,0.15,Cafe,2.3,0.01,City Market
1005937,Student,trial_only,21,24421,408.0,Budget,1,0.35,Quick Bites,21.7,0.15,Marathahalli
1005938,Office Worker,occasional,23,50676,585.0,Mid-range,1,0.2,Casual Dining,3.5,0.06,Kalyan Nagar
1005939,Family,occasional,46,122509,923.0,Mid-range,4,0.15,Food Court,12.8,0.06,Cunningham Road
1005940,Couple,regular,33,68604,1465.0,Premium,1,0.3,Cafe,19.4,0.03,New BEL Road
1005941,Family,regular,30,74020,552.0,Mid-range,2,0.15,Casual Dining,5.5,0.03,JP Nagar
1005942,Family,occasional,21,81380,749.0,Mid-range,3,0.15,Fine Dining,4.3,0.06,Koramangala 6th Block
1005943,Student,regular,20,24412,436.0,Budget,1,0.35,Quick Bites,0.9,0.03,Bellandur
1005944,Couple,occasional,32,114754,1441.0,Premium,1,0.3,Lounge,6.2,0.06,Indiranagar
1005945,Student,regular,23,32615,183.0,Budget,1,0.35,Food Court,7.9,0.03,Banashankari
1005946,Office Worker,regular,34,86527,397.0,Budget,2,0.2,Casual Dining,3.1,0.03,BTM
1005947,Student,power_user,20,28815,423.0,Budget,1,0.35,Dessert Parlor,2.0,0.01,Koramangala 5th Block
1005948,Family,regular,24,61497,891.0,Mid-range,3,0.15,Cafe,12.8,0.03,HSR
1005949,Office Worker,regular,27,72214,468.0,Budget,1,0.2,Cafe,4.1,0.03,Jalahalli
1005950,Family,occasional,53,144667,842.0,Mid-range,6,0.15,Casual Dining,31.4,0.06,Koramangala 5th Block
1005951,Office Worker,occasional,25,72372,442.0,Budget,1,0.2,Cafe,6.0,0.06,Lavelle Road
1005952,Office Worker,regular,34,69552,398.0,Budget,1,0.2,Cafe,7.0,0.03,Domlur
1005953,Office Worker,occasional,32,71256,367.0,Budget,1,0.2,Quick Bites,12.8,0.06,Brigade Road
1005954,Student,regular,19,24626,381.0,Budget,1,0.35,Food Court,3.5,0.03,BTM
1005955,Office Worker,regular,38,67170,474.0,Budget,3,0.2,Casual Dining,6.2,0.03,Brookefield
1005956,Family,trial_only,34,143076,941.0,Mid-range,3,0.15,Cafe,73.7,0.15,Koramangala 4th Block
1005957,Office Worker,occasional,34,32606,505.0,Mid-range,1,0.2,Cafe,12.9,0.06,Banashankari
1005958,Student,occasional,18,22717,413.0,Budget,2,0.35,Dessert Parlor,24.4,0.06,Koramangala 6th Block
1005959,Family,regular,54,75332,891.0,Mid-range,4,0.15,Casual Dining,6.5,0.03,Jayanagar
1005960,Office Worker,regular,23,85615,532.0,Mid-range,1,0.2,Cafe,1.0,0.03,East Bangalore
1005961,Student,occasional,20,34745,313.0,Budget,2,0.35,Quick Bites,7.3,0.06,Richmond Road
1005962,Student,occasional,24,13955,224.0,Budget,1,0.35,Quick Bites,6.0,0.06,Frazer Town
1005963,Office Worker,occasional,34,83492,427.0,Budget,2,0.2,Quick Bites,1.4,0.06,Koramangala 6th Block
1005964,Office Worker,trial_only,35,58413,509.0,Mid-range,1,0.2,Casual Dining,35.2,0.15,BTM
1005965,Family,regular,31,140685,936.0,Mid-range,3,0.15,Cafe,4.1,0.03,Sarjapur Road
1005966,Student,trial_only,23,26326,416.0,Budget,2,0.35,Quick Bites,3.6,0.15,Koramangala 1st Block
1005967,Couple,occasional,44,61764,1062.0,Premium,2,0.3,Cafe,3.0,0.06,Bannerghatta Road
1005968,Office Worker,regular,34,84522,473.0,Budget,2,0.2,Food Court,10.1,0.03,Electronic City
1005969,Family,power_user,27,136877,774.0,Mid-range,1,0.15,Casual Dining,1.1,0.01,Shivajinagar
1005970,Couple,occasional,43,98744,1687.0,Premium,2,0.3,Cafe,8.9,0.06,Domlur
1005971,Office Worker,regular,23,66889,488.0,Budget,1,0.2,Delivery,6.3,0.03,Domlur
1005972,Student,occasional,24,34425,332.0,Budget,1,0.35,Cafe,39.2,0.06,Sarjapur Road
1005973,Office Worker,occasional,23,68843,446.0,Budget,1,0.2,Casual Dining,41.4,0.06,Residency Road
1005974,Food Explorer,occasional,23,92519,544.0,Mid-range,2,0.7,Bar,15.3,0.06,Whitefield
1005975,Food Explorer,occasional,22,110129,238.0,Budget,2,0.7,Microbrewery,16.1,0.06,Koramangala 5th Block
1005976,Student,occasional,19,27481,199.0,Budget,1,0.35,Dessert Parlor,10.4,0.06,Banashankari
1005977,Couple,occasional,40,64294,1254.0,Premium,2,0.3,Cafe,23.0,0.06,Koramangala 8th Block
1005978,Office Worker,trial_only,30,79093,455.0,Budget,1,0.2,Cafe,4.3,0.15,Kalyan Nagar
1005979,Student,power_user,18,32494,315.0,Budget,1,0.35,Quick Bites,2.0,0.01,Bommanahalli
1005980,Family,trial_only,32,148070,988.0,Mid-range,3,0.15,Casual Dining,27.9,0.15,Bellandur
1005981,Office Worker,power_user,40,39141,459.0,Budget,1,0.2,Delivery,3.6,0.01,Bannerghatta Road
1005982,Office Worker,regular,32,61358,415.0,Budget,1,0.2,Food Court,4.6,0.03,Old Airport Road
1005983,Couple,occasional,40,55404,1137.0,Premium,3,0.3,Lounge,38.3,0.06,Sarjapur Road
1005984,Office Worker,power_user,27,76357,474.0,Budget,1,0.2,Cafe,4.0,0.01,JP Nagar
1005985,Family,regular,38,174865,724.0,Mid-range,2,0.15,Fine Dining,8.0,0.03,BTM
1005986,Office Worker,regular,37,32144,556.0,Mid-range,1,0.2,Quick Bites,4.3,0.03,Whitefield
1005987,Student,occasional,22,12725,299.0,Budget,1,0.35,Cafe,7.1,0.06,BTM
1005988,Office Worker,occasional,23,85966,475.0,Budget,2,0.2,Cafe,34.0,0.06,RT Nagar
1005989,Food Explorer,power_user,33,103982,396.0,Budget,1,0.7,Microbrewery,0.8,0.01,Koramangala 5th Block
1005990,Office Worker,occasional,37,79389,556.0,Mid-range,1,0.2,Cafe,13.2,0.06,Koramangala 5th Block
1005991,Student,regular,18,15212,415.0,Budget,1,0.35,Quick Bites,1.3,0.03,Frazer Town
1005992,Family,trial_only,34,136519,527.0,Mid-range,2,0.15,Fine Dining,26.5,0.15,Basaveshwara Nagar
1005993,Food Explorer,regular,34,106302,700.0,Mid-range,2,0.7,Pop Up,9.1,0.03,Koramangala 5th Block
1005994,Food Explorer,occasional,22,45500,573.0,Mid-range,1,0.7,Food Court,24.4,0.06,JP Nagar
1005995,Family,occasional,45,94047,857.0,Mid-range,2,0.15,Casual Dining,48.8,0.06,Jayanagar
1005996,Office Worker,occasional,38,47695,495.0,Budget,1,0.2,Quick Bites,7.0,0.06,Koramangala 1st Block
1005997,Family,trial_only,38,124990,353.0,Budget,2,0.15,Fine Dining,47.6,0.15,BTM
1005998,Couple,regular,33,75363,1428.0,Premium,1,0.3,Lounge,5.9,0.03,BTM
1005999,Couple,occasional,26,84194,1534.0,Premium,1,0.3,Fine Dining,30.3,0.06,BTM
1006000,Couple,regular,39,75702,1567.0,Premium,3,0.3,Lounge,5.2,0.03,Langford Town
1006001,Office Worker,occasional,39,33817,356.0,Budget,1,0.2,Food Court,7.4,0.06,MG Road
1006002,Student,regular,24,26803,298.0,Budget,1,0.35,Quick Bites,19.0,0.03,St. Marks Road
1006003,Family,regular,39,136639,692.0,Mid-range,3,0.15,Fine Dining,13.2,0.03,Banaswadi
1006004,Student,power_user,18,31904,147.0,Budget,1,0.35,Quick Bites,2.3,0.01,Koramangala 8th Block
1006005,Student,regular,20,24403,250.0,Budget,2,0.35,Quick Bites,3.6,0.03,Bannerghatta Road
1006006,Office Worker,trial_only,27,70898,342.0,Budget,1,0.2,Casual Dining,13.4,0.15,Rajajinagar
1006007,Family,occasional,20,103105,867.0,Mid-range,1,0.15,Casual Dining,21.7,0.06,"Varthur Main Road, Whitefield"
1006008,Couple,regular,26,88876,711.0,Mid-range,1,0.3,Fine Dining,14.7,0.03,Brigade Road
1006009,Couple,occasional,36,91240,906.0,Mid-range,3,0.3,Lounge,20.2,0.06,Rajajinagar
1006010,Couple,occasional,26,146924,1044.0,Premium,1,0.3,Fine Dining,17.0,0.06,Infantry Road
1006011,Couple,regular,24,97247,1431.0,Premium,1,0.3,Cafe,2.8,0.03,Basavanagudi
1006012,Family,regular,54,163510,1356.0,Premium,7,0.15,Dessert Parlor,1.7,0.03,BTM
1006013,Student,occasional,22,18016,324.0,Budget,1,0.35,Beverage Shop,5.1,0.06,Kammanahalli
1006014,Family,regular,49,142250,594.0,Mid-range,5,0.15,Casual Dining,9.5,0.03,HSR
1006015,Student,occasional,19,16852,246.0,Budget,1,0.35,Bakery,8.2,0.06,Nagawara
1006016,Student,regular,20,19937,353.0,Budget,1,0.35,Food Court,3.1,0.03,Old Airport Road
1006017,Student,power_user,22,31472,192.0,Budget,2,0.35,Quick Bites,2.5,0.01,Jayanagar
1006018,Couple,occasional,39,118383,1529.0,Premium,2,0.3,Fine Dining,33.9,0.06,Banashankari
1006019,Family,occasional,33,118352,855.0,Mid-range,2,0.15,Casual Dining,3.2,0.06,Yeshwantpur
1006020,Food Explorer,trial_only,39,72640,569.0,Mid-range,1,0.7,Fine Dining,20.5,0.15,Jayanagar
1006021,Food Explorer,regular,35,103976,179.0,Budget,2,0.7,Confectionery,8.0,0.03,Brookefield
1006022,Couple,occasional,28,65518,1476.0,Premium,2,0.3,Cafe,2.0,0.06,Jayanagar
1006023,Student,trial_only,18,31219,239.0,Budget,2,0.35,Cafe,48.5,0.15,Brigade Road
1006024,Couple,occasional,24,111884,1246.0,Premium,2,0.3,Cafe,23.2,0.06,Kumaraswamy Layout
1006025,Couple,trial_only,42,82897,1153.0,Premium,1,0.3,Fine Dining,25.7,0.15,Electronic City
1006026,Couple,trial_only,42,119810,725.0,Mid-range,2,0.3,Pub,13.4,0.15,BTM
1006027,Student,trial_only,21,34777,282.0,Budget,1,0.35,Dessert Parlor,124.1,0.15,Brigade Road
1006028,Student,trial_only,23,18732,203.0,Budget,1,0.35,Bakery,27.8,0.15,Jayanagar
1006029,Food Explorer,occasional,38,71453,437.0,Budget,1,0.7,Casual Dining,2.3,0.06,Cunningham Road
1006030,Student,occasional,19,33233,335.0,Budget,1,0.35,Cafe,7.4,0.06,Rajajinagar
1006031,Office Worker,trial_only,40,50663,520.0,Mid-range,1,0.2,Quick Bites,25.6,0.15,Banaswadi
1006032,Office Worker,trial_only,31,81256,448.0,Budget,1,0.2,Casual Dining,3.9,0.15,Malleshwaram
1006033,Student,regular,21,32493,229.0,Budget,2,0.35,Cafe,2.6,0.03,RT Nagar
1006034,Student,regular,19,24571,248.0,Budget,3,0.35,Quick Bites,2.5,0.03,Indiranagar
1006035,Food Explorer,regular,34,46571,434.0,Budget,2,0.7,Food Truck,5.2,0.03,BTM
1006036,Couple,trial_only,37,56023,559.0,Mid-range,1,0.3,Fine Dining,9.4,0.15,Richmond Road
1006037,Food Explorer,regular,22,62475,618.0,Mid-range,1,0.7,Bhojanalya,5.3,0.03,Banashankari
1006038,Office Worker,regular,34,31032,283.0,Budget,1,0.2,Quick Bites,10.3,0.03,Marathahalli
1006039,Student,occasional,18,29067,306.0,Budget,1,0.35,Quick Bites,51.3,0.06,BTM
1006040,Office Worker,power_user,27,68393,304.0,Budget,3,0.2,Delivery,1.2,0.01,Marathahalli
1006041,Office Worker,trial_only,34,57280,329.0,Budget,1,0.2,Food Court,25.6,0.15,Koramangala 5th Block
1006042,Student,occasional,23,30345,353.0,Budget,3,0.35,Quick Bites,9.9,0.06,Koramangala 5th Block
1006043,Couple,regular,26,63350,1207.0,Premium,3,0.3,Fine Dining,7.2,0.03,Ejipura
1006044,Food Explorer,regular,30,80028,129.0,Budget,1,0.7,Delivery,2.0,0.03,Brigade Road
1006045,Office Worker,occasional,28,50308,394.0,Budget,2,0.2,Casual Dining,24.4,0.06,Brigade Road
1006046,Office Worker,occasional,35,31409,476.0,Budget,2,0.2,Casual Dining,29.0,0.06,HSR
1006047,Office Worker,occasional,37,58706,388.0,Budget,1,0.2,Food Court,18.9,0.06,Thippasandra
1006048,Student,regular,22,13620,273.0,Budget,1,0.35,Quick Bites,2.5,0.03,Marathahalli
1006049,Office Worker,trial_only,37,32750,474.0,Budget,1,0.2,Casual Dining,69.8,0.15,Sarjapur Road
1006050,Office Worker,occasional,31,42674,454.0,Budget,1,0.2,Quick Bites,11.4,0.06,BTM
1006051,Office Worker,occasional,33,41684,351.0,Budget,1,0.2,Casual Dining,35.3,0.06,Koramangala 7th Block
1006052,Office Worker,regular,28,67665,452.0,Budget,2,0.2,Quick Bites,4.9,0.03,BTM
1006053,Couple,trial_only,45,129302,1114.0,Premium,5,0.3,Cafe,17.1,0.15,Bellandur
1006054,Student,occasional,19,22151,438.0,Budget,1,0.35,Food Court,6.1,0.06,Domlur
1006055,Student,regular,24,26029,292.0,Budget,2,0.35,Cafe,1.5,0.03,BTM
1006056,Student,trial_only,23,12555,311.0,Budget,1,0.35,Dessert Parlor,50.3,0.15,Bannerghatta Road
1006057,Student,trial_only,24,29666,321.0,Budget,3,0.35,Cafe,14.0,0.15,Whitefield
1006058,Family,occasional,43,120201,736.0,Mid-range,4,0.15,Casual Dining,22.6,0.06,Koramangala 5th Block
1006059,Couple,occasional,31,92843,984.0,Mid-range,1,0.3,Microbrewery,1.6,0.06,Bannerghatta Road
1006060,Couple,regular,30,136950,1338.0,Premium,4,0.3,Cafe,1.5,0.03,Wilson Garden
1006061,Family,occasional,26,97655,894.0,Mid-range,2,0.15,Cafe,26.0,0.06,Electronic City
1006062,Office Worker,regular,40,56347,658.0,Mid-range,1,0.2,Food Court,4.8,0.03,Ulsoor
1006063,Student,occasional,18,33151,359.0,Budget,2,0.35,Cafe,17.0,0.06,Shanti Nagar
1006064,Office Worker,regular,37,38985,526.0,Mid-range,1,0.2,Casual Dining,6.3,0.03,HSR
1006065,Office Worker,regular,35,61315,522.0,Mid-range,1,0.2,Quick Bites,2.3,0.03,Jayanagar
1006066,Couple,trial_only,26,107801,993.0,Mid-range,1,0.3,Cafe,36.5,0.15,BTM
1006067,Office Worker,regular,39,72012,324.0,Budget,1,0.2,Quick Bites,2.3,0.03,BTM
1006068,Student,trial_only,19,33235,220.0,Budget,2,0.35,Dessert Parlor,74.9,0.15,Whitefield
1006069,Office Worker,regular,25,50632,519.0,Mid-range,1,0.2,Food Court,9.2,0.03,Ulsoor
1006070,Student,power_user,21,12897,414.0,Budget,3,0.35,Dessert Parlor,5.9,0.01,Bellandur
1006071,Food Explorer,power_user,23,71932,784.0,Mid-range,1,0.7,Confectionery,1.0,0.01,Koramangala 5th Block
1006072,Student,regular,18,13910,287.0,Budget,1,0.35,Quick Bites,3.8,0.03,BTM
1006073,Student,occasional,22,28198,434.0,Budget,1,0.35,Quick Bites,27.2,0.06,Koramangala 1st Block
1006074,Student,regular,24,24171,265.0,Budget,1,0.35,Bakery,2.8,0.03,BTM
1006075,Couple,occasional,25,125744,856.0,Mid-range,3,0.3,Cafe,18.8,0.06,Koramangala 5th Block
1006076,Office Worker,occasional,34,50400,475.0,Budget,1,0.2,Casual Dining,9.5,0.06,BTM
1006077,Family,power_user,41,174552,1058.0,Premium,5,0.15,Food Court,7.3,0.01,Sarjapur Road
1006078,Office Worker,regular,24,83734,366.0,Budget,1,0.2,Food Court,0.6,0.03,Koramangala 5th Block
1006079,Student,regular,19,32895,164.0,Budget,1,0.35,Quick Bites,21.6,0.03,Marathahalli
1006080,Couple,power_user,33,121277,1211.0,Premium,3,0.3,Microbrewery,1.9,0.01,JP Nagar
1006081,Student,regular,22,14680,362.0,Budget,1,0.35,Quick Bites,2.6,0.03,St. Marks Road
1006082,Student,occasional,19,13677,100.0,Budget,2,0.35,Bakery,7.7,0.06,Banashankari
1006083,Family,occasional,35,174841,995.0,Mid-range,5,0.15,Casual Dining,11.7,0.06,Bannerghatta Road
1006084,Student,trial_only,21,31768,191.0,Budget,1,0.35,Quick Bites,42.1,0.15,Church Street
1006085,Student,occasional,22,32020,358.0,Budget,1,0.35,Bakery,58.0,0.06,Church Street
1006086,Couple,occasional,29,114229,601.0,Mid-range,2,0.3,Fine Dining,9.4,0.06,Frazer Town
1006087,Office Worker,regular,35,81399,303.0,Budget,1,0.2,Food Court,4.5,0.03,Brigade Road
1006088,Student,power_user,23,22341,349.0,Budget,2,0.35,Quick Bites,2.0,0.01,Brigade Road
1006089,Office Worker,occasional,33,39728,572.0,Mid-range,2,0.2,Casual Dining,6.1,0.06,Rajajinagar
1006090,Family,regular,45,90785,798.0,Mid-range,3,0.15,Fine Dining,14.8,0.03,HSR
1006091,Student,regular,19,31290,492.0,Budget,1,0.35,Dessert Parlor,5.6,0.03,Koramangala 6th Block
1006092,Student,trial_only,24,26243,218.0,Budget,1,0.35,Quick Bites,15.9,0.15,Wilson Garden
1006093,Family,regular,30,179698,593.0,Mid-range,4,0.15,Fine Dining,13.1,0.03,Lavelle Road
1006094,Family,power_user,27,167819,740.0,Mid-range,3,0.15,Casual Dining,0.9,0.01,Bellandur
1006095,Food Explorer,trial_only,32,100750,513.0,Mid-range,1,0.7,Casual Dining,16.3,0.15,Banaswadi
1006096,Office Worker,regular,29,32308,478.0,Budget,1,0.2,Quick Bites,13.9,0.03,Koramangala 5th Block
1006097,Student,regular,21,14627,241.0,Budget,1,0.35,Quick Bites,11.0,0.03,Vasanth Nagar
1006098,Office Worker,power_user,37,52509,507.0,Mid-range,1,0.2,Casual Dining,3.2,0.01,Brigade Road
1006099,Family,regular,39,64290,909.0,Mid-range,5,0.15,Fine Dining,16.5,0.03,Kammanahalli
1006100,Student,trial_only,20,33392,429.0,Budget,3,0.35,Cafe,65.4,0.15,Koramangala 7th Block
1006101,Family,occasional,48,87366,702.0,Mid-range,5,0.15,Casual Dining,3.2,0.06,Ulsoor
1006102,Student,occasional,20,19573,327.0,Budget,1,0.35,Cafe,36.2,0.06,Marathahalli
1006103,Couple,regular,45,117453,1382.0,Premium,2,0.3,Pub,5.2,0.03,Koramangala 5th Block
1006104,Couple,regular,45,53587,1198.0,Premium,2,0.3,Pub,2.9,0.03,Brigade Road
1006105,Office Worker,occasional,31,68180,429.0,Budget,1,0.2,Casual Dining,3.7,0.06,Vijay Nagar
1006106,Food Explorer,regular,36,48115,100.0,Budget,2,0.7,Food Truck,11.2,0.03,BTM
1006107,Food Explorer,regular,35,112197,621.0,Mid-range,1,0.7,Dessert Parlor,6.3,0.03,Jayanagar
1006108,Student,occasional,24,27269,348.0,Budget,2,0.35,Cafe,11.7,0.06,BTM
1006109,Office Worker,trial_only,31,50142,444.0,Budget,1,0.2,Cafe,48.6,0.15,Richmond Road
1006110,Family,trial_only,34,144015,644.0,Mid-range,5,0.15,Casual Dining,83.9,0.15,Jayanagar
1006111,Student,trial_only,19,17851,166.0,Budget,2,0.35,Bakery,103.3,0.15,Kaggadasapura
1006112,Office Worker,occasional,33,36902,495.0,Budget,1,0.2,Cafe,13.5,0.06,Koramangala 5th Block
1006113,Office Worker,occasional,34,30577,453.0,Budget,2,0.2,Casual Dining,4.3,0.06,Electronic City
1006114,Food Explorer,trial_only,30,57537,947.0,Mid-range,2,0.7,Sweet Shop,22.9,0.15,Vijay Nagar
1006115,Office Worker,power_user,28,72466,305.0,Budget,1,0.2,Delivery,5.4,0.01,JP Nagar
1006116,Couple,regular,33,106387,1059.0,Premium,3,0.3,Fine Dining,15.9,0.03,HSR
1006117,Office Worker,regular,32,46381,318.0,Budget,2,0.2,Cafe,19.3,0.03,MG Road
1006118,Student,trial_only,18,27164,382.0,Budget,1,0.35,Food Court,43.1,0.15,BTM
1006119,Couple,trial_only,38,88834,1572.0,Premium,2,0.3,Fine Dining,8.0,0.15,Bannerghatta Road
1006120,Student,trial_only,23,13919,454.0,Budget,3,0.35,Food Court,45.1,0.15,Indiranagar
1006121,Student,regular,20,26976,342.0,Budget,2,0.35,Quick Bites,6.6,0.03,Koramangala 1st Block
1006122,Office Worker,trial_only,30,57383,529.0,Mid-range,1,0.2,Food Court,14.4,0.15,BTM
1006123,Family,power_user,23,139730,887.0,Mid-range,1,0.15,Fine Dining,2.5,0.01,Ejipura
1006124,Office Worker,regular,33,63722,507.0,Mid-range,1,0.2,Quick Bites,10.5,0.03,BTM
1006125,Student,occasional,20,12532,304.0,Budget,3,0.35,Quick Bites,12.4,0.06,Wilson Garden
1006126,Office Worker,occasional,38,32982,512.0,Mid-range,1,0.2,Cafe,1.3,0.06,Kammanahalli
1006127,Student,trial_only,24,12517,471.0,Budget,1,0.35,Quick Bites,21.8,0.15,Shanti Nagar
1006128,Student,regular,23,15594,317.0,Budget,1,0.35,Quick Bites,15.9,0.03,Frazer Town
1006129,Office Worker,regular,26,43446,452.0,Budget,2,0.2,Quick Bites,2.9,0.03,South Bangalore
1006130,Student,occasional,19,32973,316.0,Budget,1,0.35,Quick Bites,12.5,0.06,Rajajinagar
1006131,Office Worker,power_user,31,76989,435.0,Budget,1,0.2,Quick Bites,0.3,0.01,Bannerghatta Road
1006132,Family,trial_only,42,165598,849.0,Mid-range,6,0.15,Fine Dining,29.8,0.15,Church Street
1006133,Family,regular,21,116907,763.0,Mid-range,3,0.15,Fine Dining,4.3,0.03,Nagawara
1006134,Office Worker,regular,31,49349,564.0,Mid-range,1,0.2,Casual Dining,19.4,0.03,Domlur
1006135,Office Worker,regular,24,54175,554.0,Mid-range,1,0.2,Cafe,7.3,0.03,Banashankari
1006136,Student,occasional,19,31700,473.0,Budget,2,0.35,Quick Bites,1.7,0.06,Jeevan Bhima Nagar
1006137,Food Explorer,trial_only,28,68441,594.0,Mid-range,1,0.7,Quick Bites,5.9,0.15,Koramangala 6th Block
1006138,Student,regular,18,25814,323.0,Budget,1,0.35,Beverage Shop,12.8,0.03,JP Nagar
1006139,Student,regular,19,13615,320.0,Budget,1,0.35,Food Court,12.7,0.03,Koramangala 5th Block
1006140,Office Worker,trial_only,34,88898,470.0,Budget,1,0.2,Quick Bites,32.3,0.15,Malleshwaram
1006141,Student,occasional,24,26042,390.0,Budget,2,0.35,Bakery,0.4,0.06,Jayanagar
1006142,Student,regular,23,34156,170.0,Budget,1,0.35,Dessert Parlor,8.5,0.03,BTM
1006143,Student,regular,20,17365,337.0,Budget,1,0.35,Cafe,6.9,0.03,BTM
1006144,Family,trial_only,53,134033,1199.0,Premium,4,0.15,Food Court,16.7,0.15,HSR
1006145,Family,occasional,35,92882,1073.0,Premium,2,0.15,Casual Dining,45.9,0.06,Banaswadi
1006146,Family,regular,32,116141,1050.0,Premium,1,0.15,Fine Dining,13.2,0.03,BTM
1006147,Couple,power_user,42,82288,1453.0,Premium,2,0.3,Cafe,0.1,0.01,Banaswadi
1006148,Office Worker,regular,30,38536,390.0,Budget,1,0.2,Quick Bites,5.2,0.03,BTM
1006149,Food Explorer,regular,36,75372,413.0,Budget,2,0.7,Pop Up,3.9,0.03,BTM
1006150,Family,regular,25,123642,652.0,Mid-range,4,0.15,Fine Dining,7.0,0.03,Old Airport Road
1006151,Couple,regular,31,65710,858.0,Mid-range,4,0.3,Lounge,0.5,0.03,Lavelle Road
1006152,Family,regular,55,107796,989.0,Mid-range,7,0.15,Casual Dining,5.4,0.03,Sarjapur Road
1006153,Office Worker,regular,27,35617,597.0,Mid-range,1,0.2,Food Court,3.8,0.03,JP Nagar
1006154,Office Worker,occasional,38,68737,493.0,Budget,1,0.2,Casual Dining,23.2,0.06,BTM
1006155,Office Worker,occasional,31,48773,530.0,Mid-range,1,0.2,Casual Dining,20.5,0.06,Marathahalli
1006156,Student,trial_only,24,12237,323.0,Budget,1,0.35,Quick Bites,53.4,0.15,New BEL Road
1006157,Office Worker,regular,30,60794,507.0,Mid-range,1,0.2,Quick Bites,5.4,0.03,Koramangala 7th Block
1006158,Student,trial_only,21,30873,131.0,Budget,1,0.35,Dessert Parlor,56.2,0.15,Church Street
1006159,Student,trial_only,20,34783,325.0,Budget,1,0.35,Quick Bites,22.1,0.15,Kalyan Nagar
1006160,Food Explorer,trial_only,25,117370,494.0,Budget,1,0.7,Delivery,10.3,0.15,St. Marks Road
1006161,Family,regular,50,80834,792.0,Mid-range,2,0.15,Casual Dining,1.2,0.03,Brookefield
1006162,Family,regular,40,85123,845.0,Mid-range,3,0.15,Casual Dining,2.4,0.03,Koramangala 5th Block
1006163,Office Worker,occasional,32,83580,378.0,Budget,2,0.2,Casual Dining,19.0,0.06,JP Nagar
1006164,Family,regular,33,135934,585.0,Mid-range,3,0.15,Food Court,3.6,0.03,Indiranagar
1006165,Couple,power_user,40,104319,976.0,Mid-range,2,0.3,Microbrewery,1.7,0.01,Whitefield
1006166,Family,power_user,32,156233,510.0,Mid-range,5,0.15,Dessert Parlor,0.9,0.01,HSR
1006167,Family,occasional,28,67758,569.0,Mid-range,3,0.15,Fine Dining,1.5,0.06,Kammanahalli
1006168,Office Worker,trial_only,24,63265,348.0,Budget,1,0.2,Food Court,56.5,0.15,Indiranagar
1006169,Office Worker,regular,38,64347,306.0,Budget,1,0.2,Casual Dining,12.6,0.03,Brigade Road
1006170,Family,trial_only,22,172253,906.0,Mid-range,4,0.15,Casual Dining,2.1,0.15,Basaveshwara Nagar
1006171,Food Explorer,occasional,38,77391,375.0,Budget,2,0.7,Quick Bites,30.8,0.06,Indiranagar
1006172,Office Worker,power_user,29,60712,264.0,Budget,2,0.2,Delivery,3.8,0.01,Koramangala 4th Block
1006173,Office Worker,regular,23,78043,410.0,Budget,2,0.2,Casual Dining,5.6,0.03,Brigade Road
1006174,Office Worker,power_user,39,46233,339.0,Budget,1,0.2,Quick Bites,3.6,0.01,Commercial Street
1006175,Office Worker,trial_only,36,34196,596.0,Mid-range,2,0.2,Casual Dining,49.3,0.15,Seshadripuram
1006176,Food Explorer,occasional,35,77728,633.0,Mid-range,2,0.7,Dhaba,18.0,0.06,CV Raman Nagar
1006177,Family,occasional,39,133266,506.0,Mid-range,1,0.15,Cafe,6.6,0.06,JP Nagar
1006178,Office Worker,occasional,36,59272,507.0,Mid-range,4,0.2,Casual Dining,1.7,0.06,Koramangala 3rd Block
1006179,Office Worker,regular,25,72384,458.0,Budget,2,0.2,Casual Dining,6.8,0.03,Shivajinagar
1006180,Office Worker,trial_only,27,45222,426.0,Budget,1,0.2,Quick Bites,40.3,0.15,Brigade Road
1006181,Student,trial_only,21,10356,426.0,Budget,2,0.35,Dessert Parlor,17.2,0.15,Koramangala 4th Block
1006182,Office Worker,occasional,36,77217,352.0,Budget,2,0.2,Cafe,11.1,0.06,BTM
1006183,Couple,occasional,36,135077,1511.0,Premium,1,0.3,Cafe,12.0,0.06,Old Airport Road
1006184,Family,power_user,34,134130,718.0,Mid-range,3,0.15,Casual Dining,1.2,0.01,JP Nagar
1006185,Student,power_user,22,17848,299.0,Budget,2,0.35,Quick Bites,2.1,0.01,Brigade Road
1006186,Family,regular,22,104444,650.0,Mid-range,3,0.15,Fine Dining,9.8,0.03,Kalyan Nagar
1006187,Family,occasional,38,117571,663.0,Mid-range,2,0.15,Casual Dining,16.2,0.06,Rajajinagar
1006188,Office Worker,occasional,30,55299,406.0,Budget,2,0.2,Casual Dining,5.4,0.06,Kammanahalli
1006189,Family,trial_only,37,86852,420.0,Budget,6,0.15,Casual Dining,46.9,0.15,Banashankari
1006190,Family,regular,24,104604,869.0,Mid-range,4,0.15,Dessert Parlor,14.5,0.03,Indiranagar
1006191,Couple,regular,43,79805,1234.0,Premium,2,0.3,Pub,1.4,0.03,Shanti Nagar
1006192,Student,power_user,23,21197,180.0,Budget,1,0.35,Cafe,1.2,0.01,Indiranagar
1006193,Student,trial_only,24,19388,353.0,Budget,1,0.35,Quick Bites,9.1,0.15,Shanti Nagar
1006194,Office Worker,occasional,38,61686,596.0,Mid-range,1,0.2,Quick Bites,11.3,0.06,Whitefield
1006195,Student,occasional,22,30170,247.0,Budget,1,0.35,Quick Bites,20.3,0.06,Bannerghatta Road
1006196,Office Worker,occasional,28,49855,372.0,Budget,1,0.2,Casual Dining,8.8,0.06,Marathahalli
1006197,Couple,occasional,26,55784,1534.0,Premium,2,0.3,Cafe,22.0,0.06,Richmond Road
1006198,Student,regular,22,30454,332.0,Budget,1,0.35,Cafe,6.2,0.03,MG Road
1006199,Office Worker,regular,40,41175,436.0,Budget,1,0.2,Delivery,4.9,0.03,JP Nagar
1006200,Food Explorer,regular,28,114270,804.0,Mid-range,1,0.7,Bar,4.2,0.03,Indiranagar
1006201,Office Worker,regular,40,61718,477.0,Budget,1,0.2,Delivery,9.4,0.03,Residency Road
1006202,Office Worker,occasional,25,61368,593.0,Mid-range,1,0.2,Casual Dining,5.6,0.06,BTM
1006203,Family,regular,30,109059,797.0,Mid-range,6,0.15,Casual Dining,3.2,0.03,St. Marks Road
1006204,Student,occasional,22,27784,334.0,Budget,3,0.35,Quick Bites,13.8,0.06,Ejipura
1006205,Student,occasional,21,26325,388.0,Budget,2,0.35,Quick Bites,11.2,0.06,BTM
1006206,Family,occasional,47,171665,310.0,Budget,6,0.15,Fine Dining,4.7,0.06,Banaswadi
1006207,Office Worker,trial_only,29,30993,563.0,Mid-range,1,0.2,Quick Bites,20.3,0.15,BTM
1006208,Office Worker,regular,36,41516,399.0,Budget,1,0.2,Casual Dining,3.0,0.03,Indiranagar
1006209,Student,occasional,20,16942,340.0,Budget,1,0.35,Dessert Parlor,16.9,0.06,Whitefield
1006210,Couple,power_user,27,68972,1699.0,Premium,2,0.3,Fine Dining,1.5,0.01,Kammanahalli
1006211,Student,occasional,21,33709,276.0,Budget,1,0.35,Quick Bites,5.6,0.06,HSR
1006212,Family,occasional,38,68713,709.0,Mid-range,5,0.15,Cafe,7.7,0.06,Indiranagar
1006213,Office Worker,regular,33,37276,445.0,Budget,1,0.2,Quick Bites,0.9,0.03,Basavanagudi
1006214,Family,power_user,20,113052,510.0,Mid-range,4,0.15,Cafe,0.9,0.01,BTM
1006215,Student,occasional,20,16605,476.0,Budget,1,0.35,Dessert Parlor,22.5,0.06,Whitefield
1006216,Student,occasional,18,18279,297.0,Budget,2,0.35,Bakery,3.9,0.06,Kengeri
1006217,Office Worker,occasional,37,66236,615.0,Mid-range,1,0.2,Casual Dining,11.2,0.06,Cunningham Road
1006218,Family,regular,22,127264,733.0,Mid-range,5,0.15,Dessert Parlor,5.8,0.03,MG Road
1006219,Student,occasional,24,31607,303.0,Budget,1,0.35,Quick Bites,24.7,0.06,Bellandur
1006220,Office Worker,occasional,24,57064,544.0,Mid-range,2,0.2,Casual Dining,8.7,0.06,Residency Road
1006221,Office Worker,regular,33,86242,340.0,Budget,1,0.2,Cafe,7.1,0.03,Bannerghatta Road
1006222,Student,occasional,20,14755,292.0,Budget,1,0.35,Bakery,23.7,0.06,BTM
1006223,Family,occasional,23,83341,981.0,Mid-range,3,0.15,Fine Dining,18.1,0.06,Brigade Road
1006224,Student,trial_only,20,19779,283.0,Budget,1,0.35,Dessert Parlor,44.1,0.15,MG Road
1006225,Office Worker,regular,23,37010,402.0,Budget,2,0.2,Food Court,10.0,0.03,Sarjapur Road
1006226,Student,regular,22,10722,389.0,Budget,2,0.35,Cafe,15.2,0.03,Brigade Road
1006227,Office Worker,trial_only,38,52276,590.0,Mid-range,1,0.2,Casual Dining,14.6,0.15,Kaggadasapura
1006228,Office Worker,trial_only,28,62243,606.0,Mid-range,3,0.2,Cafe,68.1,0.15,BTM
1006229,Office Worker,regular,30,46664,383.0,Budget,3,0.2,Quick Bites,2.6,0.03,Marathahalli
1006230,Office Worker,trial_only,25,46263,392.0,Budget,1,0.2,Casual Dining,6.5,0.15,Koramangala 5th Block
1006231,Food Explorer,regular,31,47778,482.0,Budget,1,0.7,Meat Shop,9.8,0.03,Marathahalli
1006232,Office Worker,trial_only,40,36741,522.0,Mid-range,1,0.2,Casual Dining,13.4,0.15,Jayanagar
1006233,Couple,regular,35,138325,841.0,Mid-range,3,0.3,Microbrewery,5.1,0.03,BTM
1006234,Student,regular,24,11646,209.0,Budget,1,0.35,Cafe,7.1,0.03,HSR
1006235,Office Worker,trial_only,37,72157,379.0,Budget,1,0.2,Cafe,15.4,0.15,Banaswadi
1006236,Student,power_user,18,27861,225.0,Budget,2,0.35,Quick Bites,2.7,0.01,Bannerghatta Road
1006237,Office Worker,trial_only,23,42197,538.0,Mid-range,1,0.2,Food Court,27.3,0.15,Vasanth Nagar
1006238,Family,occasional,33,89681,963.0,Mid-range,3,0.15,Food Court,3.8,0.06,Rammurthy Nagar
1006239,Couple,regular,44,86761,1055.0,Premium,2,0.3,Lounge,2.0,0.03,Ejipura
1006240,Family,trial_only,26,139056,761.0,Mid-range,3,0.15,Casual Dining,75.7,0.15,MG Road
1006241,Family,occasional,21,64397,292.0,Budget,3,0.15,Fine Dining,19.5,0.06,Koramangala 6th Block
1006242,Student,trial_only,24,30388,263.0,Budget,1,0.35,Quick Bites,41.0,0.15,Basavanagudi
1006243,Student,trial_only,19,18522,400.0,Budget,2,0.35,Quick Bites,18.2,0.15,BTM
1006244,Couple,power_user,31,99999,1046.0,Premium,1,0.3,Cafe,0.5,0.01,HSR
1006245,Student,regular,23,32747,213.0,Budget,2,0.35,Quick Bites,6.3,0.03,BTM
1006246,Student,regular,18,13326,410.0,Budget,3,0.35,Beverage Shop,6.6,0.03,Rajajinagar
1006247,Food Explorer,occasional,25,115810,321.0,Budget,1,0.7,Mess,21.7,0.06,Koramangala 5th Block
1006248,Food Explorer,power_user,35,89164,987.0,Mid-range,2,0.7,Meat Shop,2.8,0.01,Jeevan Bhima Nagar
1006249,Family,regular,20,111221,1378.0,Premium,2,0.15,Cafe,11.9,0.03,Koramangala 4th Block
1006250,Office Worker,trial_only,35,34296,439.0,Budget,2,0.2,Casual Dining,7.7,0.15,Sankey Road
1006251,Couple,regular,35,56757,1573.0,Premium,3,0.3,Microbrewery,2.1,0.03,Basavanagudi
1006252,Student,occasional,19,30429,166.0,Budget,1,0.35,Cafe,13.8,0.06,BTM
1006253,Office Worker,occasional,34,54116,279.0,Budget,1,0.2,Quick Bites,19.0,0.06,Koramangala 1st Block
1006254,Office Worker,power_user,28,75693,370.0,Budget,1,0.2,Cafe,1.7,0.01,Koramangala 5th Block
1006255,Food Explorer,regular,40,106663,806.0,Mid-range,2,0.7,Food Truck,1.7,0.03,BTM
1006256,Food Explorer,regular,29,72167,600.0,Mid-range,1,0.7,Kiosk,7.2,0.03,Koramangala 4th Block
1006257,Family,occasional,46,97968,763.0,Mid-range,5,0.15,Casual Dining,19.4,0.06,Jayanagar
1006258,Student,power_user,19,16727,197.0,Budget,2,0.35,Cafe,5.5,0.01,Electronic City
1006259,Office Worker,trial_only,38,68199,437.0,Budget,1,0.2,Quick Bites,7.2,0.15,Electronic City
1006260,Student,trial_only,20,27739,249.0,Budget,1,0.35,Bakery,45.1,0.15,HSR
1006261,Couple,power_user,35,84953,923.0,Mid-range,2,0.3,Fine Dining,1.5,0.01,BTM
1006262,Student,trial_only,23,24180,219.0,Budget,1,0.35,Dessert Parlor,47.3,0.15,Wilson Garden
1006263,Student,trial_only,24,23496,315.0,Budget,1,0.35,Cafe,97.2,0.15,Jayanagar
1006264,Family,power_user,47,77411,656.0,Mid-range,2,0.15,Food Court,2.5,0.01,BTM
1006265,Office Worker,trial_only,35,61541,449.0,Budget,2,0.2,Quick Bites,14.8,0.15,Marathahalli
1006266,Couple,regular,39,125919,669.0,Mid-range,2,0.3,Fine Dining,5.4,0.03,Kalyan Nagar
1006267,Student,occasional,20,34052,340.0,Budget,1,0.35,Dessert Parlor,18.2,0.06,Koramangala 6th Block
1006268,Couple,regular,39,83397,1272.0,Premium,5,0.3,Fine Dining,1.2,0.03,Indiranagar
1006269,Student,trial_only,22,15966,281.0,Budget,1,0.35,Dessert Parlor,23.9,0.15,Whitefield
1006270,Student,trial_only,21,32347,313.0,Budget,1,0.35,Beverage Shop,15.4,0.15,Banashankari
1006271,Office Worker,trial_only,28,85171,543.0,Mid-range,2,0.2,Casual Dining,8.0,0.15,Marathahalli
1006272,Student,trial_only,20,30737,184.0,Budget,1,0.35,Dessert Parlor,27.8,0.15,Koramangala 4th Block
1006273,Family,power_user,24,100250,813.0,Mid-range,4,0.15,Casual Dining,5.5,0.01,Whitefield
1006274,Student,occasional,23,16895,196.0,Budget,1,0.35,Dessert Parlor,6.8,0.06,Jayanagar
1006275,Student,regular,18,25621,307.0,Budget,1,0.35,Cafe,8.0,0.03,Lavelle Road
1006276,Family,regular,24,90630,748.0,Mid-range,3,0.15,Casual Dining,8.7,0.03,Koramangala 6th Block
1006277,Student,regular,20,29235,298.0,Budget,2,0.35,Beverage Shop,6.8,0.03,Marathahalli
1006278,Family,trial_only,25,107747,970.0,Mid-range,1,0.15,Fine Dining,2.3,0.15,JP Nagar
1006279,Family,occasional,46,99253,964.0,Mid-range,4,0.15,Fine Dining,8.9,0.06,Koramangala 4th Block
1006280,Student,power_user,18,30112,387.0,Budget,1,0.35,Cafe,0.9,0.01,Bannerghatta Road
1006281,Couple,trial_only,34,85510,1081.0,Premium,1,0.3,Cafe,51.6,0.15,Jayanagar
1006282,Office Worker,trial_only,36,37839,520.0,Mid-range,1,0.2,Casual Dining,13.9,0.15,Banashankari
1006283,Office Worker,regular,33,77695,501.0,Mid-range,1,0.2,Quick Bites,9.7,0.03,Koramangala 4th Block
1006284,Student,occasional,22,17901,270.0,Budget,1,0.35,Dessert Parlor,9.4,0.06,JP Nagar
1006285,Couple,occasional,31,115527,1235.0,Premium,5,0.3,Lounge,11.0,0.06,Banaswadi
1006286,Family,occasional,36,139093,774.0,Mid-range,2,0.15,Casual Dining,17.2,0.06,New BEL Road
1006287,Office Worker,occasional,36,34984,589.0,Mid-range,1,0.2,Casual Dining,4.0,0.06,Ulsoor
1006288,Food Explorer,occasional,31,42679,803.0,Mid-range,1,0.7,Quick Bites,11.3,0.06,Ulsoor
1006289,Office Worker,power_user,35,79223,416.0,Budget,1,0.2,Quick Bites,1.4,0.01,Indiranagar
1006290,Couple,occasional,42,55590,1078.0,Premium,1,0.3,Fine Dining,24.4,0.06,Bannerghatta Road
1006291,Family,regular,28,99822,992.0,Mid-range,4,0.15,Casual Dining,15.9,0.03,Cunningham Road
1006292,Food Explorer,regular,24,100974,935.0,Mid-range,1,0.7,Food Court,10.9,0.03,Shanti Nagar
1006293,Food Explorer,regular,30,54217,679.0,Mid-range,1,0.7,Food Truck,15.7,0.03,Cunningham Road
1006294,Food Explorer,occasional,29,81787,765.0,Mid-range,1,0.7,Dessert Parlor,3.1,0.06,Cunningham Road
1006295,Student,regular,19,12890,404.0,Budget,3,0.35,Bakery,4.7,0.03,Shanti Nagar
1006296,Couple,regular,40,105760,1148.0,Premium,1,0.3,Fine Dining,6.2,0.03,Koramangala 1st Block
1006297,Couple,regular,37,121354,1225.0,Premium,4,0.3,Cafe,2.5,0.03,Jayanagar
1006298,Family,trial_only,43,89863,897.0,Mid-range,5,0.15,Cafe,40.5,0.15,HBR Layout
1006299,Office Worker,regular,35,46908,407.0,Budget,3,0.2,Quick Bites,11.2,0.03,Brookefield
1006300,Food Explorer,regular,30,82543,1025.0,Premium,1,0.7,Mess,8.2,0.03,BTM
1006301,Student,regular,21,29783,265.0,Budget,1,0.35,Cafe,3.5,0.03,Koramangala 5th Block
1006302,Office Worker,occasional,27,62700,456.0,Budget,1,0.2,Quick Bites,5.7,0.06,Richmond Road
1006303,Office Worker,regular,36,72093,642.0,Mid-range,1,0.2,Quick Bites,11.9,0.03,Banaswadi
1006304,Student,regular,24,20344,151.0,Budget,1,0.35,Bakery,3.6,0.03,HSR
1006305,Family,trial_only,51,75448,843.0,Mid-range,3,0.15,Casual Dining,63.9,0.15,Koramangala 6th Block
1006306,Student,occasional,20,34111,247.0,Budget,1,0.35,Beverage Shop,4.7,0.06,Koramangala 6th Block
1006307,Family,occasional,21,155559,800.0,Mid-range,1,0.15,Fine Dining,27.9,0.06,Bannerghatta Road
1006308,Couple,occasional,43,54926,838.0,Mid-range,3,0.3,Lounge,7.1,0.06,Koramangala 6th Block
1006309,Office Worker,trial_only,33,46557,413.0,Budget,1,0.2,Casual Dining,14.5,0.15,BTM
1006310,Family,trial_only,48,109791,805.0,Mid-range,3,0.15,Food Court,4.1,0.15,Bannerghatta Road
1006311,Student,occasional,20,12038,319.0,Budget,2,0.35,Quick Bites,4.0,0.06,Koramangala 5th Block
1006312,Couple,occasional,42,135749,1469.0,Premium,3,0.3,Fine Dining,18.1,0.06,Ulsoor
1006313,Food Explorer,trial_only,37,53815,100.0,Budget,1,0.7,Quick Bites,41.0,0.15,Koramangala 6th Block
1006314,Student,trial_only,18,15156,290.0,Budget,1,0.35,Quick Bites,189.2,0.15,BTM
1006315,Family,power_user,40,98008,765.0,Mid-range,5,0.15,Fine Dining,3.9,0.01,Infantry Road
1006316,Office Worker,trial_only,31,86100,444.0,Budget,1,0.2,Delivery,46.6,0.15,Bannerghatta Road
1006317,Office Worker,occasional,34,43554,453.0,Budget,1,0.2,Food Court,7.0,0.06,JP Nagar
1006318,Family,occasional,29,111059,634.0,Mid-range,5,0.15,Cafe,7.2,0.06,Koramangala 1st Block
1006319,Office Worker,regular,24,70941,295.0,Budget,1,0.2,Quick Bites,5.8,0.03,Ulsoor
1006320,Family,regular,29,78792,843.0,Mid-range,4,0.15,Fine Dining,5.4,0.03,Seshadripuram
1006321,Student,trial_only,21,12225,220.0,Budget,2,0.35,Dessert Parlor,30.9,0.15,Basaveshwara Nagar
1006322,Office Worker,occasional,27,35586,490.0,Budget,1,0.2,Casual Dining,2.7,0.06,Frazer Town
1006323,Couple,regular,34,68366,919.0,Mid-range,5,0.3,Lounge,15.5,0.03,Brookefield
1006324,Student,occasional,20,18177,355.0,Budget,2,0.35,Food Court,29.4,0.06,Jayanagar
1006325,Family,regular,44,172886,789.0,Mid-range,5,0.15,Fine Dining,1.5,0.03,Jayanagar
1006326,Student,occasional,20,32994,301.0,Budget,1,0.35,Cafe,7.6,0.06,Jayanagar
1006327,Couple,occasional,27,106921,1126.0,Premium,1,0.3,Lounge,20.4,0.06,Marathahalli
1006328,Family,occasional,42,172692,719.0,Mid-range,3,0.15,Casual Dining,24.0,0.06,Koramangala 4th Block
1006329,Office Worker,regular,26,31733,427.0,Budget,1,0.2,Cafe,17.0,0.03,Brigade Road
1006330,Student,power_user,20,24082,395.0,Budget,1,0.35,Cafe,2.1,0.01,Jayanagar
1006331,Office Worker,regular,35,56650,297.0,Budget,3,0.2,Cafe,3.1,0.03,Banaswadi
1006332,Food Explorer,occasional,27,49455,438.0,Budget,1,0.7,Food Court,5.6,0.06,Hosur Road
1006333,Office Worker,trial_only,24,63187,556.0,Mid-range,2,0.2,Casual Dining,7.6,0.15,Koramangala 7th Block
1006334,Office Worker,occasional,29,57396,532.0,Mid-range,2,0.2,Quick Bites,31.0,0.06,Jayanagar
1006335,Family,occasional,33,151618,1069.0,Premium,4,0.15,Fine Dining,3.1,0.06,Brookefield
1006336,Office Worker,regular,35,55065,444.0,Budget,2,0.2,Food Court,14.4,0.03,Koramangala 5th Block
1006337,Office Worker,regular,35,55748,318.0,Budget,1,0.2,Casual Dining,4.5,0.03,Koramangala 4th Block
1006338,Office Worker,trial_only,23,43864,339.0,Budget,1,0.2,Cafe,36.6,0.15,Indiranagar
1006339,Student,occasional,23,21812,276.0,Budget,2,0.35,Dessert Parlor,16.6,0.06,Koramangala 5th Block
1006340,Family,regular,46,69123,952.0,Mid-range,3,0.15,Fine Dining,1.7,0.03,Koramangala 7th Block
1006341,Couple,occasional,27,106636,1124.0,Premium,4,0.3,Microbrewery,6.0,0.06,HSR
1006342,Food Explorer,occasional,28,70526,517.0,Mid-range,2,0.7,Sweet Shop,28.8,0.06,Koramangala 7th Block
1006343,Couple,regular,40,77368,1319.0,Premium,1,0.3,Pub,5.5,0.03,Domlur
1006344,Office Worker,power_user,33,52311,453.0,Budget,1,0.2,Casual Dining,9.2,0.01,Residency Road
1006345,Office Worker,occasional,29,83514,406.0,Budget,1,0.2,Quick Bites,7.1,0.06,Banashankari
1006346,Family,power_user,47,144478,600.0,Mid-range,4,0.15,Casual Dining,3.3,0.01,BTM
1006347,Food Explorer,regular,34,108193,837.0,Mid-range,1,0.7,Food Truck,2.2,0.03,BTM
1006348,Family,trial_only,38,107307,1010.0,Premium,4,0.15,Casual Dining,45.2,0.15,Church Street
1006349,Office Worker,trial_only,23,53617,344.0,Budget,2,0.2,Delivery,28.0,0.15,New BEL Road
1006350,Family,regular,43,61576,719.0,Mid-range,2,0.15,Dessert Parlor,1.4,0.03,HSR
1006351,Couple,power_user,27,118217,1400.0,Premium,1,0.3,Fine Dining,3.5,0.01,Koramangala 1st Block
1006352,Food Explorer,occasional,39,41601,316.0,Budget,1,0.7,Irani Cafe,23.6,0.06,Infantry Road
1006353,Couple,regular,28,147236,1310.0,Premium,4,0.3,Fine Dining,6.3,0.03,Rajajinagar
1006354,Office Worker,trial_only,23,71251,417.0,Budget,1,0.2,Food Court,19.6,0.15,Bellandur
1006355,Office Worker,occasional,29,57934,328.0,Budget,1,0.2,Casual Dining,11.4,0.06,Bannerghatta Road
1006356,Office Worker,regular,29,69647,628.0,Mid-range,2,0.2,Quick Bites,10.1,0.03,Koramangala 1st Block
1006357,Office Worker,occasional,29,89621,416.0,Budget,2,0.2,Food Court,23.3,0.06,BTM
1006358,Food Explorer,regular,39,52828,731.0,Mid-range,1,0.7,Pop Up,5.3,0.03,Banashankari
1006359,Office Worker,occasional,27,74758,338.0,Budget,1,0.2,Casual Dining,4.7,0.06,Bellandur
1006360,Office Worker,trial_only,38,81974,605.0,Mid-range,1,0.2,Casual Dining,52.0,0.15,HSR
1006361,Office Worker,regular,25,65185,645.0,Mid-range,1,0.2,Casual Dining,8.5,0.03,BTM
1006362,Family,regular,42,139515,500.0,Budget,2,0.15,Dessert Parlor,2.2,0.03,Ulsoor
1006363,Office Worker,trial_only,25,60361,434.0,Budget,1,0.2,Casual Dining,25.2,0.15,Koramangala 4th Block
1006364,Student,occasional,19,13851,406.0,Budget,1,0.35,Cafe,11.4,0.06,Banaswadi
1006365,Couple,regular,27,148099,1059.0,Premium,1,0.3,Fine Dining,6.6,0.03,HSR
1006366,Office Worker,power_user,28,47257,491.0,Budget,1,0.2,Food Court,1.9,0.01,BTM
1006367,Office Worker,regular,31,53136,282.0,Budget,1,0.2,Quick Bites,11.6,0.03,Shanti Nagar
1006368,Student,occasional,24,34342,237.0,Budget,1,0.35,Cafe,17.1,0.06,HSR
1006369,Family,regular,47,66797,861.0,Mid-range,3,0.15,Casual Dining,4.6,0.03,HSR
1006370,Family,regular,45,108929,682.0,Mid-range,2,0.15,Casual Dining,12.1,0.03,Kumaraswamy Layout
1006371,Couple,regular,34,105590,1092.0,Premium,1,0.3,Lounge,5.2,0.03,HSR
1006372,Student,occasional,19,15919,179.0,Budget,2,0.35,Dessert Parlor,24.1,0.06,Electronic City
1006373,Food Explorer,trial_only,27,93607,764.0,Mid-range,1,0.7,Pop Up,54.3,0.15,Ejipura
1006374,Family,occasional,24,122896,532.0,Mid-range,2,0.15,Fine Dining,9.4,0.06,Whitefield
1006375,Office Worker,occasional,34,45725,604.0,Mid-range,1,0.2,Delivery,1.5,0.06,Bellandur
1006376,Student,trial_only,23,15138,245.0,Budget,1,0.35,Cafe,28.4,0.15,Koramangala 2nd Block
1006377,Office Worker,regular,32,47199,530.0,Mid-range,1,0.2,Quick Bites,8.5,0.03,Indiranagar
1006378,Couple,regular,36,129172,1411.0,Premium,2,0.3,Fine Dining,11.3,0.03,Banaswadi
1006379,Office Worker,power_user,29,61255,351.0,Budget,1,0.2,Quick Bites,0.5,0.01,Banashankari
1006380,Office Worker,regular,40,77658,392.0,Budget,1,0.2,Casual Dining,10.3,0.03,Frazer Town
1006381,Family,trial_only,51,146205,709.0,Mid-range,2,0.15,Fine Dining,8.7,0.15,Marathahalli
1006382,Couple,regular,32,130085,1083.0,Premium,1,0.3,Cafe,21.4,0.03,Frazer Town
1006383,Family,trial_only,47,162609,540.0,Mid-range,2,0.15,Casual Dining,26.8,0.15,Sarjapur Road
1006384,Couple,power_user,31,111727,1360.0,Premium,1,0.3,Fine Dining,6.1,0.01,Domlur
1006385,Student,occasional,18,19007,245.0,Budget,1,0.35,Cafe,38.6,0.06,Indiranagar
1006386,Couple,regular,30,119405,1166.0,Premium,1,0.3,Cafe,13.6,0.03,BTM
1006387,Office Worker,regular,38,86669,551.0,Mid-range,1,0.2,Food Court,16.3,0.03,Jayanagar
1006388,Student,regular,21,18035,346.0,Budget,2,0.35,Bakery,12.2,0.03,Residency Road
1006389,Food Explorer,occasional,38,79010,445.0,Budget,2,0.7,Casual Dining,20.8,0.06,Brigade Road
1006390,Student,occasional,20,31973,383.0,Budget,1,0.35,Cafe,17.9,0.06,Koramangala 7th Block
1006391,Student,trial_only,21,24933,353.0,Budget,2,0.35,Quick Bites,81.9,0.15,Koramangala 5th Block
1006392,Family,trial_only,22,77299,659.0,Mid-range,4,0.15,Food Court,30.3,0.15,Koramangala 5th Block
1006393,Office Worker,occasional,37,51032,399.0,Budget,1,0.2,Cafe,35.4,0.06,Koramangala 5th Block
1006394,Student,trial_only,20,16362,380.0,Budget,1,0.35,Cafe,27.4,0.15,Bellandur
1006395,Family,power_user,23,117294,956.0,Mid-range,4,0.15,Casual Dining,3.3,0.01,Koramangala 7th Block
1006396,Couple,regular,28,149269,749.0,Mid-range,2,0.3,Cafe,11.9,0.03,Nagawara
1006397,Couple,regular,38,133935,898.0,Mid-range,2,0.3,Microbrewery,13.9,0.03,Indiranagar
1006398,Student,occasional,23,34010,356.0,Budget,2,0.35,Cafe,10.9,0.06,HSR
1006399,Family,occasional,54,148981,565.0,Mid-range,8,0.15,Casual Dining,22.1,0.06,Electronic City
1006400,Couple,occasional,29,100762,1441.0,Premium,3,0.3,Fine Dining,21.4,0.06,Koramangala 7th Block
1006401,Student,trial_only,22,26497,455.0,Budget,1,0.35,Cafe,11.0,0.15,Koramangala 4th Block
1006402,Student,regular,21,22478,330.0,Budget,1,0.35,Quick Bites,10.0,0.03,Old Airport Road
1006403,Student,trial_only,23,11025,226.0,Budget,2,0.35,Cafe,69.8,0.15,Bellandur
1006404,Office Worker,occasional,35,37009,468.0,Budget,1,0.2,Quick Bites,5.3,0.06,BTM
1006405,Student,occasional,18,23871,383.0,Budget,2,0.35,Cafe,8.1,0.06,Commercial Street
1006406,Family,regular,25,139158,820.0,Mid-range,4,0.15,Food Court,6.3,0.03,Bannerghatta Road
1006407,Food Explorer,regular,33,60291,721.0,Mid-range,1,0.7,Fine Dining,1.8,0.03,BTM
1006408,Student,regular,21,10775,236.0,Budget,1,0.35,Bakery,9.8,0.03,Indiranagar
1006409,Family,occasional,51,68375,655.0,Mid-range,4,0.15,Casual Dining,6.2,0.06,Electronic City
1006410,Student,occasional,23,17858,372.0,Budget,2,0.35,Dessert Parlor,4.0,0.06,Thippasandra
1006411,Student,regular,18,31529,243.0,Budget,1,0.35,Cafe,10.9,0.03,BTM
1006412,Couple,occasional,36,91839,424.0,Budget,1,0.3,Fine Dining,13.5,0.06,Old Airport Road
1006413,Office Worker,occasional,30,88404,419.0,Budget,1,0.2,Casual Dining,5.9,0.06,BTM
1006414,Food Explorer,trial_only,31,111519,679.0,Mid-range,2,0.7,Delivery,17.3,0.15,MG Road
1006415,Office Worker,occasional,24,81499,556.0,Mid-range,1,0.2,Delivery,30.2,0.06,Koramangala 5th Block
1006416,Student,occasional,23,34212,432.0,Budget,1,0.35,Dessert Parlor,15.2,0.06,Jayanagar
1006417,Office Worker,occasional,25,44526,458.0,Budget,2,0.2,Quick Bites,16.9,0.06,Cunningham Road
1006418,Student,occasional,24,34350,353.0,Budget,2,0.35,Cafe,4.3,0.06,Koramangala 4th Block
1006419,Couple,regular,44,142387,1236.0,Premium,2,0.3,Cafe,5.6,0.03,Shanti Nagar
1006420,Family,regular,49,155861,871.0,Mid-range,4,0.15,Casual Dining,10.2,0.03,Whitefield
1006421,Office Worker,trial_only,25,41554,431.0,Budget,1,0.2,Quick Bites,9.5,0.15,Koramangala 1st Block
1006422,Office Worker,occasional,30,47400,489.0,Budget,2,0.2,Casual Dining,5.1,0.06,JP Nagar
1006423,Family,occasional,20,138280,654.0,Mid-range,3,0.15,Cafe,6.5,0.06,Shivajinagar
1006424,Couple,occasional,37,54535,1794.0,Premium,3,0.3,Microbrewery,23.7,0.06,Koramangala 6th Block
1006425,Student,occasional,24,30541,109.0,Budget,2,0.35,Cafe,5.5,0.06,Koramangala 7th Block
1006426,Student,regular,21,20640,346.0,Budget,2,0.35,Quick Bites,6.1,0.03,Indiranagar
1006427,Student,regular,18,10541,326.0,Budget,2,0.35,Cafe,1.7,0.03,HSR
1006428,Office Worker,regular,28,47844,487.0,Budget,1,0.2,Quick Bites,2.4,0.03,Koramangala 7th Block
1006429,Office Worker,regular,26,53705,332.0,Budget,3,0.2,Casual Dining,9.8,0.03,Koramangala 5th Block
1006430,Student,power_user,21,26380,166.0,Budget,2,0.35,Cafe,5.3,0.01,BTM
1006431,Office Worker,occasional,29,66136,511.0,Mid-range,1,0.2,Quick Bites,10.0,0.06,Frazer Town
1006432,Office Worker,regular,37,52263,584.0,Mid-range,1,0.2,Quick Bites,1.6,0.03,Frazer Town
1006433,Student,trial_only,19,25485,318.0,Budget,1,0.35,Quick Bites,26.4,0.15,BTM
1006434,Food Explorer,trial_only,27,111261,801.0,Mid-range,1,0.7,Cafe,31.2,0.15,Church Street
1006435,Family,regular,28,102018,708.0,Mid-range,3,0.15,Cafe,2.5,0.03,Vasanth Nagar
1006436,Office Worker,occasional,39,52442,483.0,Budget,1,0.2,Casual Dining,10.8,0.06,Domlur
1006437,Office Worker,occasional,28,36098,573.0,Mid-range,1,0.2,Cafe,4.5,0.06,JP Nagar
1006438,Office Worker,trial_only,40,52680,419.0,Budget,1,0.2,Casual Dining,7.1,0.15,Brookefield
1006439,Couple,occasional,38,78401,1556.0,Premium,1,0.3,Cafe,10.6,0.06,Richmond Road
1006440,Family,regular,31,151095,473.0,Budget,5,0.15,Casual Dining,3.2,0.03,Kalyan Nagar
1006441,Office Worker,regular,33,36784,389.0,Budget,1,0.2,Food Court,13.7,0.03,BTM
1006442,Food Explorer,trial_only,24,87202,736.0,Mid-range,1,0.7,Dhaba,48.1,0.15,Bellandur
1006443,Couple,regular,43,127219,1771.0,Premium,2,0.3,Cafe,6.3,0.03,BTM
1006444,Couple,trial_only,45,75529,1204.0,Premium,2,0.3,Fine Dining,11.2,0.15,Hosur Road
1006445,Student,regular,20,11692,217.0,Budget,2,0.35,Quick Bites,12.6,0.03,Whitefield
1006446,Student,occasional,19,26917,450.0,Budget,2,0.35,Cafe,16.0,0.06,HBR Layout
1006447,Family,occasional,35,130604,775.0,Mid-range,3,0.15,Casual Dining,16.3,0.06,Banaswadi
1006448,Office Worker,regular,36,63780,516.0,Mid-range,1,0.2,Quick Bites,4.6,0.03,JP Nagar
1006449,Family,regular,42,165560,733.0,Mid-range,4,0.15,Fine Dining,11.3,0.03,Bellandur
1006450,Couple,regular,24,60406,1243.0,Premium,3,0.3,Fine Dining,4.3,0.03,Koramangala 4th Block
1006451,Office Worker,occasional,23,41865,394.0,Budget,2,0.2,Casual Dining,2.4,0.06,BTM
1006452,Office Worker,occasional,27,58036,676.0,Mid-range,1,0.2,Food Court,3.9,0.06,Koramangala 6th Block
1006453,Office Worker,regular,36,63725,569.0,Mid-range,2,0.2,Quick Bites,20.3,0.03,Jayanagar
1006454,Office Worker,occasional,27,85123,627.0,Mid-range,1,0.2,Casual Dining,6.9,0.06,BTM
1006455,Family,power_user,52,134240,642.0,Mid-range,3,0.15,Cafe,6.8,0.01,Richmond Road
1006456,Family,occasional,30,85415,435.0,Budget,4,0.15,Casual Dining,7.2,0.06,Koramangala 6th Block
1006457,Office Worker,occasional,39,81112,421.0,Budget,1,0.2,Cafe,13.6,0.06,Rajajinagar
1006458,Family,trial_only,53,109754,1303.0,Premium,5,0.15,Fine Dining,56.8,0.15,St. Marks Road
1006459,Office Worker,trial_only,36,82095,418.0,Budget,1,0.2,Casual Dining,35.0,0.15,Koramangala 5th Block
1006460,Family,regular,26,93114,1010.0,Premium,5,0.15,Dessert Parlor,5.9,0.03,MG Road
1006461,Student,regular,18,29785,218.0,Budget,2,0.35,Quick Bites,5.7,0.03,Indiranagar
1006462,Family,trial_only,26,124430,634.0,Mid-range,4,0.15,Casual Dining,43.2,0.15,Koramangala 6th Block
1006463,Family,regular,42,126676,784.0,Mid-range,4,0.15,Fine Dining,4.8,0.03,Koramangala 5th Block
1006464,Office Worker,power_user,35,88507,661.0,Mid-range,1,0.2,Casual Dining,8.5,0.01,Whitefield
1006465,Family,regular,55,78504,1020.0,Premium,3,0.15,Fine Dining,1.4,0.03,Rajajinagar
1006466,Couple,occasional,44,80985,584.0,Mid-range,1,0.3,Lounge,7.5,0.06,JP Nagar
1006467,Student,occasional,20,14575,353.0,Budget,1,0.35,Dessert Parlor,6.7,0.06,Marathahalli
1006468,Family,trial_only,34,159941,570.0,Mid-range,4,0.15,Fine Dining,22.3,0.15,Cunningham Road
1006469,Food Explorer,regular,36,108041,430.0,Budget,1,0.7,Food Court,7.2,0.03,Whitefield
1006470,Couple,regular,41,133830,1353.0,Premium,3,0.3,Cafe,23.8,0.03,Koramangala 7th Block
1006471,Office Worker,regular,28,44289,590.0,Mid-range,1,0.2,Cafe,4.1,0.03,Koramangala 5th Block
1006472,Family,occasional,21,91130,1070.0,Premium,2,0.15,Food Court,20.6,0.06,JP Nagar
1006473,Food Explorer,regular,23,72173,683.0,Mid-range,2,0.7,Confectionery,2.4,0.03,JP Nagar
1006474,Family,trial_only,49,152713,869.0,Mid-range,4,0.15,Casual Dining,8.4,0.15,Whitefield
1006475,Student,occasional,20,28783,408.0,Budget,2,0.35,Food Court,21.3,0.06,HSR
1006476,Student,occasional,23,34704,174.0,Budget,2,0.35,Cafe,15.3,0.06,Sarjapur Road
1006477,Couple,trial_only,41,128439,1748.0,Premium,1,0.3,Lounge,12.1,0.15,Bellandur
1006478,Office Worker,occasional,39,87242,376.0,Budget,1,0.2,Casual Dining,13.9,0.06,BTM
1006479,Student,occasional,21,16655,321.0,Budget,4,0.35,Cafe,6.9,0.06,BTM
1006480,Office Worker,regular,34,66345,400.0,Budget,1,0.2,Casual Dining,11.1,0.03,Brookefield
1006481,Couple,trial_only,28,103301,853.0,Mid-range,1,0.3,Lounge,24.9,0.15,Lavelle Road
1006482,Office Worker,trial_only,39,39104,496.0,Budget,1,0.2,Casual Dining,4.9,0.15,CV Raman Nagar
1006483,Couple,occasional,43,144704,1271.0,Premium,2,0.3,Fine Dining,31.4,0.06,BTM
1006484,Family,regular,34,74321,779.0,Mid-range,2,0.15,Fine Dining,13.5,0.03,Koramangala 1st Block
1006485,Food Explorer,trial_only,28,108390,562.0,Mid-range,1,0.7,Sweet Shop,36.5,0.15,BTM
1006486,Couple,trial_only,40,76682,1658.0,Premium,3,0.3,Pub,12.3,0.15,Koramangala 6th Block
1006487,Office Worker,occasional,30,43295,669.0,Mid-range,1,0.2,Quick Bites,1.3,0.06,Banashankari
1006488,Family,trial_only,46,132158,1051.0,Premium,2,0.15,Casual Dining,35.3,0.15,Koramangala 7th Block
1006489,Student,occasional,18,21685,322.0,Budget,1,0.35,Quick Bites,23.6,0.06,JP Nagar
1006490,Food Explorer,regular,27,70898,191.0,Budget,2,0.7,Quick Bites,2.1,0.03,Bellandur
1006491,Office Worker,occasional,37,84197,513.0,Mid-range,1,0.2,Quick Bites,18.5,0.06,Electronic City
1006492,Family,power_user,53,143883,934.0,Mid-range,6,0.15,Cafe,1.4,0.01,Wilson Garden
1006493,Couple,occasional,24,110889,1431.0,Premium,1,0.3,Fine Dining,20.1,0.06,Whitefield
1006494,Student,occasional,23,29695,209.0,Budget,1,0.35,Dessert Parlor,4.6,0.06,Brigade Road
1006495,Couple,regular,25,130323,1455.0,Premium,2,0.3,Lounge,10.1,0.03,Old Airport Road
1006496,Student,regular,24,14510,425.0,Budget,2,0.35,Quick Bites,6.2,0.03,Marathahalli
1006497,Office Worker,occasional,27,56482,352.0,Budget,1,0.2,Casual Dining,3.6,0.06,Bannerghatta Road
1006498,Office Worker,occasional,29,84318,518.0,Mid-range,1,0.2,Quick Bites,5.5,0.06,JP Nagar
1006499,Office Worker,trial_only,35,78864,369.0,Budget,1,0.2,Quick Bites,45.1,0.15,Banashankari
1006500,Family,regular,50,67268,779.0,Mid-range,3,0.15,Casual Dining,4.3,0.03,Marathahalli
1006501,Food Explorer,trial_only,29,59701,363.0,Budget,2,0.7,Pub,6.0,0.15,New BEL Road
1006502,Office Worker,regular,28,45895,415.0,Budget,1,0.2,Quick Bites,5.8,0.03,Ulsoor
1006503,Family,regular,55,121602,731.0,Mid-range,5,0.15,Casual Dining,4.3,0.03,Sarjapur Road
1006504,Couple,occasional,45,131480,1324.0,Premium,1,0.3,Cafe,15.0,0.06,Malleshwaram
1006505,Couple,regular,35,98307,1467.0,Premium,2,0.3,Cafe,14.0,0.03,BTM
1006506,Student,occasional,18,14593,397.0,Budget,1,0.35,Quick Bites,8.0,0.06,JP Nagar
1006507,Food Explorer,regular,40,84586,437.0,Budget,1,0.7,Meat Shop,2.4,0.03,Marathahalli
1006508,Student,regular,22,15503,329.0,Budget,3,0.35,Dessert Parlor,2.3,0.03,Rajajinagar
1006509,Family,occasional,39,141371,580.0,Mid-range,3,0.15,Fine Dining,31.1,0.06,BTM
1006510,Family,regular,24,177079,778.0,Mid-range,6,0.15,Dessert Parlor,1.0,0.03,Jayanagar
1006511,Couple,regular,45,113235,1213.0,Premium,1,0.3,Cafe,7.1,0.03,Malleshwaram
1006512,Student,regular,23,32810,226.0,Budget,2,0.35,Cafe,5.1,0.03,Ulsoor
1006513,Student,regular,19,23611,345.0,Budget,2,0.35,Cafe,8.9,0.03,Kammanahalli
1006514,Couple,occasional,32,131276,1153.0,Premium,2,0.3,Lounge,14.9,0.06,Bannerghatta Road
1006515,Student,regular,20,33503,312.0,Budget,1,0.35,Quick Bites,6.1,0.03,Whitefield
1006516,Office Worker,occasional,38,40428,572.0,Mid-range,1,0.2,Casual Dining,25.1,0.06,Electronic City
1006517,Family,occasional,37,139878,714.0,Mid-range,4,0.15,Casual Dining,16.3,0.06,Jayanagar
1006518,Family,occasional,51,90616,970.0,Mid-range,2,0.15,Casual Dining,12.5,0.06,Jayanagar
1006519,Student,occasional,22,12116,415.0,Budget,1,0.35,Cafe,20.1,0.06,Koramangala 7th Block
1006520,Office Worker,occasional,29,44110,588.0,Mid-range,1,0.2,Quick Bites,11.6,0.06,Jayanagar
1006521,Food Explorer,trial_only,29,51407,553.0,Mid-range,1,0.7,Pub,26.3,0.15,HSR
1006522,Office Worker,regular,37,41347,353.0,Budget,4,0.2,Food Court,1.4,0.03,BTM
1006523,Student,trial_only,21,10167,243.0,Budget,1,0.35,Cafe,70.6,0.15,Koramangala 7th Block
1006524,Student,power_user,22,34262,173.0,Budget,1,0.35,Beverage Shop,3.7,0.01,Indiranagar
1006525,Office Worker,occasional,25,56419,519.0,Mid-range,1,0.2,Casual Dining,18.3,0.06,Banaswadi
1006526,Food Explorer,occasional,30,53282,787.0,Mid-range,1,0.7,Bakery,14.7,0.06,Ulsoor
1006527,Office Worker,regular,33,50599,462.0,Budget,1,0.2,Food Court,18.4,0.03,Rajajinagar
1006528,Student,power_user,20,28668,190.0,Budget,1,0.35,Quick Bites,4.6,0.01,Indiranagar
1006529,Office Worker,power_user,38,67925,413.0,Budget,1,0.2,Quick Bites,0.3,0.01,Koramangala 4th Block
1006530,Student,power_user,19,11275,410.0,Budget,1,0.35,Quick Bites,2.9,0.01,HBR Layout
1006531,Office Worker,occasional,38,38871,511.0,Mid-range,1,0.2,Cafe,20.5,0.06,JP Nagar
1006532,Food Explorer,regular,23,83505,796.0,Mid-range,1,0.7,Casual Dining,18.9,0.03,Seshadripuram
1006533,Family,trial_only,35,176383,1462.0,Premium,2,0.15,Cafe,15.1,0.15,Koramangala 5th Block
1006534,Student,trial_only,21,11771,326.0,Budget,1,0.35,Bakery,18.1,0.15,Koramangala 5th Block
1006535,Office Worker,regular,27,81742,234.0,Budget,3,0.2,Food Court,7.1,0.03,Basavanagudi
1006536,Student,regular,21,11543,212.0,Budget,2,0.35,Food Court,5.8,0.03,Hosur Road
1006537,Student,regular,24,22386,324.0,Budget,2,0.35,Quick Bites,3.1,0.03,Church Street
1006538,Family,trial_only,35,87628,804.0,Mid-range,2,0.15,Fine Dining,9.4,0.15,BTM
1006539,Office Worker,regular,32,55408,433.0,Budget,1,0.2,Delivery,9.9,0.03,Koramangala 5th Block
1006540,Family,regular,54,171073,769.0,Mid-range,4,0.15,Casual Dining,3.7,0.03,Richmond Road
1006541,Couple,trial_only,44,71579,965.0,Mid-range,2,0.3,Microbrewery,40.7,0.15,Domlur
1006542,Student,occasional,18,25971,330.0,Budget,1,0.35,Dessert Parlor,10.5,0.06,Electronic City
1006543,Food Explorer,regular,35,66659,949.0,Mid-range,1,0.7,Sweet Shop,4.1,0.03,MG Road
1006544,Office Worker,trial_only,38,69084,623.0,Mid-range,1,0.2,Casual Dining,42.0,0.15,Bellandur
1006545,Office Worker,trial_only,39,33293,620.0,Mid-range,1,0.2,Quick Bites,9.6,0.15,Koramangala 1st Block
1006546,Couple,occasional,41,79765,913.0,Mid-range,2,0.3,Microbrewery,7.6,0.06,Shivajinagar
1006547,Student,regular,18,33944,298.0,Budget,1,0.35,Quick Bites,6.8,0.03,Rajajinagar
1006548,Family,occasional,47,146834,737.0,Mid-range,5,0.15,Dessert Parlor,14.6,0.06,Koramangala 4th Block
1006549,Family,regular,50,172408,918.0,Mid-range,7,0.15,Casual Dining,9.6,0.03,JP Nagar
1006550,Office Worker,occasional,32,70893,442.0,Budget,2,0.2,Casual Dining,17.8,0.06,Bellandur
1006551,Couple,regular,24,68527,1132.0,Premium,2,0.3,Fine Dining,9.0,0.03,Malleshwaram
1006552,Student,occasional,19,21542,416.0,Budget,2,0.35,Food Court,14.5,0.06,BTM
1006553,Couple,occasional,30,137796,1230.0,Premium,2,0.3,Fine Dining,7.6,0.06,Ulsoor
1006554,Student,trial_only,24,27065,310.0,Budget,1,0.35,Cafe,29.1,0.15,Ulsoor
1006555,Student,trial_only,18,23006,333.0,Budget,2,0.35,Quick Bites,28.2,0.15,Koramangala 4th Block
1006556,Office Worker,power_user,36,82028,518.0,Mid-range,1,0.2,Quick Bites,1.8,0.01,Koramangala 1st Block
1006557,Couple,regular,27,61359,1405.0,Premium,3,0.3,Lounge,12.8,0.03,Bellandur
1006558,Student,occasional,23,34010,424.0,Budget,2,0.35,Dessert Parlor,16.4,0.06,MG Road
1006559,Couple,regular,24,62605,814.0,Mid-range,3,0.3,Pub,1.3,0.03,Marathahalli
1006560,Student,power_user,19,34915,326.0,Budget,1,0.35,Quick Bites,0.2,0.01,Koramangala 8th Block
1006561,Office Worker,occasional,24,78272,440.0,Budget,1,0.2,Quick Bites,35.7,0.06,BTM
1006562,Office Worker,regular,32,59299,420.0,Budget,2,0.2,Cafe,25.5,0.03,St. Marks Road
1006563,Student,power_user,23,21908,361.0,Budget,1,0.35,Cafe,0.8,0.01,St. Marks Road
1006564,Food Explorer,occasional,29,42620,924.0,Mid-range,1,0.7,Kiosk,7.8,0.06,Richmond Road
1006565,Office Worker,trial_only,32,49013,391.0,Budget,1,0.2,Quick Bites,10.2,0.15,Church Street
1006566,Family,occasional,43,87501,1137.0,Premium,3,0.15,Cafe,20.9,0.06,Electronic City
1006567,Family,regular,36,144811,514.0,Mid-range,5,0.15,Casual Dining,0.7,0.03,Whitefield
1006568,Office Worker,occasional,36,41811,509.0,Mid-range,1,0.2,Cafe,10.3,0.06,Bellandur
1006569,Family,trial_only,30,156712,622.0,Mid-range,4,0.15,Casual Dining,12.9,0.15,Shanti Nagar
1006570,Couple,power_user,27,80054,1007.0,Premium,1,0.3,Cafe,4.2,0.01,Sarjapur Road
1006571,Family,occasional,26,162035,812.0,Mid-range,4,0.15,Casual Dining,3.5,0.06,Cunningham Road
1006572,Office Worker,occasional,26,51630,410.0,Budget,2,0.2,Casual Dining,23.4,0.06,New BEL Road
1006573,Family,occasional,21,150305,227.0,Budget,2,0.15,Casual Dining,1.2,0.06,Koramangala 5th Block
1006574,Family,regular,21,140241,922.0,Mid-range,3,0.15,Casual Dining,2.5,0.03,Church Street
1006575,Office Worker,trial_only,23,89374,528.0,Mid-range,2,0.2,Casual Dining,6.2,0.15,BTM
1006576,Family,regular,25,123083,768.0,Mid-range,3,0.15,Fine Dining,9.0,0.03,"Varthur Main Road, Whitefield"
1006577,Office Worker,power_user,34,51167,426.0,Budget,1,0.2,Quick Bites,1.8,0.01,Whitefield
1006578,Couple,power_user,29,114975,1088.0,Premium,2,0.3,Cafe,3.6,0.01,Indiranagar
1006579,Food Explorer,occasional,33,42382,172.0,Budget,1,0.7,Food Truck,5.9,0.06,Jayanagar
1006580,Food Explorer,power_user,23,117748,146.0,Budget,1,0.7,Bar,1.2,0.01,Nagawara
1006581,Couple,occasional,41,117806,1441.0,Premium,2,0.3,Cafe,6.7,0.06,MG Road
1006582,Family,trial_only,32,65888,1013.0,Premium,4,0.15,Casual Dining,46.3,0.15,Indiranagar
1006583,Family,power_user,35,80702,919.0,Mid-range,5,0.15,Casual Dining,2.0,0.01,Indiranagar
1006584,Student,trial_only,22,10359,330.0,Budget,1,0.35,Dessert Parlor,46.9,0.15,Lavelle Road
1006585,Office Worker,trial_only,40,70027,528.0,Mid-range,1,0.2,Casual Dining,46.5,0.15,BTM
1006586,Office Worker,power_user,37,69930,522.0,Mid-range,2,0.2,Quick Bites,7.6,0.01,Kammanahalli
1006587,Student,occasional,20,14072,237.0,Budget,2,0.35,Quick Bites,4.2,0.06,Residency Road
1006588,Food Explorer,trial_only,28,83700,656.0,Mid-range,2,0.7,Beverage Shop,54.0,0.15,Jayanagar
1006589,Couple,occasional,31,98967,1111.0,Premium,1,0.3,Microbrewery,20.3,0.06,Ulsoor
1006590,Office Worker,occasional,24,58965,422.0,Budget,1,0.2,Casual Dining,8.9,0.06,Rajajinagar
1006591,Office Worker,trial_only,29,67082,564.0,Mid-range,1,0.2,Casual Dining,32.1,0.15,HSR
1006592,Family,occasional,47,162400,1115.0,Premium,5,0.15,Cafe,7.2,0.06,Seshadripuram
1006593,Office Worker,regular,27,84869,215.0,Budget,1,0.2,Quick Bites,1.9,0.03,JP Nagar
1006594,Couple,regular,32,65887,1123.0,Premium,2,0.3,Cafe,15.2,0.03,MG Road
1006595,Food Explorer,occasional,23,115521,523.0,Mid-range,1,0.7,Pop Up,3.8,0.06,Kalyan Nagar
1006596,Office Worker,regular,27,64417,566.0,Mid-range,2,0.2,Casual Dining,2.3,0.03,JP Nagar
1006597,Student,regular,18,14526,184.0,Budget,2,0.35,Quick Bites,6.1,0.03,HSR
1006598,Office Worker,regular,31,85916,151.0,Budget,1,0.2,Quick Bites,8.8,0.03,Banaswadi
1006599,Student,trial_only,20,19245,366.0,Budget,1,0.35,Dessert Parlor,48.4,0.15,Bannerghatta Road
1006600,Office Worker,occasional,40,56751,546.0,Mid-range,2,0.2,Quick Bites,1.1,0.06,Kalyan Nagar
1006601,Student,regular,22,34179,157.0,Budget,1,0.35,Cafe,4.9,0.03,BTM
1006602,Student,regular,20,24498,290.0,Budget,2,0.35,Quick Bites,4.8,0.03,New BEL Road
1006603,Office Worker,regular,32,38581,603.0,Mid-range,1,0.2,Casual Dining,8.2,0.03,New BEL Road
1006604,Student,regular,24,11750,214.0,Budget,1,0.35,Quick Bites,0.8,0.03,Bellandur
1006605,Family,occasional,26,158457,820.0,Mid-range,5,0.15,Casual Dining,24.0,0.06,Whitefield
1006606,Student,regular,19,18729,341.0,Budget,1,0.35,Cafe,2.1,0.03,BTM
1006607,Couple,trial_only,35,59963,772.0,Mid-range,2,0.3,Fine Dining,27.6,0.15,Indiranagar
1006608,Student,regular,18,11034,255.0,Budget,1,0.35,Quick Bites,8.3,0.03,Bannerghatta Road
1006609,Student,power_user,21,33637,165.0,Budget,1,0.35,Quick Bites,0.9,0.01,Whitefield
1006610,Student,trial_only,19,24309,287.0,Budget,2,0.35,Dessert Parlor,32.3,0.15,BTM
1006611,Family,regular,51,122885,642.0,Mid-range,6,0.15,Casual Dining,9.3,0.03,HSR
1006612,Office Worker,regular,36,65429,471.0,Budget,1,0.2,Cafe,2.8,0.03,Banashankari
1006613,Office Worker,regular,23,55125,513.0,Mid-range,2,0.2,Quick Bites,3.8,0.03,Whitefield
1006614,Student,occasional,21,33771,411.0,Budget,1,0.35,Cafe,6.8,0.06,Shanti Nagar
1006615,Food Explorer,regular,25,88166,1183.0,Premium,2,0.7,Dhaba,7.9,0.03,JP Nagar
1006616,Student,trial_only,22,25960,317.0,Budget,2,0.35,Quick Bites,34.0,0.15,Koramangala 5th Block
1006617,Office Worker,occasional,32,83612,418.0,Budget,2,0.2,Casual Dining,29.6,0.06,Marathahalli
1006618,Couple,trial_only,45,50298,1088.0,Premium,1,0.3,Cafe,34.1,0.15,Banashankari
1006619,Student,occasional,19,17975,223.0,Budget,1,0.35,Quick Bites,21.0,0.06,Cunningham Road
1006620,Office Worker,occasional,32,79994,495.0,Budget,1,0.2,Casual Dining,14.7,0.06,Residency Road
1006621,Couple,occasional,45,59625,1052.0,Premium,2,0.3,Cafe,2.7,0.06,Ulsoor
1006622,Office Worker,occasional,25,49779,502.0,Mid-range,1,0.2,Delivery,27.8,0.06,Jayanagar
1006623,Student,occasional,19,14086,225.0,Budget,2,0.35,Quick Bites,7.4,0.06,Sahakara Nagar
1006624,Office Worker,occasional,35,72857,403.0,Budget,1,0.2,Quick Bites,23.0,0.06,Whitefield
1006625,Student,power_user,18,31095,335.0,Budget,2,0.35,Quick Bites,1.6,0.01,JP Nagar
1006626,Food Explorer,occasional,25,61122,569.0,Mid-range,1,0.7,Pop Up,17.2,0.06,Koramangala 4th Block
1006627,Family,regular,54,142506,416.0,Budget,5,0.15,Dessert Parlor,16.7,0.03,Kammanahalli
1006628,Family,occasional,40,151227,797.0,Mid-range,6,0.15,Dessert Parlor,21.1,0.06,"Varthur Main Road, Whitefield"
1006629,Student,regular,18,32639,236.0,Budget,2,0.35,Bakery,7.6,0.03,Marathahalli
1006630,Family,power_user,50,171299,1036.0,Premium,2,0.15,Dessert Parlor,1.6,0.01,Marathahalli
1006631,Family,power_user,38,114672,994.0,Mid-range,2,0.15,Food Court,1.4,0.01,Church Street
1006632,Student,regular,21,11983,117.0,Budget,1,0.35,Quick Bites,1.0,0.03,Koramangala 8th Block
1006633,Couple,power_user,45,124444,1440.0,Premium,3,0.3,Lounge,0.4,0.01,Sarjapur Road
1006634,Family,regular,31,125323,878.0,Mid-range,6,0.15,Casual Dining,7.7,0.03,BTM
1006635,Couple,occasional,32,95927,755.0,Mid-range,4,0.3,Pub,17.6,0.06,Brigade Road
1006636,Office Worker,regular,33,62424,538.0,Mid-range,1,0.2,Quick Bites,10.4,0.03,Bannerghatta Road
1006637,Student,trial_only,19,26098,198.0,Budget,3,0.35,Dessert Parlor,38.0,0.15,Electronic City
1006638,Family,trial_only,24,94372,1029.0,Premium,4,0.15,Casual Dining,8.3,0.15,Koramangala 5th Block
1006639,Couple,regular,27,82826,1006.0,Premium,1,0.3,Fine Dining,7.3,0.03,Kalyan Nagar
1006640,Office Worker,regular,28,50500,298.0,Budget,1,0.2,Cafe,23.3,0.03,Sankey Road
1006641,Student,regular,18,22329,470.0,Budget,2,0.35,Cafe,13.9,0.03,MG Road
1006642,Couple,regular,35,117616,736.0,Mid-range,3,0.3,Microbrewery,8.7,0.03,Whitefield
1006643,Student,occasional,24,11051,236.0,Budget,1,0.35,Quick Bites,17.5,0.06,Bellandur
1006644,Office Worker,occasional,27,47556,389.0,Budget,2,0.2,Casual Dining,10.4,0.06,Banashankari
1006645,Family,occasional,21,147380,709.0,Mid-range,3,0.15,Dessert Parlor,7.8,0.06,Brookefield
1006646,Student,regular,18,10765,356.0,Budget,1,0.35,Cafe,11.3,0.03,Old Airport Road
1006647,Student,occasional,19,29885,305.0,Budget,2,0.35,Cafe,9.7,0.06,Electronic City
1006648,Student,regular,22,29230,380.0,Budget,2,0.35,Quick Bites,8.9,0.03,Koramangala 3rd Block
1006649,Food Explorer,trial_only,30,65526,693.0,Mid-range,1,0.7,Microbrewery,14.2,0.15,Jeevan Bhima Nagar
1006650,Office Worker,trial_only,30,67512,283.0,Budget,1,0.2,Casual Dining,58.9,0.15,Residency Road
1006651,Family,regular,47,118826,910.0,Mid-range,3,0.15,Casual Dining,7.9,0.03,Ejipura
1006652,Food Explorer,occasional,29,60036,658.0,Mid-range,1,0.7,Bhojanalya,15.2,0.06,Sarjapur Road
1006653,Family,trial_only,42,77920,675.0,Mid-range,3,0.15,Casual Dining,20.7,0.15,BTM
1006654,Office Worker,occasional,40,87693,657.0,Mid-range,2,0.2,Quick Bites,16.0,0.06,Koramangala 1st Block
1006655,Office Worker,power_user,26,81569,511.0,Mid-range,1,0.2,Food Court,0.1,0.01,Koramangala 1st Block
1006656,Office Worker,occasional,25,83906,544.0,Mid-range,1,0.2,Cafe,22.0,0.06,BTM
1006657,Family,regular,27,76890,995.0,Mid-range,2,0.15,Food Court,8.2,0.03,Indiranagar
1006658,Food Explorer,regular,24,117151,495.0,Budget,2,0.7,Meat Shop,6.3,0.03,Bannerghatta Road
1006659,Couple,occasional,42,112597,1390.0,Premium,4,0.3,Pub,3.4,0.06,Kalyan Nagar
1006660,Office Worker,regular,38,60734,482.0,Budget,1,0.2,Quick Bites,8.4,0.03,Brigade Road
1006661,Office Worker,power_user,33,50517,394.0,Budget,1,0.2,Cafe,1.8,0.01,BTM
1006662,Couple,trial_only,26,73516,834.0,Mid-range,2,0.3,Cafe,32.5,0.15,Hosur Road
1006663,Student,regular,23,18133,302.0,Budget,1,0.35,Quick Bites,1.2,0.03,Jayanagar
1006664,Couple,occasional,44,67383,1376.0,Premium,2,0.3,Cafe,2.5,0.06,Bannerghatta Road
1006665,Office Worker,occasional,30,77402,452.0,Budget,1,0.2,Cafe,42.2,0.06,Koramangala 4th Block
1006666,Family,regular,44,173823,764.0,Mid-range,5,0.15,Fine Dining,7.4,0.03,Infantry Road
1006667,Couple,occasional,37,146714,1208.0,Premium,1,0.3,Cafe,34.2,0.06,Jayanagar
1006668,Office Worker,occasional,32,83450,421.0,Budget,1,0.2,Delivery,0.8,0.06,Marathahalli
1006669,Student,occasional,20,13307,424.0,Budget,2,0.35,Food Court,15.3,0.06,Koramangala 6th Block
1006670,Couple,occasional,30,124094,1281.0,Premium,2,0.3,Pub,26.2,0.06,JP Nagar
1006671,Office Worker,trial_only,27,81472,401.0,Budget,1,0.2,Cafe,28.5,0.15,HSR
1006672,Office Worker,trial_only,29,60631,269.0,Budget,1,0.2,Casual Dining,28.2,0.15,Brigade Road
1006673,Office Worker,regular,36,63483,430.0,Budget,1,0.2,Casual Dining,6.1,0.03,Majestic
1006674,Office Worker,regular,37,53064,392.0,Budget,1,0.2,Casual Dining,1.2,0.03,Koramangala 1st Block
1006675,Family,occasional,24,158696,677.0,Mid-range,3,0.15,Casual Dining,31.5,0.06,Marathahalli
1006676,Student,trial_only,18,27586,375.0,Budget,2,0.35,Beverage Shop,43.1,0.15,BTM
1006677,Office Worker,trial_only,31,67746,458.0,Budget,1,0.2,Casual Dining,10.8,0.15,Koramangala 6th Block
1006678,Couple,regular,40,50952,695.0,Mid-range,2,0.3,Fine Dining,4.1,0.03,Brigade Road
1006679,Student,trial_only,21,34013,350.0,Budget,1,0.35,Quick Bites,12.6,0.15,Bannerghatta Road
1006680,Office Worker,regular,37,61457,292.0,Budget,1,0.2,Casual Dining,16.0,0.03,Brookefield
1006681,Family,regular,45,174718,939.0,Mid-range,3,0.15,Casual Dining,25.3,0.03,JP Nagar
1006682,Couple,occasional,39,117866,1057.0,Premium,4,0.3,Lounge,4.2,0.06,Church Street
1006683,Family,regular,39,122496,817.0,Mid-range,4,0.15,Cafe,0.9,0.03,Kammanahalli
1006684,Couple,occasional,25,125376,1193.0,Premium,1,0.3,Lounge,8.4,0.06,BTM
1006685,Student,regular,19,16166,288.0,Budget,2,0.35,Dessert Parlor,4.3,0.03,"ITPL Main Road, Whitefield"
1006686,Office Worker,occasional,36,57065,471.0,Budget,1,0.2,Delivery,2.0,0.06,JP Nagar
1006687,Food Explorer,trial_only,27,42010,620.0,Mid-range,1,0.7,Cafe,21.2,0.15,Brigade Road
1006688,Couple,regular,39,124514,1761.0,Premium,4,0.3,Fine Dining,7.4,0.03,Marathahalli
1006689,Family,occasional,32,98884,845.0,Mid-range,3,0.15,Fine Dining,0.7,0.06,Koramangala 4th Block
1006690,Office Worker,occasional,23,35750,475.0,Budget,2,0.2,Food Court,23.7,0.06,Koramangala 7th Block
1006691,Office Worker,regular,35,77779,379.0,Budget,1,0.2,Casual Dining,1.6,0.03,Sadashiv Nagar
1006692,Student,occasional,24,15832,330.0,Budget,1,0.35,Quick Bites,1.2,0.06,Wilson Garden
1006693,Couple,occasional,33,72380,893.0,Mid-range,2,0.3,Cafe,29.8,0.06,Whitefield
1006694,Couple,regular,26,64461,1545.0,Premium,2,0.3,Microbrewery,5.3,0.03,Jayanagar
1006695,Office Worker,trial_only,30,66207,302.0,Budget,3,0.2,Quick Bites,49.5,0.15,Ejipura
1006696,Office Worker,regular,40,50390,366.0,Budget,2,0.2,Quick Bites,10.6,0.03,Banashankari
1006697,Office Worker,regular,28,64237,287.0,Budget,1,0.2,Delivery,1.7,0.03,New BEL Road
1006698,Student,regular,18,18605,334.0,Budget,1,0.35,Food Court,2.3,0.03,Sarjapur Road
1006699,Family,occasional,47,150393,715.0,Mid-range,4,0.15,Fine Dining,5.0,0.06,Seshadripuram
1006700,Family,trial_only,28,104873,937.0,Mid-range,3,0.15,Casual Dining,38.5,0.15,Brigade Road
1006701,Student,regular,18,29820,222.0,Budget,2,0.35,Cafe,2.0,0.03,Brigade Road
1006702,Family,power_user,44,115899,906.0,Mid-range,2,0.15,Casual Dining,1.1,0.01,Koramangala 5th Block
1006703,Food Explorer,regular,28,41191,745.0,Mid-range,1,0.7,Bhojanalya,0.1,0.03,Whitefield
1006704,Student,occasional,18,20908,317.0,Budget,1,0.35,Cafe,14.9,0.06,Hennur
1006705,Office Worker,regular,23,44704,453.0,Budget,1,0.2,Delivery,2.5,0.03,Banashankari
1006706,Office Worker,regular,26,59428,464.0,Budget,2,0.2,Quick Bites,6.4,0.03,Koramangala 1st Block
1006707,Student,regular,19,13118,227.0,Budget,1,0.35,Cafe,8.4,0.03,Kammanahalli
1006708,Office Worker,occasional,23,75156,342.0,Budget,1,0.2,Casual Dining,6.8,0.06,Koramangala 8th Block
1006709,Family,occasional,33,134942,909.0,Mid-range,2,0.15,Casual Dining,7.7,0.06,Koramangala 6th Block
1006710,Student,occasional,23,13550,271.0,Budget,1,0.35,Quick Bites,22.1,0.06,Rajajinagar
1006711,Student,regular,20,34459,336.0,Budget,1,0.35,Quick Bites,0.5,0.03,JP Nagar
1006712,Couple,occasional,24,85071,1665.0,Premium,1,0.3,Cafe,15.7,0.06,JP Nagar
1006713,Office Worker,occasional,38,42593,404.0,Budget,1,0.2,Casual Dining,13.8,0.06,BTM
1006714,Family,occasional,42,60016,680.0,Mid-range,1,0.15,Casual Dining,16.2,0.06,JP Nagar
1006715,Family,regular,54,89603,735.0,Mid-range,2,0.15,Casual Dining,0.6,0.03,New BEL Road
1006716,Couple,regular,36,52822,1212.0,Premium,2,0.3,Cafe,14.9,0.03,Koramangala 4th Block
1006717,Family,occasional,37,117960,923.0,Mid-range,2,0.15,Casual Dining,18.2,0.06,Kammanahalli
1006718,Couple,regular,35,110642,1191.0,Premium,1,0.3,Lounge,11.7,0.03,Brigade Road
1006719,Family,occasional,20,104403,1216.0,Premium,5,0.15,Cafe,28.5,0.06,Marathahalli
1006720,Office Worker,regular,29,82560,492.0,Budget,1,0.2,Casual Dining,18.9,0.03,HSR
1006721,Office Worker,regular,30,87964,528.0,Mid-range,1,0.2,Food Court,6.1,0.03,Marathahalli
1006722,Office Worker,occasional,28,48354,446.0,Budget,1,0.2,Quick Bites,17.9,0.06,Old Airport Road
1006723,Office Worker,regular,38,68263,551.0,Mid-range,1,0.2,Cafe,0.5,0.03,Bannerghatta Road
1006724,Student,regular,24,20047,284.0,Budget,1,0.35,Cafe,3.9,0.03,Koramangala 6th Block
1006725,Office Worker,trial_only,31,46426,386.0,Budget,1,0.2,Casual Dining,20.7,0.15,Vasanth Nagar
1006726,Office Worker,regular,37,42592,541.0,Mid-range,1,0.2,Quick Bites,9.7,0.03,Banashankari
1006727,Student,trial_only,19,23039,295.0,Budget,1,0.35,Quick Bites,3.8,0.15,Koramangala 4th Block
1006728,Office Worker,regular,39,38568,475.0,Budget,2,0.2,Cafe,14.1,0.03,Koramangala 3rd Block
1006729,Couple,trial_only,39,117241,1495.0,Premium,1,0.3,Cafe,20.1,0.15,Indiranagar
1006730,Family,trial_only,46,166092,828.0,Mid-range,5,0.15,Dessert Parlor,112.0,0.15,South Bangalore
1006731,Couple,regular,37,86814,1155.0,Premium,3,0.3,Cafe,3.5,0.03,Domlur
1006732,Office Worker,occasional,37,64327,396.0,Budget,1,0.2,Casual Dining,6.3,0.06,Koramangala 6th Block
1006733,Couple,occasional,35,147609,1519.0,Premium,1,0.3,Fine Dining,2.7,0.06,Marathahalli
1006734,Couple,occasional,45,120488,1097.0,Premium,2,0.3,Microbrewery,23.2,0.06,HSR
1006735,Student,regular,22,20098,296.0,Budget,3,0.35,Quick Bites,5.7,0.03,Marathahalli
1006736,Food Explorer,trial_only,30,110552,672.0,Mid-range,2,0.7,Dessert Parlor,25.7,0.15,Marathahalli
1006737,Student,occasional,19,11061,323.0,Budget,1,0.35,Dessert Parlor,9.2,0.06,Whitefield
1006738,Family,trial_only,52,130607,1003.0,Premium,6,0.15,Casual Dining,47.9,0.15,Koramangala 1st Block
1006739,Couple,trial_only,25,75246,1179.0,Premium,1,0.3,Fine Dining,30.3,0.15,South Bangalore
1006740,Office Worker,trial_only,23,40817,588.0,Mid-range,1,0.2,Quick Bites,8.7,0.15,Marathahalli
1006741,Family,occasional,21,122028,750.0,Mid-range,2,0.15,Dessert Parlor,8.4,0.06,Indiranagar
1006742,Office Worker,occasional,24,72799,487.0,Budget,2,0.2,Delivery,40.8,0.06,Whitefield
1006743,Student,trial_only,19,28455,285.0,Budget,1,0.35,Quick Bites,32.3,0.15,BTM
1006744,Student,occasional,21,28695,467.0,Budget,2,0.35,Dessert Parlor,11.9,0.06,Koramangala 5th Block
1006745,Student,power_user,19,17216,272.0,Budget,1,0.35,Quick Bites,6.6,0.01,JP Nagar
1006746,Student,occasional,21,20349,279.0,Budget,1,0.35,Food Court,23.5,0.06,Cunningham Road
1006747,Family,regular,36,73583,823.0,Mid-range,6,0.15,Casual Dining,7.6,0.03,Banaswadi
1006748,Office Worker,trial_only,30,67009,423.0,Budget,1,0.2,Casual Dining,27.0,0.15,Basavanagudi
1006749,Office Worker,occasional,24,78233,481.0,Budget,1,0.2,Delivery,21.9,0.06,Koramangala 5th Block
1006750,Family,occasional,39,118146,1046.0,Premium,4,0.15,Casual Dining,4.4,0.06,Hosur Road
1006751,Student,regular,20,17817,312.0,Budget,2,0.35,Food Court,9.1,0.03,HBR Layout
1006752,Office Worker,occasional,32,49980,468.0,Budget,1,0.2,Cafe,15.1,0.06,MG Road
1006753,Couple,regular,25,115008,1131.0,Premium,2,0.3,Fine Dining,13.4,0.03,Seshadripuram
1006754,Food Explorer,occasional,38,93793,474.0,Budget,2,0.7,Bhojanalya,9.2,0.06,New BEL Road
1006755,Office Worker,occasional,36,58576,460.0,Budget,1,0.2,Cafe,12.5,0.06,HSR
1006756,Student,occasional,20,16186,301.0,Budget,2,0.35,Cafe,10.5,0.06,Sarjapur Road
1006757,Couple,regular,31,91057,1552.0,Premium,2,0.3,Fine Dining,2.4,0.03,Indiranagar
1006758,Couple,occasional,30,82747,912.0,Mid-range,2,0.3,Fine Dining,6.8,0.06,Indiranagar
1006759,Office Worker,occasional,40,35879,595.0,Mid-range,1,0.2,Casual Dining,9.8,0.06,Basavanagudi
1006760,Student,trial_only,22,20142,288.0,Budget,1,0.35,Cafe,8.4,0.15,Ulsoor
1006761,Student,trial_only,21,31225,312.0,Budget,3,0.35,Dessert Parlor,20.0,0.15,Koramangala 6th Block
1006762,Family,occasional,43,133755,587.0,Mid-range,2,0.15,Casual Dining,10.4,0.06,Jalahalli
1006763,Food Explorer,regular,23,50681,740.0,Mid-range,2,0.7,Takeaway,1.2,0.03,Whitefield
1006764,Family,power_user,49,162265,608.0,Mid-range,5,0.15,Fine Dining,0.9,0.01,Old Airport Road
1006765,Office Worker,trial_only,33,42804,487.0,Budget,1,0.2,Quick Bites,100.5,0.15,Richmond Road
1006766,Family,trial_only,31,133790,855.0,Mid-range,7,0.15,Food Court,35.2,0.15,BTM
1006767,Couple,regular,39,106766,1102.0,Premium,1,0.3,Microbrewery,7.0,0.03,Electronic City
1006768,Office Worker,occasional,23,73565,243.0,Budget,1,0.2,Food Court,16.9,0.06,Koramangala 5th Block
1006769,Couple,regular,34,126627,1848.0,Premium,1,0.3,Cafe,3.9,0.03,HSR
1006770,Office Worker,regular,39,47559,345.0,Budget,1,0.2,Casual Dining,10.8,0.03,Richmond Road
1006771,Office Worker,trial_only,36,76664,477.0,Budget,1,0.2,Quick Bites,58.3,0.15,Ejipura
1006772,Family,trial_only,21,130490,654.0,Mid-range,2,0.15,Dessert Parlor,27.7,0.15,Richmond Road
1006773,Office Worker,trial_only,33,50982,555.0,Mid-range,1,0.2,Cafe,38.1,0.15,Jayanagar
1006774,Food Explorer,regular,34,48308,505.0,Mid-range,1,0.7,Confectionery,2.4,0.03,BTM
1006775,Office Worker,occasional,32,64109,375.0,Budget,2,0.2,Quick Bites,27.4,0.06,Electronic City
1006776,Office Worker,trial_only,28,57796,510.0,Mid-range,1,0.2,Delivery,35.1,0.15,Koramangala 5th Block
1006777,Office Worker,occasional,35,58234,323.0,Budget,2,0.2,Casual Dining,22.1,0.06,Lavelle Road
1006778,Office Worker,regular,30,71393,409.0,Budget,1,0.2,Casual Dining,5.4,0.03,Jayanagar
1006779,Office Worker,occasional,40,72532,519.0,Mid-range,1,0.2,Quick Bites,14.2,0.06,St. Marks Road
1006780,Family,power_user,50,81566,1101.0,Premium,5,0.15,Casual Dining,3.4,0.01,HSR
1006781,Office Worker,occasional,39,47783,354.0,Budget,1,0.2,Casual Dining,24.5,0.06,BTM
1006782,Office Worker,trial_only,30,84126,389.0,Budget,1,0.2,Quick Bites,8.5,0.15,BTM
1006783,Family,power_user,44,131281,870.0,Mid-range,1,0.15,Casual Dining,5.3,0.01,Hosur Road
1006784,Student,regular,19,20430,140.0,Budget,1,0.35,Cafe,16.6,0.03,Electronic City
1006785,Family,occasional,47,176706,1072.0,Premium,2,0.15,Casual Dining,11.2,0.06,Basavanagudi
1006786,Office Worker,occasional,36,70269,350.0,Budget,1,0.2,Food Court,12.6,0.06,HSR
1006787,Office Worker,regular,36,80974,406.0,Budget,1,0.2,Casual Dining,14.0,0.03,HSR
1006788,Family,power_user,20,116387,852.0,Mid-range,7,0.15,Casual Dining,10.0,0.01,Whitefield
1006789,Couple,occasional,34,66343,1215.0,Premium,2,0.3,Cafe,5.0,0.06,HSR
1006790,Couple,regular,30,123226,911.0,Mid-range,2,0.3,Fine Dining,6.7,0.03,BTM
1006791,Office Worker,occasional,39,78990,622.0,Mid-range,1,0.2,Casual Dining,3.0,0.06,BTM
1006792,Office Worker,occasional,32,65058,192.0,Budget,2,0.2,Cafe,4.9,0.06,Bellandur
1006793,Family,regular,42,111945,576.0,Mid-range,2,0.15,Cafe,9.9,0.03,Bellandur
1006794,Family,occasional,35,74708,673.0,Mid-range,7,0.15,Fine Dining,13.2,0.06,Koramangala 1st Block
1006795,Family,occasional,24,89486,610.0,Mid-range,4,0.15,Casual Dining,20.0,0.06,Ulsoor
1006796,Family,occasional,42,170966,1044.0,Premium,5,0.15,Casual Dining,16.0,0.06,Whitefield
1006797,Couple,occasional,37,66843,702.0,Mid-range,3,0.3,Cafe,12.8,0.06,Koramangala 7th Block
1006798,Student,regular,20,26502,425.0,Budget,2,0.35,Quick Bites,12.8,0.03,RT Nagar
1006799,Family,regular,42,139588,744.0,Mid-range,4,0.15,Casual Dining,14.9,0.03,MG Road
1006800,Student,occasional,20,21802,191.0,Budget,1,0.35,Quick Bites,11.6,0.06,Church Street
1006801,Office Worker,occasional,34,89806,240.0,Budget,1,0.2,Casual Dining,5.3,0.06,Old Airport Road
1006802,Family,regular,32,141193,757.0,Mid-range,6,0.15,Casual Dining,8.2,0.03,JP Nagar
1006803,Office Worker,regular,36,88003,380.0,Budget,1,0.2,Delivery,2.2,0.03,JP Nagar
1006804,Office Worker,occasional,38,45654,474.0,Budget,1,0.2,Quick Bites,2.3,0.06,JP Nagar
1006805,Couple,regular,34,124074,1065.0,Premium,2,0.3,Lounge,2.9,0.03,Bannerghatta Road
1006806,Couple,trial_only,24,126896,1487.0,Premium,2,0.3,Pub,11.6,0.15,Koramangala 3rd Block
1006807,Office Worker,occasional,35,85130,436.0,Budget,1,0.2,Delivery,21.3,0.06,Domlur
1006808,Food Explorer,power_user,39,72898,494.0,Budget,2,0.7,Pop Up,7.6,0.01,Bellandur
1006809,Office Worker,occasional,35,49936,547.0,Mid-range,1,0.2,Cafe,32.0,0.06,Electronic City
1006810,Couple,regular,31,130504,1268.0,Premium,5,0.3,Cafe,4.2,0.03,Domlur
1006811,Student,trial_only,21,27974,362.0,Budget,2,0.35,Cafe,28.3,0.15,Koramangala 6th Block
1006812,Office Worker,trial_only,29,46443,565.0,Mid-range,1,0.2,Casual Dining,21.0,0.15,Marathahalli
1006813,Office Worker,trial_only,36,48271,421.0,Budget,2,0.2,Casual Dining,55.5,0.15,BTM
1006814,Student,occasional,23,29757,303.0,Budget,1,0.35,Quick Bites,17.3,0.06,Bellandur
1006815,Office Worker,trial_only,34,64172,534.0,Mid-range,1,0.2,Quick Bites,45.8,0.15,Koramangala 5th Block
1006816,Student,occasional,20,32668,104.0,Budget,1,0.35,Quick Bites,6.1,0.06,BTM
1006817,Family,trial_only,26,135661,780.0,Mid-range,4,0.15,Casual Dining,116.2,0.15,BTM
1006818,Student,regular,22,34521,282.0,Budget,1,0.35,Bakery,1.4,0.03,Sarjapur Road
1006819,Student,trial_only,20,18184,330.0,Budget,2,0.35,Dessert Parlor,9.5,0.15,Bellandur
1006820,Food Explorer,occasional,39,102137,400.0,Budget,1,0.7,Confectionery,23.0,0.06,Shanti Nagar
1006821,Family,regular,22,82814,1019.0,Premium,6,0.15,Dessert Parlor,1.4,0.03,Ulsoor
1006822,Food Explorer,trial_only,38,96321,416.0,Budget,1,0.7,Lounge,75.8,0.15,BTM
1006823,Office Worker,occasional,37,55053,404.0,Budget,1,0.2,Delivery,31.3,0.06,Koramangala 1st Block
1006824,Student,trial_only,21,22999,247.0,Budget,2,0.35,Bakery,41.5,0.15,Koramangala 4th Block
1006825,Family,power_user,55,156920,1046.0,Premium,2,0.15,Fine Dining,1.4,0.01,Shanti Nagar
1006826,Family,occasional,45,72688,383.0,Budget,3,0.15,Dessert Parlor,23.0,0.06,Race Course Road
1006827,Student,occasional,18,15591,443.0,Budget,1,0.35,Cafe,11.4,0.06,Bellandur
1006828,Couple,power_user,32,105985,1642.0,Premium,3,0.3,Lounge,1.1,0.01,Whitefield
1006829,Family,occasional,50,109705,687.0,Mid-range,2,0.15,Casual Dining,11.6,0.06,Koramangala 1st Block
1006830,Family,occasional,47,127590,1005.0,Premium,4,0.15,Dessert Parlor,11.3,0.06,JP Nagar
1006831,Office Worker,regular,25,55834,463.0,Budget,2,0.2,Cafe,5.8,0.03,Whitefield
1006832,Family,occasional,26,67768,1131.0,Premium,3,0.15,Casual Dining,19.9,0.06,HSR
1006833,Office Worker,regular,39,86189,545.0,Mid-range,1,0.2,Casual Dining,4.1,0.03,Banashankari
1006834,Food Explorer,trial_only,22,95250,1148.0,Premium,2,0.7,Bakery,20.1,0.15,Malleshwaram
1006835,Office Worker,trial_only,40,66602,294.0,Budget,2,0.2,Casual Dining,24.6,0.15,Marathahalli
1006836,Student,occasional,21,13723,315.0,Budget,1,0.35,Dessert Parlor,29.4,0.06,BTM
1006837,Student,occasional,23,14937,162.0,Budget,1,0.35,Quick Bites,42.2,0.06,Koramangala 4th Block
1006838,Family,regular,27,131594,696.0,Mid-range,2,0.15,Cafe,2.6,0.03,JP Nagar
1006839,Food Explorer,regular,28,44215,1162.0,Premium,1,0.7,Mess,4.9,0.03,HSR
1006840,Couple,trial_only,40,97263,1340.0,Premium,2,0.3,Microbrewery,32.6,0.15,Koramangala 1st Block
1006841,Family,regular,25,166711,997.0,Mid-range,2,0.15,Food Court,1.5,0.03,Jayanagar
1006842,Food Explorer,regular,23,110005,728.0,Mid-range,1,0.7,Casual Dining,5.1,0.03,Marathahalli
1006843,Family,regular,41,121772,890.0,Mid-range,8,0.15,Casual Dining,10.1,0.03,Banaswadi
1006844,Office Worker,occasional,23,43934,398.0,Budget,1,0.2,Quick Bites,15.0,0.06,Ejipura
1006845,Family,trial_only,53,68876,658.0,Mid-range,5,0.15,Casual Dining,9.9,0.15,Shanti Nagar
1006846,Student,regular,22,14280,256.0,Budget,1,0.35,Quick Bites,41.9,0.03,Sarjapur Road
1006847,Student,regular,22,17015,100.0,Budget,1,0.35,Cafe,10.8,0.03,HSR
1006848,Office Worker,regular,32,63070,442.0,Budget,1,0.2,Delivery,9.8,0.03,Marathahalli
1006849,Student,regular,22,28140,319.0,Budget,1,0.35,Dessert Parlor,3.7,0.03,Electronic City
1006850,Food Explorer,regular,40,76819,445.0,Budget,2,0.7,Irani Cafe,15.9,0.03,Koramangala 6th Block
1006851,Food Explorer,occasional,22,106125,567.0,Mid-range,1,0.7,Club,15.0,0.06,Koramangala 5th Block
1006852,Office Worker,occasional,27,39678,503.0,Mid-range,1,0.2,Quick Bites,4.4,0.06,Indiranagar
1006853,Family,power_user,45,110815,977.0,Mid-range,5,0.15,Casual Dining,3.0,0.01,Shanti Nagar
1006854,Office Worker,occasional,25,66823,330.0,Budget,1,0.2,Quick Bites,19.2,0.06,Sanjay Nagar
1006855,Student,occasional,19,11347,236.0,Budget,1,0.35,Dessert Parlor,1.3,0.06,JP Nagar
1006856,Office Worker,regular,23,84349,525.0,Mid-range,1,0.2,Food Court,1.8,0.03,Brookefield
1006857,Student,regular,18,34878,347.0,Budget,1,0.35,Bakery,8.2,0.03,Whitefield
1006858,Office Worker,occasional,30,74415,584.0,Mid-range,1,0.2,Food Court,8.7,0.06,HSR
1006859,Student,power_user,22,27572,404.0,Budget,3,0.35,Quick Bites,6.4,0.01,HSR
1006860,Student,trial_only,18,15239,493.0,Budget,3,0.35,Quick Bites,33.2,0.15,Shanti Nagar
1006861,Student,trial_only,24,14572,277.0,Budget,1,0.35,Quick Bites,28.8,0.15,Electronic City
1006862,Food Explorer,trial_only,36,59072,995.0,Mid-range,1,0.7,Beverage Shop,24.3,0.15,Banashankari
1006863,Student,power_user,22,13376,226.0,Budget,1,0.35,Quick Bites,5.8,0.01,Ejipura
1006864,Office Worker,regular,24,63454,689.0,Mid-range,2,0.2,Cafe,9.2,0.03,Koramangala 4th Block
1006865,Office Worker,trial_only,32,87434,495.0,Budget,1,0.2,Casual Dining,37.5,0.15,BTM
1006866,Office Worker,occasional,39,70651,504.0,Mid-range,2,0.2,Food Court,30.2,0.06,Ulsoor
1006867,Office Worker,regular,27,82881,549.0,Mid-range,1,0.2,Quick Bites,15.6,0.03,BTM
1006868,Student,occasional,21,34475,192.0,Budget,2,0.35,Dessert Parlor,4.3,0.06,Electronic City
1006869,Family,power_user,40,139464,585.0,Mid-range,4,0.15,Fine Dining,13.5,0.01,Banaswadi
1006870,Family,occasional,45,72578,823.0,Mid-range,1,0.15,Cafe,1.9,0.06,Shanti Nagar
1006871,Family,trial_only,53,171653,869.0,Mid-range,4,0.15,Casual Dining,30.3,0.15,Bannerghatta Road
1006872,Family,occasional,24,125561,1217.0,Premium,1,0.15,Casual Dining,4.6,0.06,Sarjapur Road
1006873,Office Worker,occasional,24,62839,355.0,Budget,1,0.2,Casual Dining,22.2,0.06,New BEL Road
1006874,Office Worker,trial_only,24,89243,604.0,Mid-range,1,0.2,Quick Bites,48.9,0.15,Indiranagar
1006875,Student,occasional,19,27099,279.0,Budget,2,0.35,Quick Bites,4.6,0.06,Sarjapur Road
1006876,Office Worker,power_user,29,36653,422.0,Budget,1,0.2,Quick Bites,5.6,0.01,JP Nagar
1006877,Student,occasional,24,29123,287.0,Budget,2,0.35,Cafe,0.3,0.06,JP Nagar
1006878,Office Worker,power_user,32,88355,419.0,Budget,1,0.2,Food Court,4.5,0.01,Whitefield
1006879,Family,regular,46,88500,897.0,Mid-range,2,0.15,Casual Dining,1.2,0.03,Electronic City
1006880,Student,occasional,22,21554,268.0,Budget,2,0.35,Quick Bites,32.2,0.06,BTM
1006881,Student,regular,24,12592,187.0,Budget,1,0.35,Quick Bites,5.1,0.03,Brookefield
1006882,Family,power_user,31,146087,746.0,Mid-range,3,0.15,Casual Dining,1.4,0.01,Indiranagar
1006883,Office Worker,occasional,35,38575,496.0,Budget,3,0.2,Casual Dining,35.0,0.06,Rajajinagar
1006884,Couple,regular,29,92527,779.0,Mid-range,1,0.3,Lounge,10.6,0.03,HSR
1006885,Food Explorer,occasional,26,92058,745.0,Mid-range,1,0.7,Club,11.0,0.06,Richmond Road
1006886,Food Explorer,regular,40,107284,895.0,Mid-range,2,0.7,Club,6.9,0.03,Nagawara
1006887,Office Worker,occasional,23,49171,598.0,Mid-range,1,0.2,Food Court,36.9,0.06,St. Marks Road
1006888,Office Worker,trial_only,27,84511,484.0,Budget,1,0.2,Cafe,21.5,0.15,St. Marks Road
1006889,Family,power_user,33,62906,439.0,Budget,2,0.15,Casual Dining,0.9,0.01,JP Nagar
1006890,Family,occasional,24,79999,930.0,Mid-range,3,0.15,Casual Dining,15.5,0.06,Brigade Road
1006891,Family,regular,47,74258,993.0,Mid-range,3,0.15,Food Court,4.3,0.03,"ITPL Main Road, Whitefield"
1006892,Office Worker,regular,29,74835,380.0,Budget,2,0.2,Food Court,9.0,0.03,HSR
1006893,Student,regular,21,19045,294.0,Budget,2,0.35,Dessert Parlor,8.6,0.03,Cunningham Road
1006894,Student,regular,20,10518,339.0,Budget,2,0.35,Quick Bites,6.4,0.03,MG Road
1006895,Student,power_user,24,29705,443.0,Budget,3,0.35,Dessert Parlor,1.4,0.01,Indiranagar
1006896,Student,occasional,20,16921,280.0,Budget,2,0.35,Cafe,12.2,0.06,JP Nagar
1006897,Food Explorer,occasional,36,94577,823.0,Mid-range,1,0.7,Bar,17.0,0.06,"Varthur Main Road, Whitefield"
1006898,Student,trial_only,22,23809,325.0,Budget,2,0.35,Quick Bites,15.6,0.15,BTM
1006899,Family,trial_only,54,73381,840.0,Mid-range,1,0.15,Casual Dining,21.6,0.15,Koramangala 4th Block
1006900,Food Explorer,regular,33,88257,933.0,Mid-range,1,0.7,Beverage Shop,11.5,0.03,Jayanagar
1006901,Office Worker,regular,40,81666,367.0,Budget,1,0.2,Casual Dining,4.0,0.03,Basavanagudi
1006902,Office Worker,power_user,35,51916,473.0,Budget,2,0.2,Cafe,1.9,0.01,Domlur
1006903,Family,occasional,22,160018,805.0,Mid-range,5,0.15,Food Court,7.3,0.06,Church Street
1006904,Office Worker,trial_only,25,46226,299.0,Budget,2,0.2,Food Court,20.1,0.15,Shanti Nagar
1006905,Office Worker,regular,37,46976,573.0,Mid-range,3,0.2,Delivery,2.0,0.03,Nagawara
1006906,Couple,regular,25,67165,1449.0,Premium,2,0.3,Cafe,6.5,0.03,Kammanahalli
1006907,Family,regular,26,85397,807.0,Mid-range,3,0.15,Casual Dining,4.7,0.03,Koramangala 4th Block
1006908,Couple,trial_only,41,73971,1122.0,Premium,2,0.3,Cafe,36.2,0.15,JP Nagar
1006909,Food Explorer,occasional,28,91974,600.0,Mid-range,1,0.7,Kiosk,13.7,0.06,Indiranagar
1006910,Office Worker,occasional,26,37813,521.0,Mid-range,1,0.2,Quick Bites,10.5,0.06,Koramangala 5th Block
1006911,Family,occasional,27,125343,811.0,Mid-range,2,0.15,Fine Dining,25.4,0.06,Kalyan Nagar
1006912,Family,regular,31,91340,666.0,Mid-range,4,0.15,Casual Dining,17.8,0.03,BTM
1006913,Family,regular,50,77611,697.0,Mid-range,4,0.15,Fine Dining,4.6,0.03,HSR
1006914,Family,occasional,36,158554,798.0,Mid-range,3,0.15,Cafe,22.6,0.06,Brigade Road
1006915,Family,occasional,54,124796,613.0,Mid-range,3,0.15,Casual Dining,11.6,0.06,Jayanagar
1006916,Couple,regular,39,78752,1300.0,Premium,2,0.3,Microbrewery,3.3,0.03,Jeevan Bhima Nagar
1006917,Office Worker,regular,27,68316,371.0,Budget,1,0.2,Quick Bites,8.4,0.03,Lavelle Road
1006918,Family,regular,25,168923,609.0,Mid-range,2,0.15,Casual Dining,8.0,0.03,Bannerghatta Road
1006919,Office Worker,power_user,39,46964,769.0,Mid-range,1,0.2,Casual Dining,4.0,0.01,St. Marks Road
1006920,Family,regular,52,89427,1188.0,Premium,5,0.15,Casual Dining,6.7,0.03,Sarjapur Road
1006921,Couple,regular,26,118265,1243.0,Premium,1,0.3,Pub,5.9,0.03,Electronic City
1006922,Couple,occasional,31,99196,1455.0,Premium,1,0.3,Fine Dining,12.3,0.06,Church Street
1006923,Office Worker,trial_only,36,70419,552.0,Mid-range,1,0.2,Quick Bites,48.0,0.15,CV Raman Nagar
1006924,Office Worker,occasional,40,40054,442.0,Budget,1,0.2,Casual Dining,17.8,0.06,Basavanagudi
1006925,Office Worker,occasional,39,85979,478.0,Budget,1,0.2,Delivery,16.5,0.06,Malleshwaram
1006926,Student,trial_only,19,10427,279.0,Budget,1,0.35,Quick Bites,29.4,0.15,New BEL Road
1006927,Office Worker,trial_only,39,46423,576.0,Mid-range,1,0.2,Quick Bites,17.4,0.15,Bellandur
1006928,Food Explorer,regular,35,90043,917.0,Mid-range,1,0.7,Pub,6.6,0.03,Brookefield
1006929,Office Worker,regular,31,61218,606.0,Mid-range,2,0.2,Delivery,11.8,0.03,Brigade Road
1006930,Food Explorer,regular,29,67021,666.0,Mid-range,1,0.7,Pub,4.1,0.03,St. Marks Road
1006931,Student,trial_only,23,34421,473.0,Budget,1,0.35,Quick Bites,15.1,0.15,Cunningham Road
1006932,Family,regular,50,101409,785.0,Mid-range,1,0.15,Cafe,2.0,0.03,HSR
1006933,Family,regular,52,141411,1209.0,Premium,1,0.15,Casual Dining,10.5,0.03,Bellandur
1006934,Family,occasional,36,108930,707.0,Mid-range,4,0.15,Fine Dining,46.3,0.06,Malleshwaram
1006935,Family,occasional,29,112856,541.0,Mid-range,2,0.15,Casual Dining,42.9,0.06,HSR
1006936,Family,occasional,51,153331,1206.0,Premium,2,0.15,Casual Dining,2.6,0.06,Jayanagar
1006937,Food Explorer,occasional,27,68337,765.0,Mid-range,1,0.7,Quick Bites,8.1,0.06,Jayanagar
1006938,Family,occasional,47,107969,904.0,Mid-range,3,0.15,Casual Dining,15.4,0.06,MG Road
1006939,Student,trial_only,21,29547,271.0,Budget,2,0.35,Quick Bites,54.2,0.15,BTM
1006940,Office Worker,power_user,33,35184,365.0,Budget,1,0.2,Cafe,0.5,0.01,Shivajinagar
1006941,Family,trial_only,27,111875,650.0,Mid-range,2,0.15,Cafe,9.8,0.15,Bannerghatta Road
1006942,Office Worker,occasional,27,46725,464.0,Budget,1,0.2,Casual Dining,10.5,0.06,BTM
1006943,Office Worker,regular,34,58940,435.0,Budget,1,0.2,Cafe,3.4,0.03,Koramangala 3rd Block
1006944,Family,trial_only,29,129136,412.0,Budget,8,0.15,Food Court,15.0,0.15,Ulsoor
1006945,Office Worker,trial_only,35,55744,619.0,Mid-range,1,0.2,Cafe,25.0,0.15,Koramangala 5th Block
1006946,Couple,trial_only,45,149349,1074.0,Premium,5,0.3,Fine Dining,36.5,0.15,Shanti Nagar
1006947,Family,trial_only,22,169534,1048.0,Premium,4,0.15,Fine Dining,13.5,0.15,Church Street
1006948,Family,regular,53,77177,659.0,Mid-range,2,0.15,Casual Dining,6.8,0.03,Domlur
1006949,Family,regular,26,137189,831.0,Mid-range,2,0.15,Casual Dining,6.8,0.03,Sarjapur Road
1006950,Couple,regular,27,82345,1492.0,Premium,1,0.3,Cafe,5.3,0.03,Koramangala 4th Block
1006951,Family,trial_only,50,145801,967.0,Mid-range,3,0.15,Casual Dining,9.6,0.15,Shivajinagar
1006952,Food Explorer,trial_only,25,78847,533.0,Mid-range,2,0.7,Confectionery,10.3,0.15,Ulsoor
1006953,Student,trial_only,22,33840,341.0,Budget,1,0.35,Quick Bites,18.9,0.15,BTM
1006954,Family,trial_only,23,173358,935.0,Mid-range,3,0.15,Casual Dining,21.9,0.15,Kalyan Nagar
1006955,Family,occasional,23,66801,770.0,Mid-range,5,0.15,Dessert Parlor,26.5,0.06,Basaveshwara Nagar
1006956,Office Worker,regular,26,36505,339.0,Budget,1,0.2,Quick Bites,12.8,0.03,Koramangala 7th Block
1006957,Office Worker,regular,32,31369,388.0,Budget,2,0.2,Food Court,8.3,0.03,Koramangala 5th Block
1006958,Family,occasional,30,155259,724.0,Mid-range,3,0.15,Casual Dining,3.5,0.06,Sankey Road
1006959,Office Worker,occasional,27,43717,453.0,Budget,1,0.2,Casual Dining,23.8,0.06,Electronic City
1006960,Food Explorer,regular,37,97837,998.0,Mid-range,1,0.7,Quick Bites,2.8,0.03,Jayanagar
1006961,Office Worker,trial_only,26,49938,541.0,Mid-range,2,0.2,Quick Bites,37.3,0.15,St. Marks Road
1006962,Student,occasional,18,17661,235.0,Budget,1,0.35,Cafe,5.6,0.06,Richmond Road
1006963,Family,regular,23,132499,1167.0,Premium,3,0.15,Cafe,7.7,0.03,Bellandur
1006964,Office Worker,trial_only,38,76425,442.0,Budget,1,0.2,Casual Dining,37.8,0.15,Marathahalli
1006965,Student,occasional,21,24163,354.0,Budget,1,0.35,Quick Bites,11.0,0.06,Commercial Street
1006966,Family,occasional,54,128985,612.0,Mid-range,4,0.15,Fine Dining,9.7,0.06,Indiranagar
1006967,Office Worker,regular,37,74196,405.0,Budget,1,0.2,Quick Bites,4.8,0.03,Bellandur
1006968,Student,regular,19,14284,383.0,Budget,1,0.35,Cafe,9.8,0.03,Bannerghatta Road
1006969,Family,power_user,48,131044,624.0,Mid-range,3,0.15,Casual Dining,2.7,0.01,"ITPL Main Road, Whitefield"
1006970,Family,occasional,36,94289,811.0,Mid-range,2,0.15,Cafe,3.6,0.06,Old Airport Road
1006971,Couple,occasional,36,65488,1341.0,Premium,1,0.3,Pub,10.7,0.06,Malleshwaram
1006972,Office Worker,trial_only,32,49700,348.0,Budget,1,0.2,Quick Bites,43.9,0.15,Sarjapur Road
1006973,Student,trial_only,23,14809,158.0,Budget,2,0.35,Cafe,54.6,0.15,Brigade Road
1006974,Food Explorer,power_user,25,65842,827.0,Mid-range,1,0.7,Pop Up,5.1,0.01,HSR
1006975,Family,trial_only,22,62824,1373.0,Premium,4,0.15,Casual Dining,23.9,0.15,St. Marks Road
1006976,Student,regular,23,28659,337.0,Budget,1,0.35,Food Court,2.3,0.03,South Bangalore
1006977,Couple,power_user,44,84836,1395.0,Premium,1,0.3,Cafe,2.4,0.01,Residency Road
1006978,Student,occasional,22,26508,229.0,Budget,3,0.35,Quick Bites,37.3,0.06,Indiranagar
1006979,Couple,trial_only,26,124941,1641.0,Premium,1,0.3,Cafe,10.2,0.15,Marathahalli
1006980,Family,trial_only,24,158383,725.0,Mid-range,6,0.15,Dessert Parlor,5.4,0.15,Rajajinagar
1006981,Food Explorer,trial_only,32,46222,891.0,Mid-range,2,0.7,Kiosk,13.3,0.15,Shanti Nagar
1006982,Food Explorer,regular,39,80864,752.0,Mid-range,2,0.7,Beverage Shop,9.9,0.03,Indiranagar
1006983,Office Worker,regular,34,55005,513.0,Mid-range,1,0.2,Casual Dining,3.8,0.03,Richmond Road
1006984,Couple,power_user,30,85053,1378.0,Premium,1,0.3,Cafe,4.3,0.01,Nagawara
1006985,Office Worker,occasional,34,78400,506.0,Mid-range,1,0.2,Delivery,46.1,0.06,Basavanagudi
1006986,Family,occasional,25,68130,857.0,Mid-range,5,0.15,Casual Dining,15.9,0.06,Bannerghatta Road
1006987,Family,regular,37,97216,994.0,Mid-range,2,0.15,Casual Dining,2.5,0.03,Brigade Road
1006988,Student,occasional,24,29860,242.0,Budget,1,0.35,Quick Bites,22.9,0.06,Banaswadi
1006989,Student,occasional,22,19867,281.0,Budget,1,0.35,Cafe,58.1,0.06,BTM
1006990,Student,occasional,18,11869,417.0,Budget,1,0.35,Quick Bites,6.5,0.06,Old Airport Road
1006991,Student,regular,19,14337,314.0,Budget,2,0.35,Beverage Shop,2.3,0.03,Koramangala 5th Block
1006992,Office Worker,regular,24,48088,417.0,Budget,1,0.2,Food Court,9.5,0.03,Ejipura
1006993,Food Explorer,occasional,29,59849,859.0,Mid-range,1,0.7,Food Court,14.6,0.06,East Bangalore
1006994,Office Worker,occasional,27,70133,534.0,Mid-range,1,0.2,Cafe,23.9,0.06,BTM
1006995,Couple,regular,45,67140,810.0,Mid-range,4,0.3,Cafe,29.7,0.03,Infantry Road
1006996,Couple,power_user,31,126417,1419.0,Premium,1,0.3,Cafe,0.7,0.01,JP Nagar
1006997,Family,trial_only,21,97389,827.0,Mid-range,5,0.15,Casual Dining,27.1,0.15,Electronic City
1006998,Office Worker,occasional,30,34110,521.0,Mid-range,1,0.2,Casual Dining,2.6,0.06,BTM
1006999,Couple,regular,40,51130,1203.0,Premium,3,0.3,Cafe,3.0,0.03,JP Nagar
1007000,Family,occasional,44,132914,893.0,Mid-range,3,0.15,Cafe,1.3,0.06,Whitefield
1007001,Family,occasional,55,148178,434.0,Budget,3,0.15,Cafe,17.1,0.06,Koramangala 5th Block
1007002,Food Explorer,regular,28,50971,376.0,Budget,1,0.7,Takeaway,4.1,0.03,Shivajinagar
1007003,Family,regular,38,97081,948.0,Mid-range,3,0.15,Cafe,6.3,0.03,South Bangalore
1007004,Office Worker,trial_only,33,75435,712.0,Mid-range,1,0.2,Casual Dining,29.3,0.15,Indiranagar
1007005,Couple,occasional,24,136781,1310.0,Premium,2,0.3,Cafe,11.3,0.06,Residency Road
1007006,Office Worker,regular,23,73791,381.0,Budget,1,0.2,Food Court,1.9,0.03,Koramangala 5th Block
1007007,Couple,occasional,41,111768,1241.0,Premium,4,0.3,Cafe,5.5,0.06,Basaveshwara Nagar
1007008,Student,occasional,20,28702,229.0,Budget,3,0.35,Quick Bites,9.2,0.06,Malleshwaram
1007009,Student,occasional,22,17425,400.0,Budget,2,0.35,Cafe,7.7,0.06,Malleshwaram
1007010,Office Worker,regular,40,33825,455.0,Budget,1,0.2,Food Court,12.1,0.03,Whitefield
1007011,Student,power_user,19,24105,384.0,Budget,1,0.35,Quick Bites,1.1,0.01,Koramangala 7th Block
1007012,Food Explorer,regular,36,84754,562.0,Mid-range,1,0.7,Takeaway,1.1,0.03,Bannerghatta Road
1007013,Student,trial_only,19,30082,391.0,Budget,4,0.35,Quick Bites,34.6,0.15,Domlur
1007014,Family,occasional,46,88902,475.0,Budget,3,0.15,Fine Dining,16.9,0.06,MG Road
1007015,Student,trial_only,19,32227,302.0,Budget,2,0.35,Dessert Parlor,17.3,0.15,Whitefield
1007016,Food Explorer,power_user,27,79665,735.0,Mid-range,2,0.7,Food Truck,1.9,0.01,HSR
1007017,Office Worker,occasional,31,56528,423.0,Budget,2,0.2,Food Court,19.8,0.06,Rajajinagar
1007018,Student,occasional,21,34736,329.0,Budget,2,0.35,Quick Bites,5.1,0.06,BTM
1007019,Student,occasional,18,23588,327.0,Budget,2,0.35,Dessert Parlor,14.4,0.06,Electronic City
1007020,Family,regular,50,70856,1010.0,Premium,6,0.15,Fine Dining,7.0,0.03,MG Road
1007021,Food Explorer,occasional,22,60294,755.0,Mid-range,2,0.7,Microbrewery,17.2,0.06,Koramangala 4th Block
1007022,Food Explorer,power_user,38,87524,698.0,Mid-range,2,0.7,Pub,4.5,0.01,HSR
1007023,Office Worker,power_user,26,43817,538.0,Mid-range,1,0.2,Casual Dining,1.6,0.01,MG Road
1007024,Office Worker,occasional,35,39900,315.0,Budget,1,0.2,Quick Bites,17.8,0.06,Whitefield
1007025,Student,regular,22,17417,240.0,Budget,2,0.35,Dessert Parlor,6.4,0.03,Koramangala 6th Block
1007026,Office Worker,power_user,31,60603,311.0,Budget,1,0.2,Quick Bites,1.0,0.01,Whitefield
1007027,Family,trial_only,39,71130,910.0,Mid-range,3,0.15,Casual Dining,56.7,0.15,Marathahalli
1007028,Office Worker,regular,24,61254,491.0,Budget,1,0.2,Casual Dining,5.3,0.03,Residency Road
1007029,Family,occasional,52,147266,1077.0,Premium,3,0.15,Casual Dining,11.0,0.06,Whitefield
1007030,Couple,trial_only,26,95623,1305.0,Premium,3,0.3,Pub,26.2,0.15,Shivajinagar
1007031,Student,occasional,22,27352,249.0,Budget,1,0.35,Quick Bites,14.6,0.06,Electronic City
1007032,Student,power_user,18,25991,311.0,Budget,4,0.35,Quick Bites,5.1,0.01,Koramangala
1007033,Student,occasional,23,22407,150.0,Budget,1,0.35,Dessert Parlor,15.8,0.06,Ulsoor
1007034,Student,occasional,20,34355,267.0,Budget,1,0.35,Quick Bites,22.3,0.06,Koramangala 5th Block
1007035,Student,regular,21,25292,112.0,Budget,2,0.35,Dessert Parlor,3.9,0.03,Residency Road
1007036,Family,occasional,20,156627,866.0,Mid-range,3,0.15,Casual Dining,4.5,0.06,Ulsoor
1007037,Student,trial_only,19,26022,278.0,Budget,1,0.35,Dessert Parlor,14.1,0.15,HSR
1007038,Family,regular,35,175023,774.0,Mid-range,2,0.15,Casual Dining,4.8,0.03,BTM
1007039,Couple,regular,39,93117,921.0,Mid-range,2,0.3,Lounge,2.9,0.03,Lavelle Road
1007040,Food Explorer,occasional,33,55156,433.0,Budget,1,0.7,Bar,14.4,0.06,Koramangala 1st Block
1007041,Family,occasional,29,81791,939.0,Mid-range,4,0.15,Dessert Parlor,21.4,0.06,Richmond Road
1007042,Student,occasional,22,34831,185.0,Budget,2,0.35,Quick Bites,17.0,0.06,Brigade Road
1007043,Student,regular,19,29964,340.0,Budget,3,0.35,Quick Bites,12.4,0.03,Lavelle Road
1007044,Student,power_user,21,17629,235.0,Budget,1,0.35,Quick Bites,1.8,0.01,Koramangala 5th Block
1007045,Food Explorer,occasional,32,75806,180.0,Budget,2,0.7,Bhojanalya,25.6,0.06,HSR
1007046,Food Explorer,trial_only,26,42733,907.0,Mid-range,1,0.7,Bar,39.0,0.15,Marathahalli
1007047,Office Worker,power_user,26,87182,583.0,Mid-range,2,0.2,Quick Bites,2.7,0.01,Brigade Road
1007048,Office Worker,trial_only,32,56174,396.0,Budget,1,0.2,Casual Dining,9.2,0.15,Ulsoor
1007049,Office Worker,regular,33,53076,395.0,Budget,2,0.2,Cafe,6.0,0.03,JP Nagar
1007050,Office Worker,power_user,40,44772,425.0,Budget,1,0.2,Quick Bites,2.5,0.01,Brookefield
1007051,Food Explorer,occasional,31,46581,397.0,Budget,1,0.7,Bhojanalya,42.1,0.06,Basavanagudi
1007052,Student,regular,21,29053,249.0,Budget,2,0.35,Quick Bites,7.5,0.03,Koramangala 1st Block
1007053,Office Worker,occasional,31,43370,495.0,Budget,2,0.2,Casual Dining,3.6,0.06,Electronic City
1007054,Office Worker,regular,38,35216,657.0,Mid-range,1,0.2,Quick Bites,11.4,0.03,Frazer Town
1007055,Student,occasional,20,34464,272.0,Budget,1,0.35,Quick Bites,15.4,0.06,Mysore Road
1007056,Office Worker,regular,29,62880,552.0,Mid-range,1,0.2,Casual Dining,9.9,0.03,Marathahalli
1007057,Couple,trial_only,32,57712,1306.0,Premium,3,0.3,Fine Dining,37.1,0.15,Whitefield
1007058,Student,trial_only,22,17235,166.0,Budget,2,0.35,Quick Bites,49.2,0.15,Koramangala 1st Block
1007059,Family,regular,45,126435,795.0,Mid-range,4,0.15,Cafe,12.4,0.03,Whitefield
1007060,Office Worker,regular,31,42404,435.0,Budget,1,0.2,Casual Dining,19.2,0.03,BTM
1007061,Student,trial_only,19,34751,417.0,Budget,1,0.35,Dessert Parlor,49.6,0.15,Hennur
1007062,Student,regular,22,31891,420.0,Budget,1,0.35,Quick Bites,4.3,0.03,Jayanagar
1007063,Office Worker,trial_only,27,83143,488.0,Budget,1,0.2,Casual Dining,8.9,0.15,Brigade Road
1007064,Student,occasional,24,22888,397.0,Budget,3,0.35,Beverage Shop,5.2,0.06,HSR
1007065,Office Worker,trial_only,34,89300,435.0,Budget,2,0.2,Cafe,13.5,0.15,Basavanagudi
1007066,Couple,regular,33,82544,1536.0,Premium,2,0.3,Cafe,4.6,0.03,Koramangala 1st Block
1007067,Family,regular,28,126645,820.0,Mid-range,2,0.15,Cafe,2.8,0.03,Koramangala 5th Block
1007068,Food Explorer,regular,36,99690,874.0,Mid-range,1,0.7,Mess,5.7,0.03,Whitefield
1007069,Office Worker,power_user,33,60315,570.0,Mid-range,1,0.2,Food Court,1.4,0.01,Ulsoor
1007070,Family,regular,51,162383,943.0,Mid-range,1,0.15,Fine Dining,7.0,0.03,Cunningham Road
1007071,Family,trial_only,45,72463,652.0,Mid-range,4,0.15,Fine Dining,30.3,0.15,HSR
1007072,Student,regular,23,21052,266.0,Budget,1,0.35,Quick Bites,4.6,0.03,Koramangala 5th Block
1007073,Office Worker,power_user,24,79795,525.0,Mid-range,1,0.2,Casual Dining,8.6,0.01,Domlur
1007074,Office Worker,regular,23,40927,539.0,Mid-range,1,0.2,Quick Bites,10.2,0.03,Basavanagudi
1007075,Couple,regular,38,88503,1248.0,Premium,2,0.3,Pub,7.8,0.03,Bommanahalli
1007076,Office Worker,occasional,23,89661,419.0,Budget,1,0.2,Cafe,31.6,0.06,Koramangala 5th Block
1007077,Student,power_user,24,25338,315.0,Budget,1,0.35,Dessert Parlor,2.4,0.01,MG Road
1007078,Food Explorer,occasional,38,68718,530.0,Mid-range,3,0.7,Meat Shop,17.8,0.06,JP Nagar
1007079,Student,trial_only,22,19078,278.0,Budget,1,0.35,Quick Bites,57.8,0.15,Indiranagar
1007080,Food Explorer,regular,35,56440,1090.0,Premium,2,0.7,Bar,25.3,0.03,Koramangala 7th Block
1007081,Couple,occasional,33,123480,1057.0,Premium,4,0.3,Fine Dining,6.3,0.06,Marathahalli
1007082,Couple,regular,45,60331,1352.0,Premium,1,0.3,Fine Dining,3.1,0.03,Sarjapur Road
1007083,Couple,regular,24,70807,1246.0,Premium,1,0.3,Pub,15.7,0.03,Marathahalli
1007084,Student,trial_only,20,13096,202.0,Budget,1,0.35,Dessert Parlor,31.3,0.15,Brookefield
1007085,Family,trial_only,45,150462,548.0,Mid-range,2,0.15,Casual Dining,25.1,0.15,JP Nagar
1007086,Couple,regular,41,144305,1176.0,Premium,3,0.3,Fine Dining,7.6,0.03,BTM
1007087,Family,occasional,28,70461,409.0,Budget,4,0.15,Fine Dining,35.4,0.06,New BEL Road
1007088,Office Worker,regular,37,86800,633.0,Mid-range,1,0.2,Cafe,10.3,0.03,Commercial Street
1007089,Student,occasional,21,32909,271.0,Budget,1,0.35,Dessert Parlor,16.4,0.06,Church Street
1007090,Office Worker,occasional,38,60476,406.0,Budget,1,0.2,Cafe,6.5,0.06,Bellandur
1007091,Office Worker,power_user,27,32222,572.0,Mid-range,1,0.2,Delivery,2.6,0.01,Bellandur
1007092,Family,trial_only,44,143056,772.0,Mid-range,4,0.15,Casual Dining,40.7,0.15,Indiranagar
1007093,Couple,occasional,28,102463,1395.0,Premium,2,0.3,Pub,15.0,0.06,Electronic City
1007094,Couple,power_user,27,133264,1028.0,Premium,1,0.3,Cafe,8.7,0.01,BTM
1007095,Family,trial_only,45,95395,809.0,Mid-range,2,0.15,Cafe,35.7,0.15,Kalyan Nagar
1007096,Office Worker,occasional,35,63447,547.0,Mid-range,1,0.2,Casual Dining,12.4,0.06,Malleshwaram
1007097,Office Worker,regular,28,83511,364.0,Budget,1,0.2,Cafe,11.1,0.03,Church Street
1007098,Office Worker,occasional,33,70019,503.0,Mid-range,2,0.2,Cafe,46.1,0.06,MG Road
1007099,Student,trial_only,24,26157,107.0,Budget,1,0.35,Quick Bites,65.2,0.15,Koramangala 5th Block
1007100,Student,trial_only,20,34175,401.0,Budget,1,0.35,Quick Bites,7.3,0.15,Cunningham Road
1007101,Office Worker,regular,32,59374,394.0,Budget,2,0.2,Cafe,8.8,0.03,Marathahalli
1007102,Office Worker,occasional,26,40352,441.0,Budget,2,0.2,Casual Dining,21.5,0.06,Banashankari
1007103,Family,trial_only,38,177143,780.0,Mid-range,3,0.15,Casual Dining,71.1,0.15,JP Nagar
1007104,Student,trial_only,24,13469,222.0,Budget,1,0.35,Cafe,11.6,0.15,Bannerghatta Road
1007105,Office Worker,power_user,34,63069,345.0,Budget,1,0.2,Cafe,4.1,0.01,Banashankari
1007106,Student,occasional,18,28826,342.0,Budget,4,0.35,Quick Bites,6.1,0.06,MG Road
1007107,Family,trial_only,46,154449,914.0,Mid-range,5,0.15,Fine Dining,4.4,0.15,Indiranagar
1007108,Family,power_user,35,144400,623.0,Mid-range,3,0.15,Cafe,1.7,0.01,Koramangala 4th Block
1007109,Office Worker,regular,23,55522,504.0,Mid-range,2,0.2,Casual Dining,9.1,0.03,BTM
1007110,Student,occasional,22,14648,345.0,Budget,1,0.35,Quick Bites,33.8,0.06,Koramangala 4th Block
1007111,Food Explorer,occasional,27,43059,505.0,Mid-range,1,0.7,Kiosk,8.3,0.06,Koramangala 8th Block
1007112,Family,occasional,54,96290,541.0,Mid-range,5,0.15,Casual Dining,8.3,0.06,Koramangala 7th Block
1007113,Family,power_user,55,176643,792.0,Mid-range,2,0.15,Dessert Parlor,3.4,0.01,Bellandur
1007114,Office Worker,occasional,35,71115,487.0,Budget,1,0.2,Quick Bites,17.1,0.06,Electronic City
1007115,Couple,regular,37,90694,1182.0,Premium,1,0.3,Lounge,6.9,0.03,BTM
1007116,Couple,trial_only,30,99437,1022.0,Premium,2,0.3,Lounge,10.2,0.15,Bannerghatta Road
1007117,Office Worker,regular,24,50049,497.0,Budget,1,0.2,Cafe,3.4,0.03,Lavelle Road
1007118,Family,power_user,22,167217,1053.0,Premium,6,0.15,Cafe,7.7,0.01,Nagawara
1007119,Student,trial_only,21,21337,238.0,Budget,1,0.35,Cafe,58.2,0.15,Koramangala 5th Block
1007120,Family,occasional,31,160459,740.0,Mid-range,3,0.15,Dessert Parlor,11.4,0.06,Malleshwaram
1007121,Office Worker,regular,40,33062,724.0,Mid-range,1,0.2,Cafe,9.1,0.03,Brigade Road
1007122,Student,regular,20,22178,323.0,Budget,1,0.35,Beverage Shop,10.0,0.03,Nagawara
1007123,Food Explorer,occasional,26,88238,283.0,Budget,2,0.7,Beverage Shop,14.4,0.06,Electronic City
1007124,Couple,trial_only,42,116687,1057.0,Premium,2,0.3,Pub,4.8,0.15,JP Nagar
1007125,Office Worker,regular,38,31426,374.0,Budget,2,0.2,Cafe,10.1,0.03,BTM
1007126,Food Explorer,trial_only,29,91477,695.0,Mid-range,1,0.7,Quick Bites,5.4,0.15,Brookefield
1007127,Office Worker,regular,24,80360,481.0,Budget,1,0.2,Casual Dining,2.8,0.03,Frazer Town
1007128,Office Worker,occasional,24,35524,386.0,Budget,1,0.2,Cafe,28.6,0.06,Bommanahalli
1007129,Couple,regular,35,83075,1757.0,Premium,1,0.3,Fine Dining,4.2,0.03,BTM
1007130,Office Worker,power_user,38,55535,459.0,Budget,1,0.2,Cafe,2.4,0.01,Kaggadasapura
1007131,Office Worker,trial_only,29,45263,404.0,Budget,1,0.2,Cafe,10.7,0.15,Koramangala 5th Block
1007132,Family,regular,20,112786,556.0,Mid-range,2,0.15,Dessert Parlor,2.5,0.03,Koramangala 6th Block
1007133,Student,trial_only,20,32328,228.0,Budget,2,0.35,Cafe,44.8,0.15,Koramangala 6th Block
1007134,Office Worker,regular,23,83842,325.0,Budget,1,0.2,Casual Dining,7.7,0.03,BTM
1007135,Office Worker,regular,30,66074,431.0,Budget,2,0.2,Delivery,7.6,0.03,Ulsoor
1007136,Family,trial_only,37,166234,623.0,Mid-range,2,0.15,Fine Dining,45.1,0.15,Jayanagar
1007137,Student,occasional,23,30380,363.0,Budget,2,0.35,Cafe,6.9,0.06,Shanti Nagar
1007138,Student,regular,18,11440,253.0,Budget,2,0.35,Cafe,5.3,0.03,Koramangala 7th Block
1007139,Family,occasional,37,106434,968.0,Mid-range,2,0.15,Cafe,6.8,0.06,BTM
1007140,Student,regular,19,31130,339.0,Budget,1,0.35,Food Court,4.2,0.03,Koramangala 6th Block
1007141,Office Worker,trial_only,31,56544,515.0,Mid-range,1,0.2,Quick Bites,15.2,0.15,HBR Layout
1007142,Family,power_user,55,133402,979.0,Mid-range,1,0.15,Casual Dining,4.0,0.01,Church Street
1007143,Couple,occasional,40,91204,1798.0,Premium,1,0.3,Cafe,34.0,0.06,Residency Road
1007144,Student,power_user,23,10405,232.0,Budget,1,0.35,Quick Bites,1.3,0.01,Koramangala 8th Block
1007145,Couple,occasional,24,106499,1454.0,Premium,3,0.3,Cafe,22.2,0.06,Malleshwaram
1007146,Family,trial_only,47,105798,880.0,Mid-range,4,0.15,Cafe,63.8,0.15,Koramangala 5th Block
1007147,Office Worker,trial_only,38,76438,556.0,Mid-range,1,0.2,Casual Dining,15.7,0.15,Marathahalli
1007148,Couple,regular,38,138809,1233.0,Premium,1,0.3,Fine Dining,4.9,0.03,BTM
1007149,Family,regular,48,72548,1035.0,Premium,3,0.15,Dessert Parlor,6.2,0.03,Koramangala 1st Block
1007150,Family,regular,21,102988,542.0,Mid-range,6,0.15,Dessert Parlor,14.6,0.03,Whitefield
1007151,Family,trial_only,46,107123,599.0,Mid-range,2,0.15,Fine Dining,56.3,0.15,Frazer Town
1007152,Family,power_user,50,141174,686.0,Mid-range,5,0.15,Casual Dining,0.0,0.01,BTM
1007153,Food Explorer,occasional,26,71696,581.0,Mid-range,1,0.7,Fine Dining,11.9,0.06,BTM
1007154,Family,regular,36,127880,809.0,Mid-range,2,0.15,Dessert Parlor,7.9,0.03,Seshadripuram
1007155,Couple,trial_only,33,140832,978.0,Mid-range,3,0.3,Microbrewery,37.9,0.15,Shivajinagar
1007156,Family,occasional,23,130783,602.0,Mid-range,6,0.15,Casual Dining,19.9,0.06,Jayanagar
1007157,Couple,occasional,26,59843,1003.0,Premium,5,0.3,Microbrewery,18.1,0.06,BTM
1007158,Food Explorer,trial_only,27,78464,173.0,Budget,4,0.7,Delivery,63.9,0.15,Indiranagar
1007159,Student,trial_only,18,32164,277.0,Budget,1,0.35,Bakery,13.4,0.15,Whitefield
1007160,Student,occasional,21,22059,295.0,Budget,1,0.35,Food Court,16.6,0.06,Residency Road
1007161,Family,occasional,22,177950,888.0,Mid-range,3,0.15,Casual Dining,20.1,0.06,Electronic City
1007162,Office Worker,occasional,23,84159,467.0,Budget,1,0.2,Quick Bites,9.3,0.06,Sarjapur Road
1007163,Family,regular,42,91679,1159.0,Premium,3,0.15,Fine Dining,5.9,0.03,Commercial Street
1007164,Couple,power_user,29,91382,1444.0,Premium,1,0.3,Fine Dining,0.3,0.01,Bannerghatta Road
1007165,Food Explorer,occasional,29,54808,784.0,Mid-range,2,0.7,Takeaway,7.6,0.06,BTM
1007166,Office Worker,occasional,29,41484,486.0,Budget,1,0.2,Casual Dining,3.8,0.06,Hennur
1007167,Family,regular,36,104131,907.0,Mid-range,4,0.15,Cafe,6.6,0.03,Koramangala 7th Block
1007168,Student,regular,21,20493,282.0,Budget,2,0.35,Quick Bites,4.9,0.03,HSR
1007169,Office Worker,occasional,25,51026,460.0,Budget,1,0.2,Food Court,12.1,0.06,Shanti Nagar
1007170,Student,regular,18,28323,454.0,Budget,2,0.35,Dessert Parlor,10.3,0.03,Koramangala 5th Block
1007171,Office Worker,occasional,30,39117,443.0,Budget,1,0.2,Quick Bites,8.0,0.06,Malleshwaram
1007172,Office Worker,occasional,33,58515,317.0,Budget,1,0.2,Quick Bites,25.4,0.06,Jayanagar
1007173,Family,regular,47,166643,939.0,Mid-range,1,0.15,Casual Dining,10.0,0.03,Thippasandra
1007174,Family,regular,27,147852,975.0,Mid-range,2,0.15,Fine Dining,4.9,0.03,Sarjapur Road
1007175,Office Worker,regular,24,42266,465.0,Budget,1,0.2,Delivery,5.4,0.03,Whitefield
1007176,Student,regular,22,15994,150.0,Budget,4,0.35,Dessert Parlor,12.7,0.03,Marathahalli
1007177,Student,occasional,24,33152,403.0,Budget,1,0.35,Cafe,10.0,0.06,Electronic City
1007178,Food Explorer,occasional,26,86621,657.0,Mid-range,1,0.7,Kiosk,13.9,0.06,Commercial Street
1007179,Food Explorer,trial_only,23,110381,522.0,Mid-range,3,0.7,Sweet Shop,22.6,0.15,Bellandur
1007180,Office Worker,power_user,30,81860,569.0,Mid-range,1,0.2,Casual Dining,6.1,0.01,Sarjapur Road
1007181,Office Worker,occasional,33,56489,248.0,Budget,2,0.2,Cafe,17.1,0.06,Koramangala 5th Block
1007182,Office Worker,regular,34,61758,461.0,Budget,3,0.2,Quick Bites,7.5,0.03,Koramangala 5th Block
1007183,Family,trial_only,24,104199,692.0,Mid-range,4,0.15,Casual Dining,46.9,0.15,HSR
1007184,Office Worker,power_user,34,68209,599.0,Mid-range,2,0.2,Quick Bites,1.1,0.01,Koramangala 5th Block
1007185,Student,occasional,20,26243,319.0,Budget,3,0.35,Beverage Shop,13.7,0.06,Jayanagar
1007186,Office Worker,occasional,23,70729,364.0,Budget,2,0.2,Cafe,17.6,0.06,Indiranagar
1007187,Office Worker,regular,39,81656,564.0,Mid-range,2,0.2,Food Court,2.9,0.03,Residency Road
1007188,Office Worker,trial_only,32,74381,204.0,Budget,1,0.2,Casual Dining,57.0,0.15,Banashankari
1007189,Student,regular,20,12544,341.0,Budget,2,0.35,Quick Bites,8.2,0.03,Whitefield
1007190,Family,regular,49,102035,547.0,Mid-range,3,0.15,Casual Dining,6.1,0.03,Whitefield
1007191,Office Worker,occasional,37,64198,404.0,Budget,1,0.2,Casual Dining,6.2,0.06,Indiranagar
1007192,Office Worker,occasional,26,67611,426.0,Budget,1,0.2,Food Court,8.9,0.06,Marathahalli
1007193,Family,regular,54,163721,982.0,Mid-range,4,0.15,Casual Dining,3.3,0.03,Brigade Road
1007194,Office Worker,regular,32,54970,670.0,Mid-range,1,0.2,Food Court,8.0,0.03,Richmond Road
1007195,Couple,regular,29,132173,666.0,Mid-range,1,0.3,Cafe,16.5,0.03,Sarjapur Road
1007196,Food Explorer,trial_only,30,71277,712.0,Mid-range,1,0.7,Bar,25.1,0.15,Indiranagar
1007197,Student,occasional,19,13652,476.0,Budget,2,0.35,Quick Bites,31.6,0.06,Brigade Road
1007198,Couple,regular,42,97520,1028.0,Premium,2,0.3,Cafe,13.6,0.03,Old Airport Road
1007199,Family,regular,29,77903,673.0,Mid-range,3,0.15,Fine Dining,6.8,0.03,Sarjapur Road
1007200,Family,trial_only,35,108938,847.0,Mid-range,4,0.15,Food Court,19.1,0.15,HSR
1007201,Office Worker,trial_only,24,44543,533.0,Mid-range,1,0.2,Food Court,14.9,0.15,Brigade Road
1007202,Office Worker,power_user,39,31552,516.0,Mid-range,1,0.2,Quick Bites,0.4,0.01,HBR Layout
1007203,Student,occasional,20,26589,271.0,Budget,1,0.35,Cafe,18.9,0.06,Koramangala 6th Block
1007204,Food Explorer,regular,34,99360,399.0,Budget,3,0.7,Dhaba,10.6,0.03,HSR
1007205,Family,regular,32,75824,1063.0,Premium,3,0.15,Casual Dining,7.3,0.03,Church Street
1007206,Office Worker,trial_only,33,65060,373.0,Budget,1,0.2,Casual Dining,24.0,0.15,Indiranagar
1007207,Office Worker,trial_only,33,60127,258.0,Budget,1,0.2,Quick Bites,76.6,0.15,Marathahalli
1007208,Student,power_user,20,13439,184.0,Budget,1,0.35,Quick Bites,4.2,0.01,Yeshwantpur
1007209,Student,trial_only,21,25209,254.0,Budget,1,0.35,Beverage Shop,34.7,0.15,JP Nagar
1007210,Family,occasional,41,91357,1099.0,Premium,4,0.15,Cafe,3.9,0.06,Marathahalli
1007211,Office Worker,occasional,26,79321,331.0,Budget,1,0.2,Cafe,14.0,0.06,Infantry Road
1007212,Couple,occasional,26,111104,1657.0,Premium,2,0.3,Fine Dining,12.5,0.06,St. Marks Road
1007213,Family,occasional,26,73389,1061.0,Premium,7,0.15,Casual Dining,11.5,0.06,BTM
1007214,Family,trial_only,34,122162,845.0,Mid-range,1,0.15,Casual Dining,39.5,0.15,New BEL Road
1007215,Couple,regular,28,61676,435.0,Budget,2,0.3,Cafe,6.4,0.03,HSR
1007216,Student,occasional,19,28086,205.0,Budget,1,0.35,Beverage Shop,40.2,0.06,Sarjapur Road
1007217,Family,regular,44,95691,673.0,Mid-range,3,0.15,Fine Dining,5.7,0.03,Malleshwaram
1007218,Family,trial_only,44,118708,1146.0,Premium,1,0.15,Fine Dining,28.1,0.15,Koramangala 1st Block
1007219,Office Worker,power_user,39,71763,393.0,Budget,2,0.2,Cafe,6.5,0.01,Mysore Road
1007220,Student,regular,23,31116,238.0,Budget,1,0.35,Beverage Shop,1.9,0.03,Brigade Road
1007221,Student,occasional,20,22807,315.0,Budget,3,0.35,Quick Bites,5.3,0.06,HSR
1007222,Student,regular,24,11936,187.0,Budget,1,0.35,Bakery,2.4,0.03,BTM
1007223,Office Worker,regular,39,45525,448.0,Budget,1,0.2,Quick Bites,13.1,0.03,Kalyan Nagar
1007224,Student,regular,19,25330,236.0,Budget,3,0.35,Quick Bites,7.0,0.03,Bannerghatta Road
1007225,Family,occasional,26,65028,1338.0,Premium,4,0.15,Dessert Parlor,45.8,0.06,Kalyan Nagar
1007226,Student,regular,24,19289,227.0,Budget,1,0.35,Quick Bites,8.8,0.03,MG Road
1007227,Student,regular,24,18085,454.0,Budget,2,0.35,Dessert Parlor,6.5,0.03,Marathahalli
1007228,Office Worker,occasional,38,48410,336.0,Budget,1,0.2,Casual Dining,3.4,0.06,Marathahalli
1007229,Student,trial_only,21,33845,321.0,Budget,1,0.35,Cafe,10.8,0.15,Koramangala 1st Block
1007230,Food Explorer,occasional,38,115492,725.0,Mid-range,2,0.7,Takeaway,9.4,0.06,Electronic City
1007231,Office Worker,regular,36,83836,464.0,Budget,1,0.2,Casual Dining,23.3,0.03,JP Nagar
1007232,Student,trial_only,23,31596,306.0,Budget,2,0.35,Quick Bites,27.8,0.15,BTM
1007233,Student,trial_only,22,32338,369.0,Budget,2,0.35,Quick Bites,60.7,0.15,Lavelle Road
1007234,Office Worker,occasional,27,41023,492.0,Budget,1,0.2,Food Court,11.4,0.06,Shanti Nagar
1007235,Family,occasional,46,107212,765.0,Mid-range,3,0.15,Dessert Parlor,1.8,0.06,Basavanagudi
1007236,Couple,power_user,43,55743,998.0,Mid-range,2,0.3,Cafe,1.2,0.01,Marathahalli
1007237,Office Worker,occasional,38,77832,433.0,Budget,1,0.2,Casual Dining,13.1,0.06,Brigade Road
1007238,Family,occasional,41,164071,764.0,Mid-range,3,0.15,Fine Dining,15.8,0.06,BTM
1007239,Office Worker,regular,23,31737,430.0,Budget,1,0.2,Food Court,11.7,0.03,Hennur
1007240,Couple,power_user,40,66929,1223.0,Premium,4,0.3,Fine Dining,1.0,0.01,Indiranagar
1007241,Family,regular,29,80262,518.0,Mid-range,5,0.15,Cafe,5.5,0.03,Kalyan Nagar
1007242,Office Worker,occasional,26,85695,347.0,Budget,2,0.2,Quick Bites,12.3,0.06,Bellandur
1007243,Family,regular,22,154844,966.0,Mid-range,3,0.15,Casual Dining,1.9,0.03,BTM
1007244,Couple,occasional,27,77732,525.0,Mid-range,1,0.3,Lounge,4.4,0.06,Richmond Road
1007245,Office Worker,trial_only,31,32740,570.0,Mid-range,1,0.2,Quick Bites,11.1,0.15,Whitefield
1007246,Food Explorer,regular,27,72932,460.0,Budget,1,0.7,Dhaba,5.4,0.03,Banashankari
1007247,Couple,power_user,32,108443,1701.0,Premium,2,0.3,Microbrewery,1.0,0.01,Shanti Nagar
1007248,Student,regular,21,11124,398.0,Budget,2,0.35,Dessert Parlor,6.4,0.03,Jayanagar
1007249,Couple,regular,35,96888,1102.0,Premium,2,0.3,Cafe,12.2,0.03,Cunningham Road
1007250,Family,trial_only,34,124504,755.0,Mid-range,3,0.15,Casual Dining,9.6,0.15,Marathahalli
1007251,Office Worker,occasional,31,88871,609.0,Mid-range,1,0.2,Casual Dining,38.8,0.06,Marathahalli
1007252,Office Worker,trial_only,38,41324,577.0,Mid-range,1,0.2,Quick Bites,23.4,0.15,St. Marks Road
1007253,Couple,trial_only,30,68343,1492.0,Premium,3,0.3,Cafe,47.6,0.15,Frazer Town
1007254,Family,regular,20,111729,1029.0,Premium,2,0.15,Casual Dining,6.4,0.03,Koramangala 4th Block
1007255,Office Worker,occasional,37,49172,341.0,Budget,2,0.2,Food Court,8.4,0.06,HSR
1007256,Student,occasional,18,32986,316.0,Budget,2,0.35,Cafe,6.7,0.06,BTM
1007257,Office Worker,occasional,36,77224,373.0,Budget,1,0.2,Quick Bites,10.4,0.06,Frazer Town
1007258,Food Explorer,regular,28,60206,322.0,Budget,2,0.7,Fine Dining,4.2,0.03,Bannerghatta Road
1007259,Family,regular,50,100186,833.0,Mid-range,8,0.15,Casual Dining,6.2,0.03,BTM
1007260,Student,occasional,19,25873,267.0,Budget,1,0.35,Bakery,4.1,0.06,BTM
1007261,Couple,occasional,27,137155,1150.0,Premium,2,0.3,Fine Dining,2.5,0.06,BTM
1007262,Couple,regular,32,70199,1050.0,Premium,2,0.3,Fine Dining,2.9,0.03,Brigade Road
1007263,Office Worker,regular,30,47765,325.0,Budget,1,0.2,Cafe,6.1,0.03,New BEL Road
1007264,Student,occasional,23,25246,436.0,Budget,1,0.35,Quick Bites,4.4,0.06,Residency Road
1007265,Family,occasional,43,163181,831.0,Mid-range,2,0.15,Casual Dining,30.6,0.06,Whitefield
1007266,Student,occasional,24,17229,185.0,Budget,1,0.35,Quick Bites,9.9,0.06,Richmond Road
1007267,Office Worker,power_user,35,58050,468.0,Budget,1,0.2,Quick Bites,4.6,0.01,Hennur
1007268,Family,regular,27,141788,1104.0,Premium,2,0.15,Casual Dining,3.2,0.03,Rajajinagar
1007269,Food Explorer,occasional,23,74023,840.0,Mid-range,1,0.7,Beverage Shop,3.4,0.06,Bannerghatta Road
1007270,Office Worker,occasional,27,76238,398.0,Budget,1,0.2,Cafe,0.1,0.06,Basavanagudi
1007271,Couple,power_user,45,101505,1052.0,Premium,3,0.3,Cafe,1.8,0.01,Koramangala 5th Block
1007272,Food Explorer,occasional,36,110454,361.0,Budget,1,0.7,Bakery,6.5,0.06,New BEL Road
1007273,Student,regular,23,25185,241.0,Budget,1,0.35,Quick Bites,3.1,0.03,JP Nagar
1007274,Student,occasional,19,32965,247.0,Budget,2,0.35,Quick Bites,2.9,0.06,Marathahalli
1007275,Family,regular,36,163160,506.0,Mid-range,4,0.15,Casual Dining,5.5,0.03,Koramangala 4th Block
1007276,Couple,occasional,39,74130,1067.0,Premium,1,0.3,Cafe,12.2,0.06,Koramangala 6th Block
1007277,Office Worker,trial_only,40,83839,484.0,Budget,1,0.2,Food Court,36.5,0.15,Koramangala 6th Block
1007278,Family,regular,41,75479,717.0,Mid-range,5,0.15,Casual Dining,5.3,0.03,New BEL Road
1007279,Family,regular,20,93930,843.0,Mid-range,1,0.15,Fine Dining,9.3,0.03,JP Nagar
1007280,Family,power_user,50,65822,1124.0,Premium,3,0.15,Cafe,10.0,0.01,Domlur
1007281,Family,power_user,53,72507,1167.0,Premium,4,0.15,Food Court,3.6,0.01,BTM
1007282,Student,trial_only,18,28009,295.0,Budget,2,0.35,Quick Bites,29.1,0.15,Koramangala 5th Block
1007283,Student,trial_only,20,12777,370.0,Budget,1,0.35,Quick Bites,29.6,0.15,Yeshwantpur
1007284,Student,power_user,24,14672,287.0,Budget,1,0.35,Cafe,1.6,0.01,Brookefield
1007285,Food Explorer,trial_only,40,72664,478.0,Budget,1,0.7,Kiosk,12.8,0.15,Koramangala 5th Block
1007286,Food Explorer,regular,40,104014,321.0,Budget,1,0.7,Fine Dining,4.6,0.03,Bellandur
1007287,Couple,occasional,45,131088,1226.0,Premium,2,0.3,Cafe,6.5,0.06,BTM
1007288,Student,occasional,18,34121,387.0,Budget,1,0.35,Food Court,7.9,0.06,Brigade Road
1007289,Family,regular,25,66616,545.0,Mid-range,5,0.15,Casual Dining,2.8,0.03,Kaggadasapura
1007290,Student,occasional,21,13699,277.0,Budget,1,0.35,Quick Bites,10.1,0.06,MG Road
1007291,Office Worker,occasional,33,53931,416.0,Budget,1,0.2,Food Court,9.6,0.06,Ulsoor
1007292,Office Worker,regular,30,47000,475.0,Budget,2,0.2,Casual Dining,5.2,0.03,Lavelle Road
1007293,Couple,trial_only,29,59718,1279.0,Premium,2,0.3,Pub,29.7,0.15,Sarjapur Road
1007294,Student,regular,19,23102,343.0,Budget,2,0.35,Quick Bites,2.6,0.03,Banashankari
1007295,Family,power_user,41,116255,1179.0,Premium,1,0.15,Casual Dining,1.5,0.01,Indiranagar
1007296,Food Explorer,trial_only,40,74444,382.0,Budget,2,0.7,Cafe,7.5,0.15,Koramangala 6th Block
1007297,Family,regular,49,62706,615.0,Mid-range,3,0.15,Cafe,8.9,0.03,Basavanagudi
1007298,Student,regular,19,20648,320.0,Budget,1,0.35,Beverage Shop,20.3,0.03,Brigade Road
1007299,Food Explorer,regular,24,76654,963.0,Mid-range,1,0.7,Sweet Shop,6.8,0.03,Bannerghatta Road
1007300,Family,power_user,29,86052,508.0,Mid-range,2,0.15,Cafe,3.8,0.01,JP Nagar
1007301,Office Worker,regular,36,77694,483.0,Budget,1,0.2,Cafe,2.5,0.03,Whitefield
1007302,Family,regular,20,166706,760.0,Mid-range,5,0.15,Casual Dining,15.8,0.03,Jeevan Bhima Nagar
1007303,Couple,occasional,39,142891,1456.0,Premium,2,0.3,Fine Dining,22.7,0.06,HSR
1007304,Office Worker,occasional,33,70896,513.0,Mid-range,2,0.2,Quick Bites,2.0,0.06,Banashankari
1007305,Office Worker,trial_only,34,70561,455.0,Budget,1,0.2,Casual Dining,22.1,0.15,Basavanagudi
1007306,Office Worker,trial_only,38,39232,499.0,Budget,1,0.2,Food Court,25.9,0.15,JP Nagar
1007307,Student,regular,22,19853,247.0,Budget,1,0.35,Dessert Parlor,6.1,0.03,Koramangala 5th Block
1007308,Couple,trial_only,37,50443,1440.0,Premium,2,0.3,Fine Dining,9.9,0.15,JP Nagar
1007309,Student,trial_only,21,23984,411.0,Budget,2,0.35,Quick Bites,11.9,0.15,Koramangala 6th Block
1007310,Office Worker,trial_only,34,75761,460.0,Budget,2,0.2,Casual Dining,11.4,0.15,Koramangala 5th Block
1007311,Office Worker,occasional,29,70142,409.0,Budget,1,0.2,Casual Dining,17.9,0.06,Whitefield
1007312,Office Worker,regular,24,30951,435.0,Budget,2,0.2,Food Court,5.9,0.03,Jayanagar
1007313,Office Worker,regular,23,63383,529.0,Mid-range,2,0.2,Cafe,6.3,0.03,BTM
1007314,Family,trial_only,45,165650,792.0,Mid-range,3,0.15,Casual Dining,14.1,0.15,BTM
1007315,Office Worker,occasional,34,36122,330.0,Budget,1,0.2,Casual Dining,5.7,0.06,BTM
1007316,Student,trial_only,20,23236,376.0,Budget,1,0.35,Quick Bites,3.7,0.15,Ejipura
1007317,Couple,occasional,40,75027,905.0,Mid-range,1,0.3,Cafe,3.7,0.06,Jeevan Bhima Nagar
1007318,Food Explorer,regular,31,114407,706.0,Mid-range,1,0.7,Fine Dining,1.6,0.03,Sarjapur Road
1007319,Office Worker,regular,27,63040,263.0,Budget,2,0.2,Casual Dining,22.2,0.03,BTM
1007320,Office Worker,trial_only,33,76312,461.0,Budget,1,0.2,Quick Bites,3.7,0.15,Koramangala 7th Block
1007321,Student,power_user,20,23113,295.0,Budget,2,0.35,Quick Bites,3.0,0.01,Old Airport Road
1007322,Student,occasional,24,32359,143.0,Budget,3,0.35,Quick Bites,19.4,0.06,Cunningham Road
1007323,Office Worker,trial_only,35,47245,483.0,Budget,1,0.2,Quick Bites,4.3,0.15,Koramangala 4th Block
1007324,Food Explorer,regular,36,99506,325.0,Budget,2,0.7,Delivery,8.8,0.03,HSR
1007325,Family,regular,44,111519,817.0,Mid-range,4,0.15,Fine Dining,5.3,0.03,Jayanagar
1007326,Office Worker,occasional,35,64597,409.0,Budget,1,0.2,Cafe,7.8,0.06,Sanjay Nagar
1007327,Food Explorer,trial_only,36,94876,230.0,Budget,1,0.7,Dessert Parlor,80.9,0.15,Lavelle Road
1007328,Office Worker,occasional,30,40383,345.0,Budget,1,0.2,Food Court,1.9,0.06,Frazer Town
1007329,Office Worker,power_user,37,82077,353.0,Budget,2,0.2,Casual Dining,2.9,0.01,Indiranagar
1007330,Office Worker,regular,23,73659,548.0,Mid-range,1,0.2,Cafe,11.3,0.03,Koramangala 5th Block
1007331,Student,regular,22,20232,367.0,Budget,1,0.35,Cafe,5.3,0.03,Bellandur
1007332,Couple,regular,35,109231,1858.0,Premium,1,0.3,Microbrewery,16.6,0.03,JP Nagar
1007333,Office Worker,regular,23,69813,399.0,Budget,1,0.2,Casual Dining,3.2,0.03,Jayanagar
1007334,Family,trial_only,43,114559,691.0,Mid-range,1,0.15,Cafe,21.6,0.15,Rajajinagar
1007335,Office Worker,power_user,23,68102,463.0,Budget,1,0.2,Casual Dining,7.0,0.01,Koramangala 5th Block
1007336,Food Explorer,trial_only,35,84687,511.0,Mid-range,1,0.7,Pub,144.7,0.15,Whitefield
1007337,Family,trial_only,38,153530,683.0,Mid-range,4,0.15,Cafe,57.6,0.15,Whitefield
1007338,Office Worker,occasional,33,43935,455.0,Budget,1,0.2,Delivery,15.7,0.06,Vasanth Nagar
1007339,Student,occasional,22,10103,356.0,Budget,1,0.35,Quick Bites,1.9,0.06,HSR
1007340,Food Explorer,regular,27,72354,100.0,Budget,1,0.7,Irani Cafe,3.5,0.03,Electronic City
1007341,Office Worker,occasional,34,79474,393.0,Budget,1,0.2,Casual Dining,6.0,0.06,Koramangala 3rd Block
1007342,Office Worker,regular,26,37451,310.0,Budget,1,0.2,Casual Dining,13.8,0.03,Cunningham Road
1007343,Couple,regular,40,136118,1154.0,Premium,1,0.3,Cafe,8.2,0.03,MG Road
1007344,Student,occasional,18,20244,335.0,Budget,1,0.35,Bakery,10.5,0.06,Malleshwaram
1007345,Office Worker,power_user,25,42517,562.0,Mid-range,1,0.2,Quick Bites,3.2,0.01,Malleshwaram
1007346,Office Worker,regular,35,58016,407.0,Budget,1,0.2,Casual Dining,5.9,0.03,HSR
1007347,Office Worker,occasional,24,78699,461.0,Budget,1,0.2,Casual Dining,13.8,0.06,BTM
1007348,Office Worker,occasional,40,81467,282.0,Budget,2,0.2,Casual Dining,23.5,0.06,BTM
1007349,Office Worker,regular,23,66784,364.0,Budget,1,0.2,Food Court,1.8,0.03,Koramangala 1st Block
1007350,Student,power_user,21,23180,317.0,Budget,1,0.35,Bakery,2.4,0.01,Malleshwaram
1007351,Student,regular,24,30165,191.0,Budget,3,0.35,Cafe,1.2,0.03,Koramangala 1st Block
1007352,Student,occasional,22,32722,399.0,Budget,1,0.35,Quick Bites,14.1,0.06,BTM
1007353,Food Explorer,occasional,34,103635,731.0,Mid-range,2,0.7,Cafe,25.1,0.06,Malleshwaram
1007354,Family,regular,44,176151,619.0,Mid-range,4,0.15,Casual Dining,7.4,0.03,Bannerghatta Road
1007355,Office Worker,occasional,35,79871,302.0,Budget,2,0.2,Casual Dining,7.8,0.06,Rajajinagar
1007356,Office Worker,trial_only,25,32939,378.0,Budget,1,0.2,Quick Bites,23.5,0.15,Thippasandra
1007357,Family,occasional,31,62360,620.0,Mid-range,3,0.15,Casual Dining,3.9,0.06,Electronic City
1007358,Student,occasional,19,24929,203.0,Budget,1,0.35,Quick Bites,16.1,0.06,Electronic City
1007359,Office Worker,occasional,26,87428,309.0,Budget,1,0.2,Quick Bites,3.3,0.06,Bannerghatta Road
1007360,Family,trial_only,27,95908,754.0,Mid-range,4,0.15,Cafe,21.7,0.15,Bannerghatta Road
1007361,Office Worker,trial_only,34,87974,523.0,Mid-range,1,0.2,Food Court,17.1,0.15,Ulsoor
1007362,Couple,power_user,44,135133,987.0,Mid-range,1,0.3,Fine Dining,3.2,0.01,Residency Road
1007363,Couple,regular,36,64079,1333.0,Premium,1,0.3,Cafe,5.5,0.03,Bannerghatta Road
1007364,Couple,regular,24,99408,1102.0,Premium,3,0.3,Cafe,5.3,0.03,Whitefield
1007365,Student,occasional,22,15529,349.0,Budget,1,0.35,Quick Bites,1.4,0.06,HSR
1007366,Student,power_user,21,11952,237.0,Budget,1,0.35,Cafe,2.6,0.01,Basavanagudi
1007367,Student,trial_only,23,27272,322.0,Budget,1,0.35,Cafe,23.6,0.15,Bannerghatta Road
1007368,Couple,power_user,32,71500,1236.0,Premium,1,0.3,Lounge,2.0,0.01,Frazer Town
1007369,Food Explorer,occasional,30,84778,941.0,Mid-range,1,0.7,Food Truck,13.4,0.06,Marathahalli
1007370,Food Explorer,regular,34,93911,740.0,Mid-range,2,0.7,Cafe,2.2,0.03,MG Road
1007371,Office Worker,occasional,35,55922,476.0,Budget,1,0.2,Delivery,13.5,0.06,Bellandur
1007372,Couple,regular,28,57961,759.0,Mid-range,3,0.3,Pub,6.3,0.03,Thippasandra
1007373,Office Worker,occasional,33,34147,397.0,Budget,1,0.2,Cafe,4.0,0.06,Koramangala 1st Block
1007374,Couple,occasional,45,87908,960.0,Mid-range,2,0.3,Microbrewery,14.4,0.06,Kalyan Nagar
1007375,Office Worker,regular,24,32559,368.0,Budget,1,0.2,Delivery,11.2,0.03,Sarjapur Road
1007376,Student,occasional,20,31791,301.0,Budget,2,0.35,Cafe,12.9,0.06,Lavelle Road
1007377,Student,trial_only,21,14156,319.0,Budget,1,0.35,Bakery,7.7,0.15,Frazer Town
1007378,Food Explorer,occasional,39,42336,670.0,Mid-range,1,0.7,Mess,18.7,0.06,Bannerghatta Road
1007379,Office Worker,occasional,40,38401,576.0,Mid-range,1,0.2,Casual Dining,3.8,0.06,Koramangala 5th Block
1007380,Office Worker,occasional,33,71772,498.0,Budget,1,0.2,Casual Dining,5.7,0.06,Bannerghatta Road
1007381,Office Worker,trial_only,32,65322,327.0,Budget,1,0.2,Cafe,8.1,0.15,Vasanth Nagar
1007382,Office Worker,occasional,30,70529,470.0,Budget,1,0.2,Quick Bites,10.6,0.06,Brookefield
1007383,Food Explorer,trial_only,30,67753,746.0,Mid-range,1,0.7,Lounge,70.8,0.15,Bannerghatta Road
1007384,Student,trial_only,23,18018,401.0,Budget,1,0.35,Cafe,16.8,0.15,Marathahalli
1007385,Student,regular,21,26792,288.0,Budget,1,0.35,Quick Bites,3.2,0.03,BTM
1007386,Couple,power_user,36,61271,1157.0,Premium,4,0.3,Fine Dining,10.2,0.01,Indiranagar
1007387,Office Worker,occasional,38,53657,558.0,Mid-range,2,0.2,Food Court,9.6,0.06,MG Road
1007388,Student,occasional,18,12560,314.0,Budget,2,0.35,Beverage Shop,5.9,0.06,St. Marks Road
1007389,Student,occasional,24,20600,172.0,Budget,1,0.35,Beverage Shop,4.0,0.06,Kalyan Nagar
1007390,Student,trial_only,22,34231,155.0,Budget,1,0.35,Cafe,21.6,0.15,BTM
1007391,Office Worker,occasional,33,81010,634.0,Mid-range,1,0.2,Delivery,9.7,0.06,Jayanagar
1007392,Student,regular,22,26923,163.0,Budget,2,0.35,Quick Bites,13.6,0.03,New BEL Road
1007393,Student,occasional,22,26434,287.0,Budget,3,0.35,Cafe,10.1,0.06,Lavelle Road
1007394,Family,power_user,40,105119,977.0,Mid-range,3,0.15,Casual Dining,0.2,0.01,BTM
1007395,Couple,occasional,31,120532,671.0,Mid-range,1,0.3,Cafe,6.8,0.06,Whitefield
1007396,Couple,trial_only,40,133355,876.0,Mid-range,1,0.3,Lounge,7.7,0.15,Jayanagar
1007397,Office Worker,power_user,27,63553,325.0,Budget,1,0.2,Quick Bites,1.5,0.01,Commercial Street
1007398,Office Worker,trial_only,34,36200,630.0,Mid-range,1,0.2,Delivery,18.1,0.15,Sarjapur Road
1007399,Food Explorer,trial_only,32,95538,1105.0,Premium,1,0.7,Takeaway,12.8,0.15,Koramangala 5th Block
1007400,Couple,regular,32,62692,980.0,Mid-range,2,0.3,Cafe,2.8,0.03,Sarjapur Road
1007401,Office Worker,trial_only,37,49430,508.0,Mid-range,2,0.2,Quick Bites,11.1,0.15,Basavanagudi
1007402,Office Worker,occasional,28,41853,481.0,Budget,1,0.2,Cafe,12.0,0.06,Marathahalli
1007403,Office Worker,occasional,34,33011,422.0,Budget,2,0.2,Delivery,10.1,0.06,Nagawara
1007404,Office Worker,regular,27,75814,287.0,Budget,1,0.2,Cafe,4.3,0.03,Lavelle Road
1007405,Office Worker,regular,26,68710,681.0,Mid-range,1,0.2,Cafe,16.4,0.03,Ulsoor
1007406,Student,occasional,22,20222,155.0,Budget,1,0.35,Dessert Parlor,14.0,0.06,Marathahalli
1007407,Food Explorer,regular,40,70519,653.0,Mid-range,1,0.7,Pub,7.5,0.03,BTM
1007408,Family,regular,30,137109,670.0,Mid-range,3,0.15,Casual Dining,5.8,0.03,BTM
1007409,Family,trial_only,24,123776,1002.0,Premium,6,0.15,Food Court,6.9,0.15,Rajajinagar
1007410,Student,occasional,18,15811,368.0,Budget,1,0.35,Dessert Parlor,1.3,0.06,Commercial Street
1007411,Couple,occasional,34,98046,906.0,Mid-range,3,0.3,Fine Dining,6.5,0.06,HSR
1007412,Family,trial_only,48,153276,642.0,Mid-range,4,0.15,Casual Dining,20.9,0.15,BTM
1007413,Student,power_user,22,23806,176.0,Budget,1,0.35,Beverage Shop,2.5,0.01,Richmond Road
1007414,Family,regular,27,156200,839.0,Mid-range,2,0.15,Casual Dining,2.4,0.03,Koramangala 6th Block
1007415,Family,occasional,50,120982,942.0,Mid-range,2,0.15,Cafe,23.1,0.06,Marathahalli
1007416,Couple,regular,27,91326,1068.0,Premium,4,0.3,Cafe,2.1,0.03,Indiranagar
1007417,Student,regular,21,28557,280.0,Budget,2,0.35,Cafe,4.7,0.03,Whitefield
1007418,Couple,occasional,42,70928,1772.0,Premium,1,0.3,Fine Dining,14.5,0.06,JP Nagar
1007419,Office Worker,power_user,37,67607,544.0,Mid-range,1,0.2,Quick Bites,2.7,0.01,JP Nagar
1007420,Student,occasional,22,25751,408.0,Budget,3,0.35,Quick Bites,48.6,0.06,Jayanagar
1007421,Student,occasional,20,16924,121.0,Budget,2,0.35,Quick Bites,17.1,0.06,Brigade Road
1007422,Student,occasional,23,16403,344.0,Budget,1,0.35,Quick Bites,12.6,0.06,Koramangala 2nd Block
1007423,Office Worker,regular,29,35020,475.0,Budget,1,0.2,Quick Bites,11.8,0.03,BTM
1007424,Office Worker,power_user,29,38897,325.0,Budget,1,0.2,Casual Dining,4.2,0.01,Banaswadi
1007425,Family,trial_only,39,71457,591.0,Mid-range,3,0.15,Fine Dining,6.7,0.15,HSR
1007426,Student,trial_only,22,25395,283.0,Budget,1,0.35,Dessert Parlor,19.6,0.15,Koramangala 6th Block
1007427,Food Explorer,occasional,25,49731,265.0,Budget,1,0.7,Delivery,19.5,0.06,Koramangala 5th Block
1007428,Student,power_user,24,22823,236.0,Budget,3,0.35,Cafe,3.2,0.01,BTM
1007429,Family,occasional,51,73371,708.0,Mid-range,3,0.15,Fine Dining,9.0,0.06,HSR
1007430,Food Explorer,regular,27,102677,743.0,Mid-range,2,0.7,Meat Shop,12.9,0.03,JP Nagar
1007431,Couple,regular,29,117760,988.0,Mid-range,1,0.3,Microbrewery,18.9,0.03,Indiranagar
1007432,Family,regular,22,95077,711.0,Mid-range,3,0.15,Dessert Parlor,3.4,0.03,Koramangala 5th Block
1007433,Family,regular,34,148238,1005.0,Premium,3,0.15,Cafe,23.3,0.03,Indiranagar
1007434,Student,regular,19,15632,159.0,Budget,1,0.35,Dessert Parlor,10.0,0.03,Indiranagar
1007435,Student,regular,24,25882,318.0,Budget,1,0.35,Quick Bites,6.4,0.03,Koramangala 8th Block
1007436,Office Worker,trial_only,39,68432,489.0,Budget,1,0.2,Quick Bites,46.5,0.15,Banaswadi
1007437,Student,occasional,23,20909,333.0,Budget,1,0.35,Dessert Parlor,4.5,0.06,Koramangala 5th Block
1007438,Office Worker,regular,28,72064,400.0,Budget,1,0.2,Casual Dining,10.0,0.03,MG Road
1007439,Student,regular,22,33698,215.0,Budget,1,0.35,Cafe,6.2,0.03,Bannerghatta Road
1007440,Food Explorer,trial_only,31,73069,980.0,Mid-range,1,0.7,Meat Shop,51.4,0.15,Electronic City
1007441,Couple,power_user,30,78340,943.0,Mid-range,1,0.3,Fine Dining,4.1,0.01,Jayanagar
1007442,Couple,regular,35,94236,865.0,Mid-range,2,0.3,Cafe,15.1,0.03,MG Road
1007443,Family,occasional,25,128154,804.0,Mid-range,4,0.15,Dessert Parlor,5.0,0.06,BTM
1007444,Student,occasional,24,13088,241.0,Budget,2,0.35,Bakery,19.3,0.06,Marathahalli
1007445,Student,trial_only,19,33998,384.0,Budget,2,0.35,Quick Bites,14.8,0.15,Banaswadi
1007446,Family,regular,30,116330,747.0,Mid-range,4,0.15,Fine Dining,8.7,0.03,Jalahalli
1007447,Family,regular,27,175671,1036.0,Premium,2,0.15,Dessert Parlor,7.1,0.03,HSR
1007448,Office Worker,regular,32,87680,495.0,Budget,1,0.2,Cafe,4.1,0.03,Jayanagar
1007449,Office Worker,occasional,35,33829,411.0,Budget,1,0.2,Casual Dining,7.9,0.06,Marathahalli
1007450,Office Worker,regular,40,36821,561.0,Mid-range,1,0.2,Food Court,1.6,0.03,Koramangala 6th Block
1007451,Student,regular,20,14536,248.0,Budget,1,0.35,Dessert Parlor,11.0,0.03,Koramangala 1st Block
1007452,Office Worker,power_user,26,64078,418.0,Budget,1,0.2,Cafe,3.3,0.01,Lavelle Road
1007453,Office Worker,trial_only,23,51221,503.0,Mid-range,1,0.2,Casual Dining,22.0,0.15,Banashankari
1007454,Family,power_user,41,62206,845.0,Mid-range,3,0.15,Cafe,3.1,0.01,Church Street
1007455,Food Explorer,regular,40,85143,432.0,Budget,2,0.7,Pub,17.5,0.03,Frazer Town
1007456,Office Worker,trial_only,24,49522,296.0,Budget,2,0.2,Quick Bites,21.0,0.15,Basaveshwara Nagar
1007457,Family,occasional,55,161209,796.0,Mid-range,2,0.15,Fine Dining,9.5,0.06,Residency Road
1007458,Couple,occasional,29,126115,982.0,Mid-range,1,0.3,Lounge,8.2,0.06,HSR
1007459,Student,occasional,24,31117,302.0,Budget,2,0.35,Quick Bites,19.2,0.06,Richmond Road
1007460,Family,power_user,22,128059,716.0,Mid-range,5,0.15,Cafe,1.3,0.01,BTM
1007461,Office Worker,trial_only,39,71749,378.0,Budget,2,0.2,Delivery,22.3,0.15,Koramangala 5th Block
1007462,Family,regular,31,69735,746.0,Mid-range,1,0.15,Casual Dining,3.4,0.03,Thippasandra
1007463,Student,trial_only,19,28993,294.0,Budget,4,0.35,Dessert Parlor,34.2,0.15,Majestic
1007464,Food Explorer,regular,25,76146,774.0,Mid-range,2,0.7,Casual Dining,6.3,0.03,HSR
1007465,Food Explorer,occasional,24,40351,706.0,Mid-range,1,0.7,Casual Dining,19.9,0.06,Bannerghatta Road
1007466,Student,occasional,23,11976,468.0,Budget,1,0.35,Quick Bites,2.9,0.06,Sanjay Nagar
1007467,Student,regular,18,17706,311.0,Budget,1,0.35,Dessert Parlor,3.6,0.03,BTM
1007468,Student,regular,21,19338,246.0,Budget,1,0.35,Food Court,5.7,0.03,Vasanth Nagar
1007469,Couple,occasional,44,70868,1150.0,Premium,4,0.3,Fine Dining,19.4,0.06,Kaggadasapura
1007470,Family,regular,34,152275,914.0,Mid-range,2,0.15,Casual Dining,5.5,0.03,Ejipura
1007471,Student,trial_only,23,21173,380.0,Budget,1,0.35,Quick Bites,24.1,0.15,Church Street
1007472,Couple,regular,39,75825,1602.0,Premium,4,0.3,Cafe,11.5,0.03,Sarjapur Road
1007473,Office Worker,occasional,37,70423,348.0,Budget,1,0.2,Quick Bites,8.2,0.06,Vasanth Nagar
1007474,Office Worker,occasional,40,57203,578.0,Mid-range,1,0.2,Casual Dining,16.5,0.06,HSR
1007475,Office Worker,occasional,24,76728,445.0,Budget,1,0.2,Food Court,20.1,0.06,HSR
1007476,Office Worker,occasional,28,60020,357.0,Budget,1,0.2,Food Court,6.1,0.06,Richmond Road
1007477,Office Worker,occasional,28,74967,430.0,Budget,1,0.2,Quick Bites,10.1,0.06,BTM
1007478,Office Worker,occasional,24,81197,571.0,Mid-range,2,0.2,Quick Bites,18.4,0.06,Banashankari
1007479,Office Worker,occasional,24,34758,496.0,Budget,2,0.2,Cafe,10.2,0.06,Ulsoor
1007480,Food Explorer,occasional,24,49720,297.0,Budget,3,0.7,Meat Shop,16.2,0.06,Ulsoor
1007481,Office Worker,regular,40,73840,330.0,Budget,1,0.2,Quick Bites,4.7,0.03,Koramangala 5th Block
1007482,Food Explorer,power_user,38,84034,292.0,Budget,2,0.7,Sweet Shop,6.7,0.01,Jeevan Bhima Nagar
1007483,Family,regular,41,88885,654.0,Mid-range,2,0.15,Fine Dining,7.1,0.03,Basavanagudi
1007484,Couple,occasional,42,53079,1223.0,Premium,1,0.3,Fine Dining,6.6,0.06,Whitefield
1007485,Office Worker,trial_only,29,87328,337.0,Budget,1,0.2,Delivery,27.3,0.15,Koramangala 4th Block
1007486,Couple,power_user,34,59333,1072.0,Premium,1,0.3,Fine Dining,1.7,0.01,Bannerghatta Road
1007487,Office Worker,occasional,38,57760,590.0,Mid-range,1,0.2,Cafe,13.3,0.06,Brookefield
1007488,Student,regular,19,15518,429.0,Budget,2,0.35,Food Court,11.8,0.03,Koramangala 1st Block
1007489,Student,occasional,19,19890,424.0,Budget,1,0.35,Food Court,9.1,0.06,Indiranagar
1007490,Student,occasional,21,27993,156.0,Budget,3,0.35,Quick Bites,10.2,0.06,Church Street
1007491,Food Explorer,occasional,26,80730,1018.0,Premium,1,0.7,Bar,2.2,0.06,Bannerghatta Road
1007492,Food Explorer,occasional,34,43288,623.0,Mid-range,1,0.7,Meat Shop,14.1,0.06,Langford Town
1007493,Couple,occasional,37,58720,1223.0,Premium,3,0.3,Cafe,9.6,0.06,Marathahalli
1007494,Student,power_user,20,33627,382.0,Budget,1,0.35,Dessert Parlor,4.1,0.01,Sarjapur Road
1007495,Couple,occasional,26,75192,1411.0,Premium,3,0.3,Pub,5.1,0.06,Bannerghatta Road
1007496,Family,regular,22,111320,426.0,Budget,6,0.15,Casual Dining,8.6,0.03,Koramangala 7th Block
1007497,Office Worker,trial_only,30,77126,389.0,Budget,1,0.2,Quick Bites,34.7,0.15,Sahakara Nagar
1007498,Office Worker,occasional,28,80319,413.0,Budget,2,0.2,Casual Dining,13.9,0.06,HSR
1007499,Family,regular,21,94092,534.0,Mid-range,2,0.15,Food Court,15.4,0.03,Church Street
1007500,Student,regular,22,15547,380.0,Budget,1,0.35,Cafe,21.0,0.03,Ejipura
1007501,Office Worker,occasional,40,56247,594.0,Mid-range,1,0.2,Food Court,26.0,0.06,Kalyan Nagar
1007502,Family,trial_only,55,100537,798.0,Mid-range,1,0.15,Cafe,3.3,0.15,Koramangala 1st Block
1007503,Student,regular,18,27526,324.0,Budget,2,0.35,Quick Bites,3.2,0.03,Koramangala 7th Block
1007504,Office Worker,occasional,26,73621,449.0,Budget,1,0.2,Quick Bites,4.4,0.06,Richmond Road
1007505,Office Worker,regular,30,45610,460.0,Budget,1,0.2,Cafe,2.6,0.03,Hennur
1007506,Family,occasional,52,105504,1024.0,Premium,4,0.15,Casual Dining,27.1,0.06,Jayanagar
1007507,Food Explorer,occasional,32,98450,159.0,Budget,2,0.7,Casual Dining,39.2,0.06,Jeevan Bhima Nagar
1007508,Couple,regular,34,100749,1346.0,Premium,1,0.3,Fine Dining,12.3,0.03,Whitefield
1007509,Family,occasional,53,126127,802.0,Mid-range,2,0.15,Fine Dining,16.2,0.06,Bellandur
1007510,Family,power_user,43,157111,657.0,Mid-range,5,0.15,Dessert Parlor,0.9,0.01,Bellandur
1007511,Family,trial_only,55,138213,699.0,Mid-range,2,0.15,Food Court,23.1,0.15,Koramangala 5th Block
1007512,Office Worker,regular,38,69066,633.0,Mid-range,2,0.2,Cafe,10.0,0.03,Koramangala 5th Block
1007513,Student,occasional,24,22040,194.0,Budget,1,0.35,Quick Bites,44.2,0.06,Cunningham Road
1007514,Family,regular,40,160305,766.0,Mid-range,10,0.15,Casual Dining,13.7,0.03,Sadashiv Nagar
1007515,Family,occasional,33,62757,1126.0,Premium,3,0.15,Casual Dining,8.8,0.06,Basaveshwara Nagar
1007516,Office Worker,regular,24,35189,323.0,Budget,2,0.2,Casual Dining,4.6,0.03,JP Nagar
1007517,Couple,occasional,40,117641,1063.0,Premium,3,0.3,Fine Dining,10.9,0.06,Indiranagar
1007518,Family,power_user,29,132969,808.0,Mid-range,3,0.15,Casual Dining,4.1,0.01,HSR
1007519,Office Worker,regular,23,46788,491.0,Budget,3,0.2,Quick Bites,2.8,0.03,Malleshwaram
1007520,Student,trial_only,23,25030,294.0,Budget,2,0.35,Beverage Shop,24.6,0.15,BTM
1007521,Student,occasional,20,12676,228.0,Budget,2,0.35,Quick Bites,16.5,0.06,Kalyan Nagar
1007522,Office Worker,occasional,32,66426,495.0,Budget,1,0.2,Cafe,19.9,0.06,Whitefield
1007523,Office Worker,occasional,37,51673,440.0,Budget,2,0.2,Cafe,13.6,0.06,Frazer Town
1007524,Student,regular,20,24720,350.0,Budget,2,0.35,Cafe,5.5,0.03,Koramangala 5th Block
1007525,Student,trial_only,23,18521,374.0,Budget,3,0.35,Quick Bites,42.2,0.15,Koramangala 3rd Block
1007526,Student,regular,22,28096,181.0,Budget,1,0.35,Bakery,7.6,0.03,HSR
1007527,Couple,trial_only,36,61167,1510.0,Premium,3,0.3,Fine Dining,48.9,0.15,BTM
1007528,Couple,trial_only,29,134404,1124.0,Premium,3,0.3,Lounge,17.8,0.15,HSR
1007529,Office Worker,regular,37,59682,533.0,Mid-range,2,0.2,Cafe,21.3,0.03,Whitefield
1007530,Student,regular,19,15740,340.0,Budget,3,0.35,Quick Bites,12.4,0.03,Richmond Road
1007531,Student,occasional,22,34055,448.0,Budget,1,0.35,Cafe,26.3,0.06,Bellandur
1007532,Student,occasional,23,12614,301.0,Budget,1,0.35,Dessert Parlor,9.8,0.06,Electronic City
1007533,Office Worker,regular,25,62225,410.0,Budget,2,0.2,Casual Dining,2.7,0.03,Koramangala 4th Block
1007534,Student,regular,20,11849,259.0,Budget,2,0.35,Dessert Parlor,1.8,0.03,Kalyan Nagar
1007535,Office Worker,regular,35,83973,346.0,Budget,1,0.2,Casual Dining,28.3,0.03,Frazer Town
1007536,Food Explorer,occasional,27,52674,802.0,Mid-range,1,0.7,Pop Up,29.4,0.06,Bannerghatta Road
1007537,Office Worker,occasional,23,45109,340.0,Budget,1,0.2,Delivery,8.9,0.06,HSR
1007538,Couple,regular,33,115595,1440.0,Premium,3,0.3,Pub,2.7,0.03,BTM
1007539,Student,occasional,21,32120,282.0,Budget,2,0.35,Dessert Parlor,19.4,0.06,Whitefield
1007540,Office Worker,occasional,39,54990,274.0,Budget,1,0.2,Casual Dining,11.0,0.06,Koramangala 5th Block
1007541,Food Explorer,trial_only,37,60821,972.0,Mid-range,1,0.7,Pub,43.1,0.15,Marathahalli
1007542,Office Worker,regular,26,50969,112.0,Budget,1,0.2,Casual Dining,3.9,0.03,Sahakara Nagar
1007543,Family,regular,29,170103,784.0,Mid-range,4,0.15,Food Court,7.0,0.03,Indiranagar
1007544,Food Explorer,regular,25,112796,658.0,Mid-range,3,0.7,Pop Up,10.1,0.03,Nagawara
1007545,Family,occasional,52,74701,339.0,Budget,3,0.15,Casual Dining,45.8,0.06,MG Road
1007546,Office Worker,regular,29,84011,494.0,Budget,1,0.2,Casual Dining,8.1,0.03,BTM
1007547,Office Worker,regular,39,80457,383.0,Budget,1,0.2,Delivery,3.4,0.03,Brookefield
1007548,Student,occasional,18,23472,280.0,Budget,1,0.35,Quick Bites,0.5,0.06,Frazer Town
1007549,Student,occasional,21,16388,407.0,Budget,2,0.35,Quick Bites,11.8,0.06,Malleshwaram
1007550,Student,regular,18,21462,311.0,Budget,1,0.35,Quick Bites,7.1,0.03,HSR
1007551,Couple,regular,36,127526,1095.0,Premium,2,0.3,Pub,9.1,0.03,BTM
1007552,Family,regular,20,92453,766.0,Mid-range,5,0.15,Casual Dining,20.0,0.03,Lavelle Road
1007553,Office Worker,regular,25,50635,628.0,Mid-range,1,0.2,Quick Bites,7.6,0.03,Residency Road
1007554,Student,regular,19,21498,332.0,Budget,2,0.35,Quick Bites,14.6,0.03,Sarjapur Road
1007555,Family,regular,45,68082,623.0,Mid-range,4,0.15,Fine Dining,10.4,0.03,Brookefield
1007556,Food Explorer,power_user,34,72873,478.0,Budget,1,0.7,Dhaba,2.0,0.01,Sarjapur Road
1007557,Office Worker,trial_only,33,38035,331.0,Budget,2,0.2,Quick Bites,30.1,0.15,Koramangala 4th Block
1007558,Office Worker,trial_only,26,30417,405.0,Budget,2,0.2,Casual Dining,64.6,0.15,Infantry Road
1007559,Couple,power_user,29,88710,1682.0,Premium,2,0.3,Lounge,0.6,0.01,HSR
1007560,Couple,occasional,32,125858,1150.0,Premium,4,0.3,Fine Dining,14.6,0.06,Indiranagar
1007561,Food Explorer,power_user,40,118615,266.0,Budget,1,0.7,Kiosk,0.8,0.01,HSR
1007562,Office Worker,trial_only,35,56314,493.0,Budget,1,0.2,Cafe,13.2,0.15,JP Nagar
1007563,Student,trial_only,18,28847,269.0,Budget,2,0.35,Dessert Parlor,67.5,0.15,Shivajinagar
1007564,Office Worker,occasional,23,43371,506.0,Mid-range,1,0.2,Quick Bites,5.5,0.06,Frazer Town
1007565,Office Worker,occasional,29,68194,426.0,Budget,1,0.2,Casual Dining,2.7,0.06,Sarjapur Road
1007566,Couple,regular,28,116626,1634.0,Premium,3,0.3,Microbrewery,6.5,0.03,JP Nagar
1007567,Student,regular,20,18308,227.0,Budget,2,0.35,Quick Bites,9.0,0.03,Koramangala 1st Block
1007568,Family,occasional,55,113720,567.0,Mid-range,4,0.15,Dessert Parlor,2.0,0.06,Koramangala 6th Block
1007569,Food Explorer,regular,25,93603,834.0,Mid-range,1,0.7,Fine Dining,21.5,0.03,HSR
1007570,Food Explorer,occasional,33,65098,100.0,Budget,3,0.7,Kiosk,11.3,0.06,BTM
1007571,Family,occasional,37,132449,766.0,Mid-range,2,0.15,Casual Dining,21.0,0.06,Koramangala 5th Block
1007572,Food Explorer,regular,34,58465,800.0,Mid-range,1,0.7,Mess,2.8,0.03,Kammanahalli
1007573,Student,occasional,21,23389,124.0,Budget,3,0.35,Quick Bites,20.6,0.06,Koramangala 6th Block
1007574,Office Worker,occasional,32,33548,456.0,Budget,1,0.2,Cafe,12.5,0.06,MG Road
1007575,Student,occasional,19,21161,180.0,Budget,1,0.35,Quick Bites,16.2,0.06,HSR
1007576,Food Explorer,occasional,40,80242,139.0,Budget,1,0.7,Cafe,23.3,0.06,Indiranagar
1007577,Food Explorer,trial_only,27,106182,334.0,Budget,2,0.7,Bakery,40.8,0.15,JP Nagar
1007578,Student,power_user,19,19386,285.0,Budget,2,0.35,Bakery,0.9,0.01,New BEL Road
1007579,Student,occasional,18,10153,244.0,Budget,2,0.35,Bakery,3.7,0.06,HSR
1007580,Office Worker,regular,24,32419,561.0,Mid-range,1,0.2,Casual Dining,10.6,0.03,Whitefield
1007581,Office Worker,regular,29,62361,458.0,Budget,1,0.2,Quick Bites,5.0,0.03,Richmond Road
1007582,Couple,trial_only,41,131241,1053.0,Premium,2,0.3,Microbrewery,30.7,0.15,MG Road
1007583,Student,regular,19,32262,195.0,Budget,1,0.35,Quick Bites,7.5,0.03,Old Airport Road
1007584,Couple,regular,24,130829,1267.0,Premium,1,0.3,Cafe,12.9,0.03,Shivajinagar
1007585,Family,regular,39,100795,1212.0,Premium,4,0.15,Casual Dining,5.3,0.03,Shanti Nagar
1007586,Office Worker,trial_only,33,59402,380.0,Budget,2,0.2,Quick Bites,33.6,0.15,Brookefield
1007587,Student,trial_only,21,32206,253.0,Budget,1,0.35,Food Court,27.9,0.15,Koramangala 5th Block
1007588,Food Explorer,power_user,22,107112,335.0,Budget,1,0.7,Kiosk,1.2,0.01,Koramangala 7th Block
1007589,Family,occasional,27,114467,1037.0,Premium,5,0.15,Casual Dining,13.3,0.06,HSR
1007590,Office Worker,regular,29,58860,543.0,Mid-range,2,0.2,Cafe,3.1,0.03,Brigade Road
1007591,Office Worker,occasional,36,34163,405.0,Budget,1,0.2,Cafe,16.8,0.06,New BEL Road
1007592,Food Explorer,occasional,34,53512,450.0,Budget,1,0.7,Club,16.5,0.06,Brigade Road
1007593,Couple,regular,41,102929,917.0,Mid-range,2,0.3,Cafe,2.6,0.03,Jayanagar
1007594,Couple,occasional,36,101760,1113.0,Premium,1,0.3,Cafe,0.9,0.06,North Bangalore
1007595,Family,trial_only,34,128999,1004.0,Premium,5,0.15,Casual Dining,26.4,0.15,Indiranagar
1007596,Couple,regular,36,81257,1212.0,Premium,1,0.3,Cafe,7.2,0.03,Koramangala 5th Block
1007597,Office Worker,power_user,29,43613,579.0,Mid-range,1,0.2,Casual Dining,1.8,0.01,Brigade Road
1007598,Family,trial_only,25,114284,656.0,Mid-range,2,0.15,Casual Dining,68.5,0.15,Electronic City
1007599,Office Worker,regular,33,82723,219.0,Budget,1,0.2,Cafe,7.3,0.03,Jayanagar
1007600,Family,occasional,30,176481,1321.0,Premium,5,0.15,Casual Dining,7.6,0.06,Whitefield
1007601,Food Explorer,occasional,27,44194,654.0,Mid-range,2,0.7,Lounge,5.3,0.06,Magadi Road
1007602,Food Explorer,regular,35,68442,795.0,Mid-range,2,0.7,Meat Shop,2.7,0.03,Marathahalli
1007603,Office Worker,regular,24,61276,371.0,Budget,1,0.2,Cafe,2.7,0.03,Koramangala 6th Block
1007604,Family,regular,20,85906,527.0,Mid-range,4,0.15,Casual Dining,1.6,0.03,BTM
1007605,Couple,power_user,31,85328,1246.0,Premium,1,0.3,Fine Dining,4.4,0.01,Electronic City
1007606,Food Explorer,occasional,33,50284,102.0,Budget,1,0.7,Club,25.3,0.06,Brigade Road
1007607,Couple,trial_only,42,96388,1120.0,Premium,2,0.3,Cafe,62.9,0.15,Jayanagar
1007608,Student,regular,21,32099,382.0,Budget,1,0.35,Quick Bites,1.4,0.03,BTM
1007609,Office Worker,occasional,27,85717,495.0,Budget,4,0.2,Quick Bites,31.1,0.06,Koramangala 7th Block
1007610,Couple,regular,31,51493,1276.0,Premium,2,0.3,Lounge,5.2,0.03,BTM
1007611,Couple,power_user,32,113668,1723.0,Premium,2,0.3,Lounge,3.4,0.01,JP Nagar
1007612,Family,occasional,32,168895,875.0,Mid-range,6,0.15,Casual Dining,20.0,0.06,Kumaraswamy Layout
1007613,Family,regular,44,152172,419.0,Budget,2,0.15,Cafe,5.9,0.03,Jayanagar
1007614,Office Worker,occasional,37,33706,435.0,Budget,1,0.2,Casual Dining,32.4,0.06,Bannerghatta Road
1007615,Office Worker,regular,35,53385,643.0,Mid-range,1,0.2,Cafe,20.4,0.03,Koramangala 7th Block
1007616,Couple,occasional,32,125266,1107.0,Premium,4,0.3,Fine Dining,25.3,0.06,Old Airport Road
1007617,Office Worker,trial_only,28,88780,636.0,Mid-range,1,0.2,Quick Bites,49.6,0.15,Whitefield
1007618,Family,regular,22,95238,1005.0,Premium,3,0.15,Casual Dining,13.8,0.03,Hennur
1007619,Family,trial_only,48,93974,718.0,Mid-range,2,0.15,Food Court,24.2,0.15,Residency Road
1007620,Couple,regular,45,74990,876.0,Mid-range,2,0.3,Cafe,2.9,0.03,HSR
1007621,Office Worker,power_user,23,83698,484.0,Budget,4,0.2,Casual Dining,0.2,0.01,Brookefield
1007622,Family,regular,24,81592,1054.0,Premium,4,0.15,Casual Dining,7.1,0.03,Basavanagudi
1007623,Student,trial_only,19,19150,174.0,Budget,2,0.35,Dessert Parlor,18.9,0.15,Ulsoor
1007624,Student,occasional,23,13363,310.0,Budget,1,0.35,Quick Bites,6.9,0.06,Bannerghatta Road
1007625,Office Worker,trial_only,26,86381,246.0,Budget,2,0.2,Casual Dining,3.9,0.15,Kammanahalli
1007626,Student,occasional,18,11655,273.0,Budget,1,0.35,Quick Bites,3.7,0.06,Cunningham Road
1007627,Food Explorer,regular,28,80581,186.0,Budget,3,0.7,Confectionery,14.5,0.03,BTM
1007628,Food Explorer,trial_only,28,52403,741.0,Mid-range,1,0.7,Dhaba,54.6,0.15,Marathahalli
1007629,Student,trial_only,20,20178,245.0,Budget,1,0.35,Quick Bites,77.6,0.15,Koramangala 7th Block
1007630,Couple,occasional,35,108848,1547.0,Premium,1,0.3,Fine Dining,2.7,0.06,Hosur Road
1007631,Office Worker,occasional,27,71903,396.0,Budget,1,0.2,Quick Bites,9.0,0.06,Koramangala 1st Block
1007632,Family,trial_only,21,128362,674.0,Mid-range,3,0.15,Dessert Parlor,16.0,0.15,Jayanagar
1007633,Couple,regular,26,92739,715.0,Mid-range,1,0.3,Fine Dining,9.1,0.03,BTM
1007634,Family,trial_only,46,93729,878.0,Mid-range,2,0.15,Casual Dining,14.5,0.15,Ulsoor
1007635,Student,trial_only,22,30070,339.0,Budget,1,0.35,Quick Bites,12.7,0.15,Rajajinagar
1007636,Student,occasional,19,26997,375.0,Budget,3,0.35,Dessert Parlor,6.7,0.06,Sadashiv Nagar
1007637,Office Worker,regular,39,70319,516.0,Mid-range,1,0.2,Quick Bites,5.9,0.03,Banashankari
1007638,Food Explorer,regular,32,101571,700.0,Mid-range,2,0.7,Dessert Parlor,7.2,0.03,Ulsoor
1007639,Family,trial_only,48,86443,919.0,Mid-range,4,0.15,Dessert Parlor,21.0,0.15,Koramangala 6th Block
1007640,Office Worker,trial_only,37,88811,520.0,Mid-range,1,0.2,Quick Bites,17.2,0.15,Brookefield
1007641,Student,occasional,20,32986,373.0,Budget,1,0.35,Beverage Shop,30.5,0.06,Brigade Road
1007642,Food Explorer,trial_only,33,75181,218.0,Budget,1,0.7,Delivery,9.3,0.15,Whitefield
1007643,Office Worker,occasional,33,42236,404.0,Budget,1,0.2,Quick Bites,8.3,0.06,Jayanagar
1007644,Family,trial_only,36,104951,475.0,Budget,2,0.15,Cafe,34.0,0.15,Malleshwaram
1007645,Family,regular,42,106647,866.0,Mid-range,3,0.15,Casual Dining,6.0,0.03,Lavelle Road
1007646,Office Worker,regular,29,88391,613.0,Mid-range,1,0.2,Quick Bites,10.4,0.03,Ulsoor
1007647,Student,occasional,18,17219,372.0,Budget,2,0.35,Dessert Parlor,5.2,0.06,Basavanagudi
1007648,Office Worker,regular,23,86530,389.0,Budget,3,0.2,Cafe,0.5,0.03,BTM
1007649,Office Worker,regular,31,43865,501.0,Mid-range,1,0.2,Casual Dining,4.9,0.03,Infantry Road
1007650,Family,occasional,52,171234,870.0,Mid-range,4,0.15,Cafe,26.5,0.06,Koramangala 5th Block
1007651,Couple,power_user,28,143012,1270.0,Premium,5,0.3,Cafe,4.9,0.01,Whitefield
1007652,Student,occasional,22,25220,196.0,Budget,1,0.35,Quick Bites,17.7,0.06,Whitefield
1007653,Office Worker,power_user,25,36461,582.0,Mid-range,1,0.2,Quick Bites,1.6,0.01,Whitefield
1007654,Student,trial_only,22,25443,206.0,Budget,2,0.35,Beverage Shop,20.2,0.15,Koramangala 5th Block
1007655,Student,regular,19,32785,271.0,Budget,1,0.35,Quick Bites,7.6,0.03,BTM
1007656,Couple,occasional,33,142798,1488.0,Premium,1,0.3,Microbrewery,14.7,0.06,Basaveshwara Nagar
1007657,Couple,occasional,41,95746,1088.0,Premium,1,0.3,Cafe,23.7,0.06,Bannerghatta Road
1007658,Couple,regular,32,97982,1224.0,Premium,1,0.3,Fine Dining,0.6,0.03,Koramangala 5th Block
1007659,Student,regular,24,19603,310.0,Budget,1,0.35,Dessert Parlor,6.1,0.03,Bellandur
1007660,Family,power_user,21,85617,813.0,Mid-range,2,0.15,Casual Dining,4.4,0.01,Koramangala 6th Block
1007661,Office Worker,regular,24,69216,462.0,Budget,1,0.2,Quick Bites,4.2,0.03,Brookefield
1007662,Food Explorer,regular,25,118821,653.0,Mid-range,2,0.7,Club,3.5,0.03,Brigade Road
1007663,Family,regular,28,92066,815.0,Mid-range,3,0.15,Casual Dining,3.3,0.03,MG Road
1007664,Food Explorer,occasional,30,107366,376.0,Budget,1,0.7,Delivery,19.7,0.06,Koramangala 5th Block
1007665,Student,regular,24,12395,176.0,Budget,2,0.35,Quick Bites,4.8,0.03,Cunningham Road
1007666,Office Worker,regular,27,33363,550.0,Mid-range,1,0.2,Quick Bites,19.4,0.03,Cunningham Road
1007667,Couple,regular,31,140074,1513.0,Premium,2,0.3,Pub,4.9,0.03,BTM
1007668,Office Worker,occasional,23,36748,484.0,Budget,3,0.2,Casual Dining,39.5,0.06,Marathahalli
1007669,Family,occasional,45,109672,866.0,Mid-range,4,0.15,Dessert Parlor,34.5,0.06,Lavelle Road
1007670,Office Worker,occasional,32,82927,358.0,Budget,1,0.2,Quick Bites,3.1,0.06,Whitefield
1007671,Food Explorer,occasional,22,67908,100.0,Budget,1,0.7,Club,6.3,0.06,BTM
1007672,Student,occasional,21,17527,280.0,Budget,1,0.35,Cafe,26.3,0.06,BTM
1007673,Food Explorer,regular,26,43260,126.0,Budget,1,0.7,Bar,1.6,0.03,Koramangala 5th Block
1007674,Office Worker,regular,30,71783,468.0,Budget,1,0.2,Casual Dining,4.4,0.03,JP Nagar
1007675,Office Worker,occasional,28,49206,580.0,Mid-range,1,0.2,Casual Dining,6.1,0.06,Residency Road
1007676,Office Worker,regular,37,37069,388.0,Budget,1,0.2,Cafe,11.8,0.03,BTM
1007677,Office Worker,trial_only,24,58484,394.0,Budget,1,0.2,Quick Bites,62.8,0.15,Koramangala 6th Block
1007678,Food Explorer,occasional,33,53642,349.0,Budget,1,0.7,Quick Bites,29.7,0.06,Wilson Garden
1007679,Food Explorer,occasional,37,107902,611.0,Mid-range,1,0.7,Pub,16.8,0.06,Nagawara
1007680,Food Explorer,occasional,22,99790,592.0,Mid-range,1,0.7,Food Truck,20.0,0.06,Koramangala 4th Block
1007681,Food Explorer,trial_only,39,118383,345.0,Budget,1,0.7,Dhaba,81.1,0.15,Bannerghatta Road
1007682,Family,regular,47,177515,983.0,Mid-range,3,0.15,Fine Dining,5.1,0.03,Jayanagar
1007683,Office Worker,regular,28,80231,720.0,Mid-range,1,0.2,Quick Bites,6.2,0.03,Koramangala 7th Block
1007684,Couple,trial_only,34,100220,1557.0,Premium,3,0.3,Fine Dining,5.5,0.15,Shivajinagar
1007685,Student,occasional,22,14257,291.0,Budget,4,0.35,Quick Bites,1.8,0.06,JP Nagar
1007686,Couple,regular,35,54291,1163.0,Premium,2,0.3,Microbrewery,10.6,0.03,Koramangala 5th Block
1007687,Office Worker,regular,36,35494,399.0,Budget,1,0.2,Casual Dining,26.4,0.03,Koramangala 5th Block
1007688,Family,regular,52,88118,693.0,Mid-range,3,0.15,Fine Dining,8.6,0.03,Koramangala 1st Block
1007689,Office Worker,trial_only,29,82980,546.0,Mid-range,2,0.2,Cafe,17.7,0.15,Jayanagar
1007690,Office Worker,regular,24,42762,550.0,Mid-range,1,0.2,Cafe,17.0,0.03,Koramangala 3rd Block
1007691,Student,power_user,21,12319,206.0,Budget,1,0.35,Quick Bites,4.8,0.01,Bannerghatta Road
1007692,Office Worker,power_user,33,86117,487.0,Budget,1,0.2,Cafe,3.6,0.01,Kalyan Nagar
1007693,Office Worker,trial_only,36,56136,561.0,Mid-range,1,0.2,Delivery,45.8,0.15,Shanti Nagar
1007694,Student,occasional,19,20479,272.0,Budget,1,0.35,Cafe,16.1,0.06,Lavelle Road
1007695,Student,occasional,24,17540,283.0,Budget,1,0.35,Quick Bites,26.8,0.06,Koramangala 5th Block
1007696,Family,trial_only,21,173721,939.0,Mid-range,2,0.15,Dessert Parlor,8.7,0.15,Basavanagudi
1007697,Office Worker,regular,33,50888,522.0,Mid-range,1,0.2,Delivery,7.6,0.03,Banashankari
1007698,Couple,occasional,33,135959,1329.0,Premium,2,0.3,Cafe,9.3,0.06,Electronic City
1007699,Student,occasional,22,34804,320.0,Budget,1,0.35,Quick Bites,1.3,0.06,Lavelle Road
1007700,Family,occasional,30,114097,878.0,Mid-range,2,0.15,Casual Dining,17.7,0.06,Marathahalli
1007701,Student,occasional,24,27516,278.0,Budget,1,0.35,Bakery,20.8,0.06,BTM
1007702,Office Worker,trial_only,23,31491,338.0,Budget,1,0.2,Food Court,65.1,0.15,BTM
1007703,Family,regular,49,153796,489.0,Budget,2,0.15,Casual Dining,3.5,0.03,Banashankari
1007704,Family,power_user,37,176755,919.0,Mid-range,4,0.15,Dessert Parlor,2.7,0.01,Electronic City
1007705,Office Worker,trial_only,32,41712,461.0,Budget,1,0.2,Quick Bites,41.7,0.15,Banaswadi
1007706,Office Worker,regular,28,30604,496.0,Budget,1,0.2,Casual Dining,4.1,0.03,Commercial Street
1007707,Student,occasional,20,11098,234.0,Budget,2,0.35,Quick Bites,1.0,0.06,Banashankari
1007708,Office Worker,regular,30,81368,460.0,Budget,1,0.2,Food Court,1.6,0.03,Koramangala 6th Block
1007709,Office Worker,trial_only,28,44633,458.0,Budget,1,0.2,Quick Bites,28.7,0.15,Koramangala 5th Block
1007710,Family,occasional,20,109588,1056.0,Premium,2,0.15,Dessert Parlor,15.1,0.06,Koramangala 6th Block
1007711,Office Worker,trial_only,30,50164,535.0,Mid-range,2,0.2,Cafe,17.2,0.15,Brigade Road
1007712,Couple,occasional,32,80131,978.0,Mid-range,3,0.3,Pub,7.3,0.06,Koramangala 4th Block
1007713,Office Worker,trial_only,35,39924,500.0,Budget,1,0.2,Casual Dining,18.5,0.15,Koramangala 1st Block
1007714,Student,occasional,21,20207,240.0,Budget,1,0.35,Cafe,7.0,0.06,Sarjapur Road
1007715,Office Worker,occasional,32,85460,189.0,Budget,1,0.2,Quick Bites,10.6,0.06,Brookefield
1007716,Student,occasional,21,18923,438.0,Budget,1,0.35,Quick Bites,41.7,0.06,Commercial Street
1007717,Office Worker,occasional,30,78085,413.0,Budget,1,0.2,Cafe,41.5,0.06,Brigade Road
1007718,Couple,occasional,39,118912,1512.0,Premium,2,0.3,Cafe,14.5,0.06,Cunningham Road
1007719,Couple,regular,38,129731,1002.0,Premium,2,0.3,Fine Dining,2.4,0.03,Koramangala 4th Block
1007720,Office Worker,regular,40,64363,369.0,Budget,3,0.2,Quick Bites,6.6,0.03,Jayanagar
1007721,Student,occasional,21,19284,256.0,Budget,2,0.35,Cafe,6.8,0.06,Marathahalli
1007722,Couple,power_user,24,75690,1276.0,Premium,3,0.3,Cafe,2.2,0.01,Banaswadi
1007723,Student,occasional,22,17004,314.0,Budget,2,0.35,Quick Bites,25.3,0.06,Koramangala 1st Block
1007724,Office Worker,regular,30,61650,500.0,Budget,2,0.2,Quick Bites,3.8,0.03,New BEL Road
1007725,Couple,regular,26,90413,1051.0,Premium,1,0.3,Cafe,9.1,0.03,Sarjapur Road
1007726,Office Worker,occasional,38,54297,454.0,Budget,1,0.2,Cafe,9.2,0.06,BTM
1007727,Student,regular,22,19223,233.0,Budget,1,0.35,Quick Bites,11.9,0.03,Koramangala 1st Block
1007728,Office Worker,trial_only,34,85239,597.0,Mid-range,1,0.2,Cafe,26.6,0.15,Koramangala 1st Block
1007729,Family,trial_only,42,137198,537.0,Mid-range,5,0.15,Fine Dining,51.1,0.15,Frazer Town
1007730,Student,occasional,24,32310,234.0,Budget,1,0.35,Quick Bites,5.8,0.06,Kammanahalli
1007731,Family,regular,44,171379,715.0,Mid-range,4,0.15,Casual Dining,10.0,0.03,HSR
1007732,Office Worker,power_user,35,67041,689.0,Mid-range,2,0.2,Quick Bites,2.4,0.01,Ulsoor
1007733,Office Worker,occasional,36,35502,527.0,Mid-range,1,0.2,Quick Bites,15.1,0.06,Malleshwaram
1007734,Student,regular,23,34135,232.0,Budget,1,0.35,Dessert Parlor,10.9,0.03,Shanti Nagar
1007735,Couple,trial_only,39,97828,1447.0,Premium,4,0.3,Fine Dining,20.2,0.15,Koramangala 1st Block
1007736,Office Worker,trial_only,24,52507,502.0,Mid-range,1,0.2,Food Court,38.6,0.15,BTM
1007737,Family,regular,34,109629,855.0,Mid-range,5,0.15,Dessert Parlor,3.2,0.03,BTM
1007738,Office Worker,occasional,27,35278,520.0,Mid-range,1,0.2,Quick Bites,32.5,0.06,Bellandur
1007739,Student,occasional,24,26606,305.0,Budget,1,0.35,Bakery,33.8,0.06,Frazer Town
1007740,Office Worker,occasional,33,32859,467.0,Budget,1,0.2,Casual Dining,13.8,0.06,Basaveshwara Nagar
1007741,Office Worker,regular,32,73243,295.0,Budget,2,0.2,Casual Dining,17.9,0.03,Marathahalli
1007742,Office Worker,occasional,32,80007,594.0,Mid-range,1,0.2,Casual Dining,29.0,0.06,Banashankari
1007743,Couple,regular,39,92212,1066.0,Premium,1,0.3,Fine Dining,2.0,0.03,Frazer Town
1007744,Food Explorer,trial_only,36,70679,291.0,Budget,3,0.7,Sweet Shop,27.8,0.15,BTM
1007745,Couple,occasional,28,117320,1049.0,Premium,2,0.3,Microbrewery,17.7,0.06,Brigade Road
1007746,Family,occasional,55,163233,707.0,Mid-range,4,0.15,Casual Dining,10.4,0.06,BTM
1007747,Office Worker,trial_only,36,35738,370.0,Budget,1,0.2,Delivery,40.6,0.15,Electronic City
1007748,Family,occasional,27,115048,956.0,Mid-range,2,0.15,Dessert Parlor,13.5,0.06,Old Airport Road
1007749,Office Worker,occasional,33,49376,547.0,Mid-range,1,0.2,Cafe,10.5,0.06,Kammanahalli
1007750,Couple,regular,33,51117,612.0,Mid-range,1,0.3,Lounge,11.5,0.03,Richmond Road
1007751,Couple,occasional,32,50848,1046.0,Premium,2,0.3,Fine Dining,50.9,0.06,Koramangala 8th Block
1007752,Office Worker,regular,38,61719,406.0,Budget,1,0.2,Cafe,4.0,0.03,Indiranagar
1007753,Food Explorer,trial_only,27,101099,557.0,Mid-range,1,0.7,Bhojanalya,53.9,0.15,Electronic City
1007754,Couple,regular,42,109455,1712.0,Premium,3,0.3,Cafe,0.7,0.03,Indiranagar
1007755,Office Worker,regular,34,44927,369.0,Budget,1,0.2,Casual Dining,3.5,0.03,Jayanagar
1007756,Food Explorer,occasional,37,76121,991.0,Mid-range,2,0.7,Sweet Shop,6.2,0.06,MG Road
1007757,Student,regular,23,34144,288.0,Budget,1,0.35,Quick Bites,1.2,0.03,Kalyan Nagar
1007758,Student,trial_only,22,30951,426.0,Budget,1,0.35,Quick Bites,82.0,0.15,HSR
1007759,Office Worker,regular,26,37190,419.0,Budget,2,0.2,Casual Dining,11.1,0.03,Cunningham Road
1007760,Family,power_user,55,137281,714.0,Mid-range,4,0.15,Casual Dining,2.5,0.01,Whitefield
1007761,Office Worker,occasional,34,67487,448.0,Budget,1,0.2,Food Court,3.9,0.06,Whitefield
1007762,Food Explorer,occasional,28,69179,923.0,Mid-range,3,0.7,Dessert Parlor,5.6,0.06,Jayanagar
1007763,Office Worker,trial_only,27,51870,466.0,Budget,2,0.2,Casual Dining,51.5,0.15,Marathahalli
1007764,Office Worker,regular,25,73140,471.0,Budget,1,0.2,Food Court,11.7,0.03,MG Road
1007765,Family,regular,31,172183,927.0,Mid-range,3,0.15,Dessert Parlor,1.1,0.03,Richmond Road
1007766,Student,regular,18,17990,230.0,Budget,1,0.35,Food Court,4.9,0.03,Richmond Road
1007767,Family,regular,51,171263,867.0,Mid-range,3,0.15,Cafe,2.3,0.03,Koramangala 7th Block
1007768,Office Worker,occasional,30,80313,387.0,Budget,1,0.2,Casual Dining,4.8,0.06,JP Nagar
1007769,Food Explorer,regular,33,44208,968.0,Mid-range,2,0.7,Microbrewery,4.3,0.03,Whitefield
1007770,Family,occasional,48,93612,884.0,Mid-range,3,0.15,Fine Dining,11.1,0.06,Seshadripuram
1007771,Student,trial_only,24,21024,355.0,Budget,1,0.35,Quick Bites,39.1,0.15,Koramangala 5th Block
1007772,Student,regular,21,26665,137.0,Budget,1,0.35,Cafe,8.1,0.03,Electronic City
1007773,Student,occasional,18,15665,357.0,Budget,1,0.35,Bakery,7.6,0.06,Church Street
1007774,Food Explorer,regular,33,73207,556.0,Mid-range,1,0.7,Bar,7.9,0.03,Brigade Road
1007775,Family,trial_only,54,71117,513.0,Mid-range,6,0.15,Dessert Parlor,96.6,0.15,Majestic
1007776,Office Worker,regular,29,36071,459.0,Budget,1,0.2,Cafe,2.4,0.03,Yeshwantpur
1007777,Student,occasional,18,20874,179.0,Budget,2,0.35,Quick Bites,29.7,0.06,Shanti Nagar
1007778,Couple,regular,39,112971,1383.0,Premium,3,0.3,Fine Dining,3.2,0.03,Bannerghatta Road
1007779,Student,power_user,22,21309,415.0,Budget,2,0.35,Cafe,2.2,0.01,Cunningham Road
1007780,Family,regular,25,105966,442.0,Budget,4,0.15,Casual Dining,3.4,0.03,Richmond Road
1007781,Couple,regular,24,99790,1191.0,Premium,2,0.3,Cafe,2.6,0.03,Ejipura
1007782,Office Worker,trial_only,32,68056,434.0,Budget,1,0.2,Quick Bites,4.8,0.15,Whitefield
1007783,Office Worker,regular,25,72841,251.0,Budget,1,0.2,Casual Dining,7.1,0.03,BTM
1007784,Student,trial_only,19,23498,373.0,Budget,1,0.35,Quick Bites,13.0,0.15,Koramangala 6th Block
1007785,Office Worker,occasional,28,35509,513.0,Mid-range,1,0.2,Quick Bites,9.6,0.06,Electronic City
1007786,Food Explorer,regular,30,43327,1107.0,Premium,1,0.7,Sweet Shop,5.7,0.03,Koramangala 4th Block
1007787,Family,regular,49,101160,899.0,Mid-range,2,0.15,Fine Dining,3.7,0.03,Old Airport Road
1007788,Couple,regular,33,70498,936.0,Mid-range,4,0.3,Microbrewery,0.6,0.03,Shanti Nagar
1007789,Office Worker,trial_only,38,62211,501.0,Mid-range,3,0.2,Cafe,70.7,0.15,BTM
1007790,Student,regular,22,27511,403.0,Budget,2,0.35,Quick Bites,3.0,0.03,Koramangala 5th Block
1007791,Family,trial_only,34,90245,707.0,Mid-range,1,0.15,Cafe,24.5,0.15,Richmond Road
1007792,Office Worker,power_user,32,58059,535.0,Mid-range,1,0.2,Casual Dining,1.3,0.01,Koramangala 7th Block
1007793,Student,regular,18,15462,112.0,Budget,1,0.35,Cafe,2.8,0.03,Koramangala 5th Block
1007794,Office Worker,regular,40,57988,598.0,Mid-range,2,0.2,Quick Bites,7.6,0.03,BTM
1007795,Family,occasional,30,105371,960.0,Mid-range,3,0.15,Casual Dining,10.2,0.06,Indiranagar
1007796,Family,occasional,52,60287,291.0,Budget,3,0.15,Casual Dining,7.2,0.06,Whitefield
1007797,Student,trial_only,22,26631,331.0,Budget,1,0.35,Quick Bites,30.2,0.15,HSR
1007798,Couple,regular,30,80280,604.0,Mid-range,4,0.3,Pub,4.9,0.03,RT Nagar
1007799,Office Worker,power_user,31,74872,389.0,Budget,1,0.2,Cafe,2.5,0.01,Koramangala 3rd Block
1007800,Office Worker,occasional,25,70168,518.0,Mid-range,2,0.2,Quick Bites,4.0,0.06,Koramangala 5th Block
1007801,Student,occasional,22,14877,289.0,Budget,2,0.35,Quick Bites,5.4,0.06,Kalyan Nagar
1007802,Couple,trial_only,25,138699,1577.0,Premium,3,0.3,Fine Dining,25.3,0.15,New BEL Road
1007803,Office Worker,regular,34,31339,456.0,Budget,1,0.2,Casual Dining,8.3,0.03,Brigade Road
1007804,Office Worker,occasional,26,64440,446.0,Budget,1,0.2,Casual Dining,9.9,0.06,Brigade Road
1007805,Student,regular,18,30064,388.0,Budget,1,0.35,Quick Bites,3.6,0.03,Indiranagar
1007806,Family,trial_only,27,124877,732.0,Mid-range,3,0.15,Casual Dining,33.8,0.15,Frazer Town
1007807,Couple,regular,25,105753,1192.0,Premium,2,0.3,Microbrewery,2.6,0.03,BTM
1007808,Office Worker,trial_only,38,58219,461.0,Budget,1,0.2,Casual Dining,101.5,0.15,Koramangala 7th Block
1007809,Food Explorer,regular,39,44806,583.0,Mid-range,1,0.7,Pub,3.7,0.03,Bannerghatta Road
1007810,Student,occasional,24,26962,393.0,Budget,1,0.35,Cafe,52.7,0.06,Shanti Nagar
1007811,Student,trial_only,23,33821,247.0,Budget,2,0.35,Cafe,8.4,0.15,Shivajinagar
1007812,Family,trial_only,28,155776,634.0,Mid-range,5,0.15,Fine Dining,44.5,0.15,Sarjapur Road
1007813,Family,occasional,47,67047,588.0,Mid-range,3,0.15,Cafe,9.8,0.06,Indiranagar
1007814,Office Worker,regular,36,43241,236.0,Budget,1,0.2,Food Court,4.3,0.03,Koramangala 4th Block
1007815,Family,trial_only,28,159924,1097.0,Premium,2,0.15,Casual Dining,48.3,0.15,Sarjapur Road
1007816,Office Worker,occasional,38,72839,360.0,Budget,2,0.2,Casual Dining,11.6,0.06,Koramangala 6th Block
1007817,Family,occasional,55,103985,752.0,Mid-range,4,0.15,Fine Dining,24.3,0.06,Koramangala 1st Block
1007818,Family,regular,33,89262,1112.0,Premium,2,0.15,Casual Dining,12.6,0.03,Koramangala 5th Block
1007819,Food Explorer,regular,33,76987,565.0,Mid-range,1,0.7,Irani Cafe,19.5,0.03,Sarjapur Road
1007820,Office Worker,regular,38,31907,501.0,Mid-range,1,0.2,Quick Bites,4.1,0.03,Marathahalli
1007821,Family,occasional,29,70750,516.0,Mid-range,1,0.15,Casual Dining,9.7,0.06,Brigade Road
1007822,Family,regular,55,68961,1080.0,Premium,4,0.15,Casual Dining,5.7,0.03,Banaswadi
1007823,Office Worker,regular,28,79502,438.0,Budget,1,0.2,Casual Dining,13.7,0.03,Banashankari
1007824,Office Worker,trial_only,40,32792,348.0,Budget,2,0.2,Cafe,32.9,0.15,Cunningham Road
1007825,Food Explorer,occasional,26,84209,345.0,Budget,2,0.7,Quick Bites,9.5,0.06,Indiranagar
1007826,Student,trial_only,23,17004,435.0,Budget,1,0.35,Quick Bites,6.2,0.15,Marathahalli
1007827,Couple,regular,35,125655,1024.0,Premium,4,0.3,Fine Dining,4.6,0.03,Marathahalli
1007828,Student,regular,20,13179,220.0,Budget,3,0.35,Quick Bites,2.2,0.03,HSR
1007829,Couple,occasional,33,141032,1070.0,Premium,1,0.3,Microbrewery,29.2,0.06,HSR
1007830,Student,regular,19,12130,304.0,Budget,2,0.35,Dessert Parlor,6.0,0.03,Domlur
1007831,Food Explorer,occasional,34,107721,638.0,Mid-range,1,0.7,Sweet Shop,8.8,0.06,Koramangala 3rd Block
1007832,Family,regular,55,77710,889.0,Mid-range,2,0.15,Fine Dining,0.8,0.03,HSR
1007833,Student,occasional,22,10741,319.0,Budget,1,0.35,Cafe,1.2,0.06,BTM
1007834,Family,regular,29,64583,929.0,Mid-range,2,0.15,Dessert Parlor,4.3,0.03,Whitefield
1007835,Family,occasional,44,153713,745.0,Mid-range,5,0.15,Casual Dining,11.2,0.06,Rajajinagar
1007836,Office Worker,trial_only,30,50613,657.0,Mid-range,1,0.2,Food Court,49.7,0.15,Frazer Town
1007837,Office Worker,power_user,39,55000,401.0,Budget,2,0.2,Casual Dining,0.9,0.01,CV Raman Nagar
1007838,Family,occasional,29,158738,1070.0,Premium,4,0.15,Food Court,7.3,0.06,Koramangala
1007839,Family,occasional,38,91398,680.0,Mid-range,2,0.15,Casual Dining,43.5,0.06,Indiranagar
1007840,Office Worker,occasional,31,63227,307.0,Budget,1,0.2,Quick Bites,32.8,0.06,Whitefield
1007841,Couple,power_user,43,79852,700.0,Mid-range,1,0.3,Cafe,1.9,0.01,HSR
1007842,Office Worker,regular,24,33898,480.0,Budget,2,0.2,Quick Bites,4.0,0.03,Brigade Road
1007843,Student,occasional,22,34841,393.0,Budget,2,0.35,Quick Bites,20.2,0.06,Church Street
1007844,Family,occasional,49,104991,570.0,Mid-range,2,0.15,Casual Dining,16.9,0.06,Basavanagudi
1007845,Student,occasional,20,31182,230.0,Budget,2,0.35,Quick Bites,5.8,0.06,JP Nagar
1007846,Office Worker,regular,32,55790,489.0,Budget,2,0.2,Quick Bites,6.6,0.03,Bannerghatta Road
1007847,Office Worker,trial_only,28,82032,450.0,Budget,1,0.2,Casual Dining,21.9,0.15,Kammanahalli
1007848,Office Worker,power_user,30,40344,391.0,Budget,1,0.2,Cafe,1.1,0.01,Jayanagar
1007849,Student,power_user,24,23501,198.0,Budget,2,0.35,Quick Bites,1.8,0.01,Indiranagar
1007850,Family,occasional,33,104761,862.0,Mid-range,3,0.15,Fine Dining,13.3,0.06,New BEL Road
1007851,Office Worker,occasional,26,89549,515.0,Mid-range,1,0.2,Casual Dining,4.6,0.06,Bellandur
1007852,Couple,occasional,36,83675,1348.0,Premium,3,0.3,Cafe,23.8,0.06,BTM
1007853,Family,regular,36,152582,805.0,Mid-range,2,0.15,Casual Dining,7.1,0.03,Cunningham Road
1007854,Office Worker,regular,37,59628,344.0,Budget,1,0.2,Cafe,4.4,0.03,Vasanth Nagar
1007855,Office Worker,occasional,23,54046,481.0,Budget,1,0.2,Cafe,26.3,0.06,Rajajinagar
1007856,Couple,regular,43,119729,1272.0,Premium,1,0.3,Cafe,14.0,0.03,Brigade Road
1007857,Student,occasional,22,26118,195.0,Budget,1,0.35,Cafe,28.1,0.06,New BEL Road
1007858,Student,occasional,23,21971,276.0,Budget,1,0.35,Quick Bites,7.1,0.06,Residency Road
1007859,Couple,power_user,32,55530,1310.0,Premium,1,0.3,Lounge,0.7,0.01,Electronic City
1007860,Family,occasional,36,68874,784.0,Mid-range,2,0.15,Fine Dining,24.2,0.06,Jayanagar
1007861,Family,trial_only,32,131838,408.0,Budget,4,0.15,Casual Dining,12.3,0.15,Hennur
1007862,Student,trial_only,23,11380,249.0,Budget,1,0.35,Cafe,8.1,0.15,Bellandur
1007863,Student,power_user,18,25145,243.0,Budget,2,0.35,Beverage Shop,1.8,0.01,HSR
1007864,Office Worker,occasional,32,83278,506.0,Mid-range,1,0.2,Casual Dining,17.0,0.06,HSR
1007865,Family,trial_only,29,154705,1320.0,Premium,3,0.15,Casual Dining,8.4,0.15,Marathahalli
1007866,Office Worker,occasional,34,71686,463.0,Budget,2,0.2,Casual Dining,11.8,0.06,Bannerghatta Road
1007867,Student,regular,24,16840,204.0,Budget,1,0.35,Quick Bites,3.3,0.03,HSR
1007868,Student,regular,22,26430,287.0,Budget,2,0.35,Food Court,6.5,0.03,Bellandur
1007869,Family,occasional,21,82001,802.0,Mid-range,2,0.15,Fine Dining,12.0,0.06,JP Nagar
1007870,Family,occasional,34,169585,951.0,Mid-range,6,0.15,Casual Dining,5.6,0.06,Vasanth Nagar
1007871,Student,trial_only,18,12250,399.0,Budget,1,0.35,Food Court,19.6,0.15,Ulsoor
1007872,Student,trial_only,21,23538,411.0,Budget,2,0.35,Cafe,2.1,0.15,Bannerghatta Road
1007873,Office Worker,regular,26,59182,504.0,Mid-range,1,0.2,Quick Bites,5.5,0.03,Malleshwaram
1007874,Student,occasional,22,11843,300.0,Budget,1,0.35,Dessert Parlor,14.9,0.06,Vasanth Nagar
1007875,Office Worker,regular,32,41194,598.0,Mid-range,1,0.2,Food Court,7.2,0.03,BTM
1007876,Student,power_user,20,27860,272.0,Budget,1,0.35,Bakery,8.6,0.01,Richmond Road
1007877,Family,power_user,50,131493,811.0,Mid-range,4,0.15,Casual Dining,5.9,0.01,Jayanagar
1007878,Couple,trial_only,40,66227,1127.0,Premium,2,0.3,Pub,19.7,0.15,Ulsoor
1007879,Food Explorer,regular,33,51246,100.0,Budget,1,0.7,Food Court,10.6,0.03,Koramangala 4th Block
1007880,Food Explorer,occasional,28,93296,918.0,Mid-range,1,0.7,Dhaba,10.9,0.06,BTM
1007881,Office Worker,regular,27,69640,518.0,Mid-range,1,0.2,Casual Dining,6.4,0.03,Kalyan Nagar
1007882,Student,regular,22,20018,110.0,Budget,2,0.35,Quick Bites,13.0,0.03,Koramangala 5th Block
1007883,Office Worker,occasional,37,31213,550.0,Mid-range,2,0.2,Quick Bites,4.8,0.06,Rajajinagar
1007884,Family,power_user,50,63387,739.0,Mid-range,3,0.15,Fine Dining,1.7,0.01,JP Nagar
1007885,Student,regular,23,13772,379.0,Budget,1,0.35,Quick Bites,5.9,0.03,Jayanagar
1007886,Office Worker,occasional,23,33331,458.0,Budget,1,0.2,Casual Dining,11.8,0.06,Church Street
1007887,Office Worker,trial_only,40,63400,314.0,Budget,1,0.2,Delivery,12.9,0.15,Whitefield
1007888,Student,occasional,19,19816,302.0,Budget,2,0.35,Bakery,5.6,0.06,Koramangala 4th Block
1007889,Family,trial_only,20,86081,620.0,Mid-range,4,0.15,Casual Dining,15.5,0.15,BTM
1007890,Family,regular,40,131345,555.0,Mid-range,4,0.15,Dessert Parlor,2.3,0.03,BTM
1007891,Office Worker,regular,31,72268,537.0,Mid-range,1,0.2,Casual Dining,2.8,0.03,Vasanth Nagar
1007892,Food Explorer,regular,24,53671,698.0,Mid-range,1,0.7,Bhojanalya,7.8,0.03,BTM
1007893,Student,trial_only,19,25628,420.0,Budget,1,0.35,Dessert Parlor,33.0,0.15,Whitefield
1007894,Student,regular,19,12668,268.0,Budget,1,0.35,Quick Bites,3.5,0.03,Shanti Nagar
1007895,Office Worker,regular,30,65999,354.0,Budget,1,0.2,Cafe,6.2,0.03,Sarjapur Road
1007896,Family,trial_only,46,105148,928.0,Mid-range,3,0.15,Fine Dining,29.1,0.15,Whitefield
1007897,Family,trial_only,44,73170,633.0,Mid-range,2,0.15,Fine Dining,86.2,0.15,Whitefield
1007898,Student,regular,18,30105,275.0,Budget,1,0.35,Bakery,1.7,0.03,Whitefield
1007899,Food Explorer,occasional,25,54613,731.0,Mid-range,1,0.7,Pop Up,3.0,0.06,Jayanagar
1007900,Office Worker,regular,33,77041,437.0,Budget,3,0.2,Casual Dining,7.4,0.03,Indiranagar
1007901,Office Worker,occasional,37,51916,401.0,Budget,1,0.2,Casual Dining,24.8,0.06,Electronic City
1007902,Family,occasional,21,142097,519.0,Mid-range,3,0.15,Casual Dining,12.8,0.06,Bannerghatta Road
1007903,Food Explorer,trial_only,28,96571,834.0,Mid-range,1,0.7,Kiosk,59.5,0.15,New BEL Road
1007904,Family,regular,24,111043,726.0,Mid-range,3,0.15,Fine Dining,9.6,0.03,Shanti Nagar
1007905,Food Explorer,occasional,31,93349,755.0,Mid-range,1,0.7,Confectionery,19.0,0.06,Koramangala 7th Block
1007906,Student,power_user,20,21048,339.0,Budget,1,0.35,Cafe,2.4,0.01,BTM
1007907,Family,occasional,26,132747,1018.0,Premium,6,0.15,Fine Dining,2.6,0.06,Sarjapur Road
1007908,Couple,occasional,45,72594,1129.0,Premium,2,0.3,Pub,11.8,0.06,Jayanagar
1007909,Office Worker,occasional,36,55518,415.0,Budget,1,0.2,Quick Bites,22.8,0.06,JP Nagar
1007910,Office Worker,trial_only,32,38228,339.0,Budget,1,0.2,Casual Dining,39.1,0.15,Brigade Road
1007911,Food Explorer,occasional,36,73257,464.0,Budget,1,0.7,Sweet Shop,19.5,0.06,KR Puram
1007912,Student,occasional,20,10396,327.0,Budget,1,0.35,Cafe,18.0,0.06,Indiranagar
1007913,Office Worker,regular,39,54581,368.0,Budget,3,0.2,Quick Bites,6.3,0.03,HSR
1007914,Couple,trial_only,33,136015,1295.0,Premium,3,0.3,Pub,18.0,0.15,HSR
1007915,Food Explorer,occasional,29,68908,967.0,Mid-range,1,0.7,Casual Dining,12.8,0.06,Jayanagar
1007916,Food Explorer,regular,32,79695,489.0,Budget,1,0.7,Meat Shop,18.4,0.03,Sarjapur Road
1007917,Couple,occasional,36,135612,806.0,Mid-range,1,0.3,Fine Dining,11.9,0.06,HSR
1007918,Student,regular,22,10076,267.0,Budget,2,0.35,Food Court,8.0,0.03,Brookefield
1007919,Food Explorer,occasional,37,93651,244.0,Budget,2,0.7,Microbrewery,17.4,0.06,Kumaraswamy Layout
1007920,Office Worker,regular,27,61750,583.0,Mid-range,1,0.2,Delivery,2.3,0.03,Koramangala
1007921,Family,regular,45,101178,817.0,Mid-range,4,0.15,Fine Dining,20.9,0.03,Koramangala 6th Block
1007922,Office Worker,trial_only,26,45499,377.0,Budget,1,0.2,Quick Bites,10.9,0.15,HSR
1007923,Couple,trial_only,29,109278,1032.0,Premium,3,0.3,Cafe,27.4,0.15,Shanti Nagar
1007924,Family,occasional,37,111283,564.0,Mid-range,4,0.15,Casual Dining,14.6,0.06,Domlur
1007925,Couple,trial_only,35,89527,1503.0,Premium,2,0.3,Fine Dining,2.4,0.15,Indiranagar
1007926,Student,regular,22,26810,447.0,Budget,1,0.35,Dessert Parlor,1.8,0.03,Koramangala 4th Block
1007927,Student,regular,18,19988,180.0,Budget,2,0.35,Quick Bites,3.9,0.03,Indiranagar
1007928,Office Worker,trial_only,37,78585,554.0,Mid-range,1,0.2,Delivery,49.7,0.15,Richmond Road
1007929,Student,occasional,21,17122,280.0,Budget,1,0.35,Quick Bites,1.4,0.06,Brookefield
1007930,Family,occasional,41,144058,1053.0,Premium,4,0.15,Casual Dining,17.1,0.06,Jayanagar
1007931,Office Worker,regular,36,63800,267.0,Budget,1,0.2,Cafe,3.4,0.03,BTM
1007932,Family,regular,44,167556,845.0,Mid-range,3,0.15,Fine Dining,9.0,0.03,Bannerghatta Road
1007933,Student,power_user,21,20008,267.0,Budget,3,0.35,Quick Bites,2.9,0.01,JP Nagar
1007934,Student,trial_only,21,15868,353.0,Budget,1,0.35,Bakery,14.5,0.15,Bannerghatta Road
1007935,Family,regular,28,107822,812.0,Mid-range,4,0.15,Casual Dining,4.0,0.03,Kaggadasapura
1007936,Office Worker,occasional,33,69683,452.0,Budget,2,0.2,Quick Bites,6.6,0.06,BTM
1007937,Student,regular,19,20747,292.0,Budget,3,0.35,Dessert Parlor,10.9,0.03,Jayanagar
1007938,Student,occasional,22,32246,425.0,Budget,2,0.35,Cafe,4.6,0.06,Koramangala 1st Block
1007939,Student,regular,20,13897,286.0,Budget,2,0.35,Cafe,1.4,0.03,Koramangala 1st Block
1007940,Family,occasional,28,97020,973.0,Mid-range,4,0.15,Casual Dining,18.7,0.06,JP Nagar
1007941,Student,occasional,21,34582,350.0,Budget,1,0.35,Quick Bites,17.0,0.06,Banaswadi
1007942,Office Worker,regular,39,77967,539.0,Mid-range,1,0.2,Casual Dining,3.6,0.03,Indiranagar
1007943,Family,power_user,40,69228,597.0,Mid-range,6,0.15,Food Court,1.9,0.01,Koramangala 5th Block
1007944,Office Worker,regular,29,86413,521.0,Mid-range,1,0.2,Cafe,18.2,0.03,Cunningham Road
1007945,Family,occasional,36,111105,867.0,Mid-range,2,0.15,Casual Dining,33.5,0.06,Rajajinagar
1007946,Office Worker,trial_only,33,68633,331.0,Budget,1,0.2,Food Court,18.2,0.15,Koramangala 6th Block
1007947,Food Explorer,regular,24,41336,547.0,Mid-range,1,0.7,Takeaway,20.0,0.03,JP Nagar
1007948,Office Worker,occasional,33,39856,679.0,Mid-range,1,0.2,Casual Dining,12.7,0.06,Basaveshwara Nagar
1007949,Office Worker,regular,23,71912,411.0,Budget,1,0.2,Quick Bites,8.0,0.03,Whitefield
1007950,Food Explorer,trial_only,38,60869,508.0,Mid-range,3,0.7,Cafe,42.2,0.15,Koramangala 1st Block
1007951,Family,trial_only,41,74119,890.0,Mid-range,4,0.15,Fine Dining,53.4,0.15,St. Marks Road
1007952,Family,occasional,24,141598,692.0,Mid-range,4,0.15,Casual Dining,17.4,0.06,Brookefield
1007953,Couple,power_user,34,71721,1242.0,Premium,1,0.3,Lounge,1.5,0.01,Koramangala 1st Block
1007954,Student,regular,24,31655,264.0,Budget,2,0.35,Quick Bites,0.9,0.03,Electronic City
1007955,Couple,trial_only,45,67867,1321.0,Premium,2,0.3,Fine Dining,56.9,0.15,Indiranagar
1007956,Family,regular,24,62850,788.0,Mid-range,2,0.15,Casual Dining,1.9,0.03,Kammanahalli
1007957,Office Worker,occasional,27,53436,645.0,Mid-range,1,0.2,Casual Dining,5.4,0.06,Basaveshwara Nagar
1007958,Office Worker,trial_only,25,49580,455.0,Budget,1,0.2,Cafe,37.4,0.15,Cunningham Road
1007959,Student,occasional,20,25963,282.0,Budget,1,0.35,Beverage Shop,9.6,0.06,Electronic City
1007960,Food Explorer,occasional,38,58685,857.0,Mid-range,1,0.7,Confectionery,15.2,0.06,Race Course Road
1007961,Student,occasional,22,34520,189.0,Budget,2,0.35,Dessert Parlor,15.5,0.06,BTM
1007962,Office Worker,trial_only,27,55324,619.0,Mid-range,3,0.2,Cafe,18.6,0.15,Indiranagar
1007963,Family,regular,31,145090,602.0,Mid-range,3,0.15,Cafe,2.8,0.03,Kammanahalli
1007964,Family,trial_only,42,152218,1038.0,Premium,4,0.15,Fine Dining,49.3,0.15,HBR Layout
1007965,Student,regular,22,32101,417.0,Budget,1,0.35,Quick Bites,9.4,0.03,City Market
1007966,Couple,occasional,34,100281,1042.0,Premium,2,0.3,Cafe,11.0,0.06,Brigade Road
1007967,Office Worker,trial_only,30,43645,407.0,Budget,2,0.2,Cafe,3.9,0.15,Seshadripuram
1007968,Couple,occasional,44,101829,1167.0,Premium,3,0.3,Lounge,9.2,0.06,Koramangala 4th Block
1007969,Student,regular,21,20642,350.0,Budget,2,0.35,Cafe,4.6,0.03,Residency Road
1007970,Student,power_user,23,25226,220.0,Budget,1,0.35,Quick Bites,6.2,0.01,Koramangala 6th Block
1007971,Family,trial_only,54,88351,778.0,Mid-range,3,0.15,Casual Dining,67.6,0.15,Indiranagar
1007972,Student,occasional,20,22892,275.0,Budget,3,0.35,Dessert Parlor,14.5,0.06,Koramangala 5th Block
1007973,Office Worker,regular,37,87462,335.0,Budget,1,0.2,Cafe,7.2,0.03,MG Road
1007974,Student,trial_only,23,27207,216.0,Budget,3,0.35,Cafe,8.7,0.15,Domlur
1007975,Couple,trial_only,28,145747,1238.0,Premium,2,0.3,Cafe,39.2,0.15,Ulsoor
1007976,Couple,trial_only,28,60703,1233.0,Premium,2,0.3,Fine Dining,3.5,0.15,Sarjapur Road
1007977,Couple,occasional,27,115378,971.0,Mid-range,1,0.3,Lounge,6.4,0.06,Bellandur
1007978,Food Explorer,trial_only,33,41824,620.0,Mid-range,1,0.7,Fine Dining,17.3,0.15,Marathahalli
1007979,Food Explorer,trial_only,36,56240,438.0,Budget,1,0.7,Bar,30.3,0.15,Bommanahalli
1007980,Office Worker,regular,36,79608,581.0,Mid-range,1,0.2,Quick Bites,1.9,0.03,BTM
1007981,Office Worker,trial_only,29,36063,440.0,Budget,1,0.2,Quick Bites,26.1,0.15,Sarjapur Road
1007982,Couple,occasional,39,97891,1529.0,Premium,2,0.3,Fine Dining,3.7,0.06,HSR
1007983,Food Explorer,trial_only,22,45589,177.0,Budget,2,0.7,Bhojanalya,68.1,0.15,Sarjapur Road
1007984,Food Explorer,occasional,34,63878,681.0,Mid-range,1,0.7,Bar,7.2,0.06,Jayanagar
1007985,Couple,occasional,34,62355,1379.0,Premium,2,0.3,Pub,19.6,0.06,BTM
1007986,Student,regular,23,21358,289.0,Budget,2,0.35,Food Court,4.7,0.03,BTM
1007987,Food Explorer,power_user,40,91437,465.0,Budget,2,0.7,Pub,1.8,0.01,Kammanahalli
1007988,Food Explorer,regular,32,92007,562.0,Mid-range,1,0.7,Irani Cafe,9.4,0.03,BTM
1007989,Family,occasional,42,171889,948.0,Mid-range,1,0.15,Casual Dining,7.1,0.06,"Varthur Main Road, Whitefield"
1007990,Couple,trial_only,44,62170,837.0,Mid-range,3,0.3,Cafe,15.7,0.15,Jayanagar
1007991,Family,power_user,32,108050,940.0,Mid-range,6,0.15,Casual Dining,1.9,0.01,Hosur Road
1007992,Food Explorer,regular,24,81889,680.0,Mid-range,2,0.7,Cafe,6.5,0.03,Bannerghatta Road
1007993,Student,occasional,21,12153,279.0,Budget,1,0.35,Bakery,9.8,0.06,Kammanahalli
1007994,Couple,regular,31,61070,1135.0,Premium,2,0.3,Pub,3.5,0.03,Koramangala 5th Block
1007995,Student,regular,22,17758,305.0,Budget,1,0.35,Cafe,3.8,0.03,JP Nagar
1007996,Office Worker,power_user,37,81575,616.0,Mid-range,1,0.2,Casual Dining,2.5,0.01,Ulsoor
1007997,Student,occasional,21,24656,328.0,Budget,2,0.35,Dessert Parlor,9.5,0.06,Basaveshwara Nagar
1007998,Office Worker,occasional,28,63743,356.0,Budget,1,0.2,Cafe,42.5,0.06,Koramangala 8th Block
1007999,Student,trial_only,21,23776,265.0,Budget,2,0.35,Cafe,23.8,0.15,Banaswadi
1008000,Food Explorer,regular,30,104869,314.0,Budget,1,0.7,Sweet Shop,5.9,0.03,Rajajinagar
1008001,Family,regular,26,125384,422.0,Budget,3,0.15,Casual Dining,5.6,0.03,Kanakapura Road
1008002,Couple,occasional,41,122101,851.0,Mid-range,1,0.3,Cafe,12.0,0.06,Brookefield
1008003,Office Worker,trial_only,28,48567,462.0,Budget,2,0.2,Quick Bites,11.6,0.15,Marathahalli
1008004,Student,regular,21,30382,402.0,Budget,1,0.35,Quick Bites,6.1,0.03,Jayanagar
1008005,Couple,trial_only,43,53235,1499.0,Premium,2,0.3,Fine Dining,35.9,0.15,Brigade Road
1008006,Family,occasional,26,101017,569.0,Mid-range,3,0.15,Cafe,5.5,0.06,Thippasandra
1008007,Office Worker,trial_only,30,45012,370.0,Budget,1,0.2,Quick Bites,25.3,0.15,BTM
1008008,Couple,regular,27,63946,918.0,Mid-range,3,0.3,Fine Dining,10.1,0.03,Wilson Garden
1008009,Couple,regular,33,103695,426.0,Budget,3,0.3,Cafe,3.2,0.03,Bommanahalli
1008010,Family,regular,30,166993,766.0,Mid-range,5,0.15,Cafe,4.4,0.03,HSR
1008011,Food Explorer,occasional,39,52994,801.0,Mid-range,1,0.7,Kiosk,18.5,0.06,BTM
1008012,Family,trial_only,30,166157,750.0,Mid-range,4,0.15,Casual Dining,39.5,0.15,Ulsoor
1008013,Family,occasional,42,162855,546.0,Mid-range,5,0.15,Casual Dining,10.9,0.06,BTM
1008014,Office Worker,power_user,25,82997,365.0,Budget,2,0.2,Cafe,4.6,0.01,Basavanagudi
1008015,Student,power_user,21,10152,274.0,Budget,3,0.35,Dessert Parlor,0.5,0.01,Marathahalli
1008016,Student,occasional,23,34732,362.0,Budget,1,0.35,Quick Bites,5.3,0.06,Indiranagar
1008017,Couple,trial_only,38,92755,1145.0,Premium,1,0.3,Cafe,10.5,0.15,Whitefield
1008018,Family,regular,30,131540,927.0,Mid-range,4,0.15,Casual Dining,1.4,0.03,Shanti Nagar
1008019,Office Worker,occasional,40,48293,442.0,Budget,1,0.2,Casual Dining,8.3,0.06,Kumaraswamy Layout
1008020,Family,occasional,48,121500,847.0,Mid-range,4,0.15,Casual Dining,12.0,0.06,BTM
1008021,Student,trial_only,20,23753,225.0,Budget,2,0.35,Cafe,31.2,0.15,HSR
1008022,Office Worker,trial_only,40,77840,381.0,Budget,1,0.2,Quick Bites,8.3,0.15,Basavanagudi
1008023,Food Explorer,regular,25,67314,286.0,Budget,1,0.7,Mess,4.1,0.03,Jeevan Bhima Nagar
1008024,Office Worker,occasional,28,36608,510.0,Mid-range,1,0.2,Casual Dining,8.4,0.06,Bommanahalli
1008025,Student,trial_only,24,24663,277.0,Budget,2,0.35,Dessert Parlor,63.0,0.15,Old Airport Road
1008026,Office Worker,trial_only,40,76983,100.0,Budget,1,0.2,Cafe,18.6,0.15,Bannerghatta Road
1008027,Office Worker,occasional,37,30939,498.0,Budget,1,0.2,Food Court,23.2,0.06,BTM
1008028,Family,regular,26,157467,995.0,Mid-range,2,0.15,Food Court,7.4,0.03,BTM
1008029,Food Explorer,occasional,26,104282,397.0,Budget,2,0.7,Kiosk,26.8,0.06,BTM
1008030,Family,occasional,43,129263,896.0,Mid-range,7,0.15,Fine Dining,18.6,0.06,Brigade Road
1008031,Family,regular,22,173783,758.0,Mid-range,3,0.15,Casual Dining,6.2,0.03,Indiranagar
1008032,Office Worker,trial_only,40,53275,238.0,Budget,1,0.2,Food Court,15.7,0.15,South Bangalore
1008033,Family,regular,53,76009,1191.0,Premium,1,0.15,Cafe,6.0,0.03,Banashankari
1008034,Office Worker,trial_only,37,69374,430.0,Budget,1,0.2,Quick Bites,34.4,0.15,Lavelle Road
1008035,Student,regular,24,25247,316.0,Budget,2,0.35,Quick Bites,6.5,0.03,Koramangala 8th Block
1008036,Couple,power_user,29,141502,1013.0,Premium,1,0.3,Lounge,2.3,0.01,Marathahalli
1008037,Office Worker,occasional,38,43458,420.0,Budget,2,0.2,Casual Dining,33.5,0.06,HSR
1008038,Office Worker,occasional,27,39478,466.0,Budget,1,0.2,Delivery,3.5,0.06,BTM
1008039,Student,trial_only,18,26979,217.0,Budget,1,0.35,Food Court,12.8,0.15,Rajajinagar
1008040,Couple,occasional,29,81110,1708.0,Premium,3,0.3,Cafe,14.4,0.06,BTM
1008041,Student,power_user,23,14623,367.0,Budget,1,0.35,Cafe,0.9,0.01,Koramangala 6th Block
1008042,Office Worker,trial_only,39,70285,502.0,Mid-range,1,0.2,Delivery,21.9,0.15,Koramangala 7th Block
1008043,Couple,occasional,37,68533,1157.0,Premium,1,0.3,Fine Dining,22.9,0.06,Koramangala 1st Block
1008044,Office Worker,regular,27,79993,374.0,Budget,1,0.2,Quick Bites,2.3,0.03,Yeshwantpur
1008045,Food Explorer,trial_only,33,64891,858.0,Mid-range,2,0.7,Microbrewery,18.3,0.15,BTM
1008046,Student,regular,21,26302,349.0,Budget,1,0.35,Quick Bites,3.0,0.03,Ulsoor
1008047,Family,power_user,38,129274,720.0,Mid-range,5,0.15,Casual Dining,1.0,0.01,Koramangala 5th Block
1008048,Food Explorer,occasional,28,87267,329.0,Budget,2,0.7,Takeaway,7.7,0.06,HSR
1008049,Office Worker,occasional,25,48249,292.0,Budget,1,0.2,Delivery,14.0,0.06,Ulsoor
1008050,Family,occasional,33,70289,806.0,Mid-range,4,0.15,Fine Dining,8.4,0.06,Bellandur
1008051,Office Worker,trial_only,39,68368,425.0,Budget,2,0.2,Quick Bites,29.7,0.15,BTM
1008052,Couple,regular,32,93372,1556.0,Premium,1,0.3,Fine Dining,6.3,0.03,Koramangala 4th Block
1008053,Food Explorer,trial_only,22,118159,848.0,Mid-range,2,0.7,Casual Dining,40.1,0.15,"Varthur Main Road, Whitefield"
1008054,Family,power_user,32,166821,808.0,Mid-range,5,0.15,Fine Dining,3.2,0.01,BTM
1008055,Food Explorer,regular,30,45953,580.0,Mid-range,2,0.7,Microbrewery,2.7,0.03,Indiranagar
1008056,Family,regular,41,103397,570.0,Mid-range,2,0.15,Fine Dining,5.5,0.03,Richmond Road
1008057,Family,power_user,43,109872,1012.0,Premium,7,0.15,Fine Dining,1.4,0.01,Lavelle Road
1008058,Office Worker,regular,30,52860,444.0,Budget,1,0.2,Casual Dining,13.1,0.03,Koramangala 6th Block
1008059,Family,trial_only,25,146801,921.0,Mid-range,7,0.15,Casual Dining,67.5,0.15,Marathahalli
1008060,Couple,trial_only,33,85756,1553.0,Premium,1,0.3,Microbrewery,13.7,0.15,Koramangala 5th Block
1008061,Family,occasional,20,78344,687.0,Mid-range,4,0.15,Dessert Parlor,37.2,0.06,Koramangala 5th Block
1008062,Student,power_user,21,19069,234.0,Budget,2,0.35,Dessert Parlor,4.2,0.01,Basaveshwara Nagar
1008063,Office Worker,trial_only,31,77224,697.0,Mid-range,3,0.2,Delivery,24.2,0.15,BTM
1008064,Couple,regular,31,90476,1378.0,Premium,1,0.3,Lounge,22.6,0.03,MG Road
1008065,Food Explorer,occasional,34,62839,530.0,Mid-range,1,0.7,Kiosk,12.3,0.06,Sarjapur Road
1008066,Student,occasional,23,29334,399.0,Budget,2,0.35,Dessert Parlor,2.7,0.06,Banaswadi
1008067,Student,regular,19,11649,275.0,Budget,1,0.35,Quick Bites,3.6,0.03,HSR
1008068,Office Worker,occasional,32,57304,483.0,Budget,2,0.2,Food Court,8.4,0.06,Ulsoor
1008069,Student,trial_only,21,12578,255.0,Budget,1,0.35,Cafe,43.4,0.15,Ulsoor
1008070,Food Explorer,regular,31,88567,596.0,Mid-range,2,0.7,Bar,0.6,0.03,Lavelle Road
1008071,Office Worker,occasional,30,84000,423.0,Budget,2,0.2,Quick Bites,18.6,0.06,North Bangalore
1008072,Office Worker,trial_only,26,56545,375.0,Budget,1,0.2,Cafe,36.6,0.15,Kalyan Nagar
1008073,Student,regular,19,34540,319.0,Budget,2,0.35,Dessert Parlor,7.4,0.03,Banashankari
1008074,Office Worker,regular,23,82430,386.0,Budget,1,0.2,Casual Dining,7.0,0.03,Koramangala 5th Block
1008075,Food Explorer,occasional,22,98220,744.0,Mid-range,1,0.7,Food Court,31.7,0.06,Electronic City
1008076,Office Worker,trial_only,37,40725,420.0,Budget,2,0.2,Cafe,57.9,0.15,Brookefield
1008077,Student,regular,18,10820,162.0,Budget,1,0.35,Dessert Parlor,8.8,0.03,Majestic
1008078,Student,occasional,23,13072,350.0,Budget,1,0.35,Quick Bites,15.9,0.06,JP Nagar
1008079,Food Explorer,regular,39,67853,759.0,Mid-range,1,0.7,Casual Dining,0.9,0.03,BTM
1008080,Food Explorer,trial_only,26,72618,1163.0,Premium,1,0.7,Bakery,12.1,0.15,Banaswadi
1008081,Student,trial_only,21,15252,301.0,Budget,1,0.35,Cafe,22.6,0.15,Koramangala 5th Block
1008082,Family,occasional,32,176915,837.0,Mid-range,5,0.15,Casual Dining,3.9,0.06,MG Road
1008083,Student,trial_only,20,28574,338.0,Budget,2,0.35,Food Court,16.8,0.15,Whitefield
1008084,Family,occasional,32,143976,1004.0,Premium,6,0.15,Casual Dining,22.3,0.06,Seshadripuram
1008085,Student,trial_only,20,26278,377.0,Budget,1,0.35,Cafe,18.0,0.15,Church Street
1008086,Couple,regular,39,111627,1296.0,Premium,2,0.3,Cafe,6.7,0.03,Koramangala 4th Block
1008087,Food Explorer,regular,29,110549,592.0,Mid-range,1,0.7,Delivery,7.7,0.03,HSR
1008088,Student,trial_only,19,19758,367.0,Budget,1,0.35,Quick Bites,35.4,0.15,Koramangala 4th Block
1008089,Office Worker,regular,29,38427,443.0,Budget,1,0.2,Cafe,8.9,0.03,BTM
1008090,Student,regular,24,17379,197.0,Budget,1,0.35,Quick Bites,8.9,0.03,BTM
1008091,Office Worker,occasional,40,43730,300.0,Budget,1,0.2,Quick Bites,1.7,0.06,Malleshwaram
1008092,Student,occasional,18,33915,277.0,Budget,1,0.35,Quick Bites,23.9,0.06,Koramangala 5th Block
1008093,Office Worker,regular,33,64021,462.0,Budget,1,0.2,Casual Dining,6.9,0.03,BTM
1008094,Food Explorer,regular,40,74153,1218.0,Premium,1,0.7,Dhaba,4.7,0.03,Bellandur
1008095,Student,regular,19,10644,290.0,Budget,2,0.35,Bakery,4.1,0.03,CV Raman Nagar
1008096,Couple,regular,25,121109,1214.0,Premium,2,0.3,Cafe,0.5,0.03,Brookefield
1008097,Student,regular,19,26166,268.0,Budget,1,0.35,Quick Bites,2.1,0.03,Brigade Road
1008098,Office Worker,occasional,28,78627,512.0,Mid-range,1,0.2,Cafe,4.7,0.06,Koramangala 5th Block
1008099,Office Worker,occasional,39,37864,478.0,Budget,1,0.2,Cafe,4.8,0.06,JP Nagar
1008100,Food Explorer,regular,26,92602,440.0,Budget,2,0.7,Bar,1.1,0.03,Rajajinagar
1008101,Student,regular,20,19048,219.0,Budget,1,0.35,Quick Bites,8.6,0.03,BTM
1008102,Student,occasional,19,15815,268.0,Budget,1,0.35,Quick Bites,12.0,0.06,Koramangala 6th Block
1008103,Family,regular,34,86879,631.0,Mid-range,5,0.15,Food Court,5.8,0.03,Koramangala 8th Block
1008104,Family,regular,55,94558,754.0,Mid-range,1,0.15,Dessert Parlor,12.8,0.03,Electronic City
1008105,Family,regular,23,147962,828.0,Mid-range,2,0.15,Food Court,1.2,0.03,Koramangala 3rd Block
1008106,Student,occasional,21,10574,260.0,Budget,1,0.35,Quick Bites,26.2,0.06,Residency Road
1008107,Office Worker,regular,34,86843,595.0,Mid-range,2,0.2,Cafe,4.3,0.03,Malleshwaram
1008108,Couple,regular,26,146938,1548.0,Premium,4,0.3,Fine Dining,9.5,0.03,Bannerghatta Road
1008109,Family,occasional,21,176145,754.0,Mid-range,7,0.15,Cafe,1.3,0.06,Koramangala 5th Block
1008110,Family,trial_only,55,160159,607.0,Mid-range,2,0.15,Casual Dining,51.0,0.15,JP Nagar
1008111,Office Worker,occasional,27,49426,447.0,Budget,1,0.2,Quick Bites,3.7,0.06,Koramangala 5th Block
1008112,Office Worker,trial_only,27,54241,437.0,Budget,1,0.2,Quick Bites,20.8,0.15,Basavanagudi
1008113,Food Explorer,occasional,28,50139,584.0,Mid-range,1,0.7,Food Court,27.5,0.06,Koramangala 4th Block
1008114,Family,regular,22,167091,720.0,Mid-range,3,0.15,Food Court,7.6,0.03,Koramangala 4th Block
1008115,Student,regular,19,29261,216.0,Budget,1,0.35,Quick Bites,4.9,0.03,Jayanagar
1008116,Food Explorer,power_user,22,52294,609.0,Mid-range,1,0.7,Irani Cafe,4.0,0.01,Whitefield
1008117,Family,regular,39,178820,730.0,Mid-range,3,0.15,Casual Dining,4.3,0.03,Banaswadi
1008118,Office Worker,regular,31,32522,424.0,Budget,1,0.2,Quick Bites,11.0,0.03,JP Nagar
1008119,Office Worker,regular,27,76045,459.0,Budget,1,0.2,Cafe,6.1,0.03,HSR
1008120,Family,occasional,53,76235,786.0,Mid-range,6,0.15,Casual Dining,1.6,0.06,Koramangala 1st Block
1008121,Office Worker,occasional,28,74986,457.0,Budget,1,0.2,Cafe,9.5,0.06,Frazer Town
1008122,Family,regular,20,166011,721.0,Mid-range,5,0.15,Casual Dining,6.7,0.03,BTM
1008123,Family,occasional,23,174042,872.0,Mid-range,5,0.15,Casual Dining,17.4,0.06,Whitefield
1008124,Student,regular,23,14012,243.0,Budget,2,0.35,Dessert Parlor,10.1,0.03,Kalyan Nagar
1008125,Food Explorer,occasional,32,53159,328.0,Budget,1,0.7,Lounge,9.1,0.06,Bannerghatta Road
1008126,Office Worker,occasional,27,34087,361.0,Budget,1,0.2,Food Court,14.9,0.06,BTM
1008127,Office Worker,regular,27,79327,382.0,Budget,1,0.2,Cafe,3.2,0.03,Malleshwaram
1008128,Family,regular,27,82265,542.0,Mid-range,7,0.15,Casual Dining,17.8,0.03,JP Nagar
1008129,Family,trial_only,35,106878,461.0,Budget,2,0.15,Cafe,39.0,0.15,Whitefield
1008130,Office Worker,occasional,35,54904,500.0,Budget,1,0.2,Casual Dining,21.4,0.06,Koramangala 1st Block
1008131,Family,occasional,42,102092,1055.0,Premium,2,0.15,Casual Dining,29.3,0.06,Vasanth Nagar
1008132,Food Explorer,power_user,36,79714,739.0,Mid-range,1,0.7,Pop Up,2.6,0.01,Bellandur
1008133,Couple,regular,24,84881,1055.0,Premium,1,0.3,Lounge,13.2,0.03,BTM
1008134,Couple,regular,36,73591,685.0,Mid-range,1,0.3,Microbrewery,8.7,0.03,Bellandur
1008135,Office Worker,trial_only,36,53271,469.0,Budget,1,0.2,Casual Dining,38.1,0.15,Marathahalli
1008136,Office Worker,regular,26,78343,289.0,Budget,1,0.2,Cafe,4.3,0.03,HSR
1008137,Family,regular,40,74157,783.0,Mid-range,4,0.15,Cafe,11.1,0.03,Koramangala 5th Block
1008138,Student,trial_only,18,33997,236.0,Budget,2,0.35,Cafe,32.5,0.15,Koramangala 4th Block
1008139,Couple,occasional,44,90989,516.0,Mid-range,2,0.3,Cafe,9.9,0.06,Hosur Road
1008140,Office Worker,regular,36,47450,598.0,Mid-range,2,0.2,Casual Dining,0.9,0.03,Ejipura
1008141,Office Worker,occasional,34,56691,324.0,Budget,1,0.2,Quick Bites,14.0,0.06,Lavelle Road
1008142,Office Worker,occasional,33,85866,414.0,Budget,1,0.2,Casual Dining,9.8,0.06,Whitefield
1008143,Office Worker,trial_only,35,78547,437.0,Budget,1,0.2,Delivery,20.8,0.15,Sarjapur Road
1008144,Office Worker,power_user,30,79075,403.0,Budget,1,0.2,Quick Bites,2.6,0.01,HSR
1008145,Family,occasional,54,86446,893.0,Mid-range,3,0.15,Cafe,21.2,0.06,Bellandur
1008146,Family,regular,27,166323,652.0,Mid-range,4,0.15,Casual Dining,13.8,0.03,Basavanagudi
1008147,Office Worker,trial_only,37,72369,488.0,Budget,1,0.2,Casual Dining,49.2,0.15,JP Nagar
1008148,Student,trial_only,23,11492,325.0,Budget,2,0.35,Dessert Parlor,34.1,0.15,Cunningham Road
1008149,Couple,trial_only,42,92710,787.0,Mid-range,3,0.3,Pub,35.2,0.15,Basavanagudi
1008150,Student,trial_only,18,30851,319.0,Budget,3,0.35,Quick Bites,23.4,0.15,Kalyan Nagar
1008151,Office Worker,occasional,31,61949,345.0,Budget,1,0.2,Cafe,30.8,0.06,Ejipura
1008152,Office Worker,regular,34,65156,333.0,Budget,1,0.2,Delivery,2.9,0.03,Whitefield
1008153,Family,power_user,42,104965,858.0,Mid-range,3,0.15,Casual Dining,0.9,0.01,Nagawara
1008154,Couple,regular,39,53825,1077.0,Premium,1,0.3,Cafe,4.4,0.03,Marathahalli
1008155,Family,occasional,42,166260,875.0,Mid-range,3,0.15,Casual Dining,3.1,0.06,Bannerghatta Road
1008156,Food Explorer,regular,26,100292,695.0,Mid-range,2,0.7,Casual Dining,7.3,0.03,Church Street
1008157,Couple,occasional,42,77162,772.0,Mid-range,1,0.3,Cafe,58.2,0.06,Cunningham Road
1008158,Student,occasional,21,16043,359.0,Budget,1,0.35,Cafe,36.3,0.06,Frazer Town
1008159,Student,trial_only,24,22953,323.0,Budget,3,0.35,Quick Bites,32.1,0.15,Marathahalli
1008160,Office Worker,regular,32,77825,391.0,Budget,2,0.2,Cafe,1.9,0.03,Commercial Street
1008161,Office Worker,occasional,32,35209,436.0,Budget,1,0.2,Casual Dining,22.1,0.06,New BEL Road
1008162,Family,occasional,41,135119,954.0,Mid-range,2,0.15,Casual Dining,29.4,0.06,Bellandur
1008163,Student,trial_only,24,31174,274.0,Budget,2,0.35,Bakery,15.9,0.15,Marathahalli
1008164,Student,occasional,24,22308,469.0,Budget,1,0.35,Cafe,14.6,0.06,Brigade Road
1008165,Office Worker,regular,33,33173,599.0,Mid-range,1,0.2,Quick Bites,0.8,0.03,Ejipura
1008166,Family,power_user,39,62806,823.0,Mid-range,3,0.15,Casual Dining,3.4,0.01,Lavelle Road
1008167,Family,trial_only,21,79452,754.0,Mid-range,1,0.15,Fine Dining,22.6,0.15,BTM
1008168,Food Explorer,occasional,23,111174,554.0,Mid-range,1,0.7,Mess,5.8,0.06,Richmond Road
1008169,Student,trial_only,23,21448,252.0,Budget,1,0.35,Dessert Parlor,19.7,0.15,Koramangala 1st Block
1008170,Office Worker,occasional,29,38854,463.0,Budget,1,0.2,Delivery,7.5,0.06,HSR
1008171,Food Explorer,occasional,30,112392,772.0,Mid-range,1,0.7,Microbrewery,9.6,0.06,BTM
1008172,Family,occasional,42,159564,530.0,Mid-range,7,0.15,Fine Dining,11.5,0.06,Bannerghatta Road
1008173,Family,trial_only,27,77634,929.0,Mid-range,1,0.15,Casual Dining,12.6,0.15,JP Nagar
1008174,Office Worker,trial_only,28,71290,543.0,Mid-range,1,0.2,Delivery,40.2,0.15,Whitefield
1008175,Student,regular,18,18267,346.0,Budget,3,0.35,Cafe,9.3,0.03,Ulsoor
1008176,Couple,power_user,40,56957,1161.0,Premium,2,0.3,Cafe,1.1,0.01,Brigade Road
1008177,Family,power_user,38,67440,906.0,Mid-range,5,0.15,Dessert Parlor,8.9,0.01,JP Nagar
1008178,Family,regular,26,125066,1060.0,Premium,2,0.15,Casual Dining,2.8,0.03,St. Marks Road
1008179,Office Worker,trial_only,33,80610,444.0,Budget,1,0.2,Quick Bites,31.5,0.15,Brigade Road
1008180,Office Worker,trial_only,25,87706,452.0,Budget,1,0.2,Quick Bites,7.6,0.15,HSR
1008181,Office Worker,regular,37,72325,663.0,Mid-range,1,0.2,Quick Bites,2.0,0.03,Koramangala 5th Block
1008182,Couple,regular,29,142281,1292.0,Premium,1,0.3,Cafe,10.7,0.03,Yeshwantpur
1008183,Office Worker,occasional,27,44144,349.0,Budget,1,0.2,Casual Dining,31.5,0.06,Koramangala 1st Block
1008184,Student,trial_only,24,13657,370.0,Budget,1,0.35,Quick Bites,66.6,0.15,Residency Road
1008185,Office Worker,occasional,36,36637,490.0,Budget,1,0.2,Delivery,26.8,0.06,Mysore Road
1008186,Food Explorer,regular,34,53854,436.0,Budget,2,0.7,Dhaba,3.5,0.03,Jayanagar
1008187,Office Worker,regular,33,75230,340.0,Budget,1,0.2,Casual Dining,11.6,0.03,BTM
1008188,Office Worker,occasional,32,39218,474.0,Budget,1,0.2,Cafe,5.1,0.06,Koramangala 4th Block
1008189,Family,occasional,26,111893,788.0,Mid-range,3,0.15,Casual Dining,12.9,0.06,BTM
1008190,Couple,trial_only,30,125618,827.0,Mid-range,1,0.3,Cafe,39.8,0.15,Marathahalli
1008191,Family,trial_only,54,171231,782.0,Mid-range,2,0.15,Fine Dining,25.6,0.15,Koramangala 5th Block
1008192,Couple,regular,44,66075,1155.0,Premium,4,0.3,Fine Dining,9.8,0.03,Domlur
1008193,Student,regular,23,14665,295.0,Budget,1,0.35,Quick Bites,17.3,0.03,BTM
1008194,Food Explorer,regular,38,45166,723.0,Mid-range,2,0.7,Food Court,3.5,0.03,Old Airport Road
1008195,Food Explorer,regular,37,48977,160.0,Budget,2,0.7,Casual Dining,16.6,0.03,Bannerghatta Road
1008196,Office Worker,regular,30,53420,339.0,Budget,1,0.2,Delivery,9.8,0.03,Electronic City
1008197,Family,power_user,45,97742,703.0,Mid-range,5,0.15,Casual Dining,6.7,0.01,BTM
1008198,Student,power_user,23,34173,406.0,Budget,2,0.35,Quick Bites,5.3,0.01,Frazer Town
1008199,Office Worker,trial_only,25,56659,687.0,Mid-range,1,0.2,Casual Dining,75.8,0.15,Malleshwaram
1008200,Student,regular,24,17706,300.0,Budget,1,0.35,Quick Bites,14.0,0.03,MG Road
1008201,Student,trial_only,21,21732,304.0,Budget,1,0.35,Bakery,36.7,0.15,Koramangala 5th Block
1008202,Food Explorer,regular,27,97939,100.0,Budget,1,0.7,Cafe,10.0,0.03,Bellandur
1008203,Office Worker,regular,31,50256,540.0,Mid-range,1,0.2,Casual Dining,6.0,0.03,Lavelle Road
1008204,Family,regular,31,77275,890.0,Mid-range,3,0.15,Cafe,8.9,0.03,BTM
1008205,Office Worker,power_user,28,55245,478.0,Budget,1,0.2,Quick Bites,4.2,0.01,Brookefield
1008206,Office Worker,regular,32,67269,325.0,Budget,2,0.2,Food Court,8.4,0.03,Brookefield
1008207,Office Worker,trial_only,40,48980,648.0,Mid-range,1,0.2,Cafe,12.3,0.15,Thippasandra
1008208,Office Worker,trial_only,30,64870,602.0,Mid-range,2,0.2,Casual Dining,25.2,0.15,Sarjapur Road
1008209,Family,power_user,27,98930,859.0,Mid-range,6,0.15,Casual Dining,0.4,0.01,Jayanagar
1008210,Food Explorer,power_user,36,112334,848.0,Mid-range,1,0.7,Bhojanalya,0.4,0.01,BTM
1008211,Office Worker,regular,28,83261,455.0,Budget,1,0.2,Casual Dining,3.7,0.03,Cunningham Road
1008212,Food Explorer,occasional,32,97325,805.0,Mid-range,2,0.7,Confectionery,4.3,0.06,Koramangala 6th Block
1008213,Family,regular,29,160508,539.0,Mid-range,4,0.15,Casual Dining,14.3,0.03,Indiranagar
1008214,Family,regular,27,74494,345.0,Budget,3,0.15,Cafe,7.6,0.03,Shivajinagar
1008215,Student,trial_only,19,26330,198.0,Budget,1,0.35,Bakery,91.4,0.15,Malleshwaram
1008216,Student,trial_only,20,20120,235.0,Budget,1,0.35,Quick Bites,26.7,0.15,BTM
1008217,Couple,occasional,45,127746,1007.0,Premium,4,0.3,Cafe,17.2,0.06,MG Road
1008218,Family,regular,44,60066,890.0,Mid-range,6,0.15,Casual Dining,12.5,0.03,Shanti Nagar
1008219,Office Worker,regular,35,41265,424.0,Budget,2,0.2,Food Court,13.7,0.03,Whitefield
1008220,Couple,regular,25,74099,1191.0,Premium,2,0.3,Cafe,7.7,0.03,JP Nagar
1008221,Office Worker,occasional,23,63429,332.0,Budget,1,0.2,Cafe,3.9,0.06,Seshadripuram
1008222,Couple,occasional,31,147133,819.0,Mid-range,1,0.3,Cafe,23.6,0.06,Frazer Town
1008223,Office Worker,regular,38,83776,454.0,Budget,1,0.2,Cafe,1.7,0.03,Ejipura
1008224,Food Explorer,trial_only,22,76459,464.0,Budget,1,0.7,Dessert Parlor,32.3,0.15,Marathahalli
1008225,Office Worker,occasional,36,30068,450.0,Budget,2,0.2,Casual Dining,4.3,0.06,Jeevan Bhima Nagar
1008226,Student,occasional,23,31690,344.0,Budget,1,0.35,Quick Bites,9.6,0.06,Koramangala 4th Block
1008227,Family,power_user,30,128696,1128.0,Premium,3,0.15,Food Court,2.0,0.01,Koramangala 6th Block
1008228,Student,regular,18,10593,298.0,Budget,2,0.35,Cafe,0.6,0.03,Whitefield
1008229,Food Explorer,power_user,24,91611,1053.0,Premium,1,0.7,Bhojanalya,9.2,0.01,BTM
1008230,Family,occasional,22,165607,881.0,Mid-range,4,0.15,Casual Dining,10.0,0.06,Koramangala 7th Block
1008231,Student,power_user,23,31772,355.0,Budget,2,0.35,Dessert Parlor,0.6,0.01,Hosur Road
1008232,Student,regular,23,32235,384.0,Budget,3,0.35,Quick Bites,2.9,0.03,Marathahalli
1008233,Food Explorer,occasional,34,118048,780.0,Mid-range,1,0.7,Food Court,16.7,0.06,Kumaraswamy Layout
1008234,Family,occasional,23,138412,640.0,Mid-range,2,0.15,Casual Dining,5.4,0.06,BTM
1008235,Couple,occasional,44,111241,1525.0,Premium,3,0.3,Fine Dining,12.5,0.06,JP Nagar
1008236,Student,occasional,22,12906,270.0,Budget,1,0.35,Dessert Parlor,0.5,0.06,Indiranagar
1008237,Food Explorer,occasional,37,90586,675.0,Mid-range,1,0.7,Bakery,49.0,0.06,Marathahalli
1008238,Office Worker,occasional,29,82561,463.0,Budget,1,0.2,Quick Bites,24.1,0.06,Koramangala 6th Block
1008239,Family,regular,27,157558,1029.0,Premium,3,0.15,Dessert Parlor,2.3,0.03,Shanti Nagar
1008240,Office Worker,power_user,37,83992,489.0,Budget,1,0.2,Cafe,6.5,0.01,Sarjapur Road
1008241,Student,regular,18,14251,189.0,Budget,1,0.35,Bakery,5.3,0.03,HSR
1008242,Food Explorer,power_user,25,56083,1123.0,Premium,1,0.7,Bakery,3.7,0.01,BTM
1008243,Food Explorer,occasional,24,108662,809.0,Mid-range,2,0.7,Pub,15.7,0.06,Richmond Road
1008244,Office Worker,occasional,24,86410,395.0,Budget,1,0.2,Cafe,18.3,0.06,Frazer Town
1008245,Food Explorer,regular,32,82090,316.0,Budget,2,0.7,Bhojanalya,5.1,0.03,BTM
1008246,Student,occasional,19,32026,376.0,Budget,2,0.35,Cafe,10.5,0.06,BTM
1008247,Student,occasional,24,27053,218.0,Budget,1,0.35,Quick Bites,14.6,0.06,Ejipura
1008248,Student,occasional,24,15122,364.0,Budget,1,0.35,Bakery,8.6,0.06,Koramangala 4th Block
1008249,Office Worker,trial_only,26,60403,557.0,Mid-range,1,0.2,Cafe,48.8,0.15,Electronic City
1008250,Student,regular,23,19845,248.0,Budget,1,0.35,Dessert Parlor,5.7,0.03,BTM
1008251,Office Worker,regular,23,77399,376.0,Budget,1,0.2,Food Court,16.3,0.03,Whitefield
1008252,Student,regular,20,18417,262.0,Budget,2,0.35,Quick Bites,9.4,0.03,Frazer Town
1008253,Family,occasional,43,81061,602.0,Mid-range,1,0.15,Casual Dining,11.0,0.06,Sarjapur Road
1008254,Couple,regular,28,99823,1269.0,Premium,1,0.3,Fine Dining,11.2,0.03,Koramangala 7th Block
1008255,Family,trial_only,22,119360,874.0,Mid-range,3,0.15,Dessert Parlor,7.6,0.15,Kammanahalli
1008256,Student,regular,19,32225,358.0,Budget,1,0.35,Dessert Parlor,3.3,0.03,Basavanagudi
1008257,Couple,occasional,38,50817,950.0,Mid-range,1,0.3,Cafe,23.4,0.06,Indiranagar
1008258,Student,occasional,19,31859,367.0,Budget,2,0.35,Beverage Shop,10.2,0.06,Wilson Garden
1008259,Couple,regular,29,71119,904.0,Mid-range,5,0.3,Fine Dining,6.8,0.03,Koramangala 4th Block
1008260,Family,occasional,27,81080,968.0,Mid-range,4,0.15,Casual Dining,10.4,0.06,HSR
1008261,Office Worker,occasional,38,55093,301.0,Budget,1,0.2,Casual Dining,17.0,0.06,Brigade Road
1008262,Student,occasional,24,23778,425.0,Budget,2,0.35,Cafe,14.8,0.06,Bannerghatta Road
1008263,Couple,occasional,41,142970,1044.0,Premium,1,0.3,Microbrewery,5.4,0.06,Rajajinagar
1008264,Food Explorer,occasional,22,82723,750.0,Mid-range,1,0.7,Dessert Parlor,34.4,0.06,Koramangala 3rd Block
1008265,Family,regular,29,77448,936.0,Mid-range,5,0.15,Fine Dining,12.0,0.03,JP Nagar
1008266,Food Explorer,occasional,38,76032,283.0,Budget,3,0.7,Beverage Shop,1.7,0.06,Basavanagudi
1008267,Food Explorer,regular,32,113646,809.0,Mid-range,1,0.7,Dhaba,1.1,0.03,Koramangala 7th Block
1008268,Student,regular,18,27868,256.0,Budget,2,0.35,Food Court,0.9,0.03,St. Marks Road
1008269,Family,regular,28,86130,739.0,Mid-range,4,0.15,Cafe,3.1,0.03,BTM
1008270,Office Worker,occasional,37,68758,383.0,Budget,1,0.2,Food Court,22.9,0.06,Malleshwaram
1008271,Office Worker,power_user,38,74021,611.0,Mid-range,2,0.2,Quick Bites,2.4,0.01,Yeshwantpur
1008272,Student,trial_only,20,16877,206.0,Budget,2,0.35,Cafe,18.1,0.15,Sarjapur Road
1008273,Food Explorer,regular,24,82240,708.0,Mid-range,1,0.7,Food Truck,1.1,0.03,Indiranagar
1008274,Family,regular,22,101780,675.0,Mid-range,1,0.15,Casual Dining,7.3,0.03,MG Road
1008275,Office Worker,regular,27,40861,559.0,Mid-range,1,0.2,Casual Dining,7.9,0.03,BTM
1008276,Office Worker,regular,37,83302,682.0,Mid-range,1,0.2,Casual Dining,5.1,0.03,Koramangala 6th Block
1008277,Office Worker,regular,37,49232,387.0,Budget,1,0.2,Quick Bites,12.4,0.03,Marathahalli
1008278,Family,occasional,29,99092,828.0,Mid-range,3,0.15,Casual Dining,26.6,0.06,HSR
1008279,Food Explorer,regular,40,48118,504.0,Mid-range,1,0.7,Food Court,3.3,0.03,Vasanth Nagar
1008280,Office Worker,regular,38,56645,554.0,Mid-range,1,0.2,Quick Bites,4.6,0.03,Koramangala 1st Block
1008281,Office Worker,regular,40,68625,425.0,Budget,1,0.2,Casual Dining,12.7,0.03,Old Airport Road
1008282,Family,regular,47,176748,981.0,Mid-range,3,0.15,Food Court,4.9,0.03,Whitefield
1008283,Office Worker,trial_only,33,76541,410.0,Budget,1,0.2,Casual Dining,15.2,0.15,Indiranagar
1008284,Office Worker,regular,40,81437,674.0,Mid-range,1,0.2,Casual Dining,7.2,0.03,Vijay Nagar
1008285,Student,occasional,22,34682,125.0,Budget,2,0.35,Cafe,25.8,0.06,Koramangala 6th Block
1008286,Student,occasional,23,27474,330.0,Budget,2,0.35,Quick Bites,15.7,0.06,Marathahalli
1008287,Office Worker,regular,30,81434,449.0,Budget,1,0.2,Delivery,3.3,0.03,Brookefield
1008288,Food Explorer,trial_only,26,64322,588.0,Mid-range,1,0.7,Mess,17.3,0.15,BTM
1008289,Office Worker,power_user,33,72907,479.0,Budget,1,0.2,Casual Dining,3.7,0.01,Banaswadi
1008290,Student,trial_only,20,25719,305.0,Budget,2,0.35,Quick Bites,21.4,0.15,Koramangala 5th Block
1008291,Family,occasional,32,114175,844.0,Mid-range,2,0.15,Cafe,24.3,0.06,BTM
1008292,Food Explorer,regular,35,91362,702.0,Mid-range,2,0.7,Delivery,4.8,0.03,Jalahalli
1008293,Office Worker,trial_only,33,73254,625.0,Mid-range,1,0.2,Casual Dining,22.3,0.15,JP Nagar
1008294,Student,regular,20,20289,100.0,Budget,1,0.35,Quick Bites,5.8,0.03,St. Marks Road
1008295,Family,trial_only,28,161104,1169.0,Premium,1,0.15,Casual Dining,23.8,0.15,Brigade Road
1008296,Office Worker,trial_only,32,32167,706.0,Mid-range,1,0.2,Food Court,8.1,0.15,Koramangala 5th Block
1008297,Family,regular,31,98891,450.0,Budget,4,0.15,Casual Dining,9.0,0.03,Brigade Road
1008298,Office Worker,regular,27,51992,455.0,Budget,1,0.2,Casual Dining,14.7,0.03,Koramangala 5th Block
1008299,Student,trial_only,19,30762,410.0,Budget,1,0.35,Cafe,33.4,0.15,BTM
1008300,Office Worker,regular,34,60488,542.0,Mid-range,1,0.2,Quick Bites,8.5,0.03,Indiranagar
1008301,Family,occasional,34,171950,1135.0,Premium,3,0.15,Food Court,8.8,0.06,Koramangala 1st Block
1008302,Office Worker,regular,29,87009,487.0,Budget,1,0.2,Quick Bites,7.5,0.03,Kalyan Nagar
1008303,Student,regular,18,21464,137.0,Budget,2,0.35,Quick Bites,14.1,0.03,Jayanagar
1008304,Office Worker,occasional,23,73650,580.0,Mid-range,2,0.2,Cafe,12.6,0.06,Indiranagar
1008305,Couple,occasional,39,74621,1391.0,Premium,1,0.3,Fine Dining,21.7,0.06,Bellandur
1008306,Student,occasional,24,12698,417.0,Budget,1,0.35,Quick Bites,20.2,0.06,Bellandur
1008307,Family,occasional,31,118932,493.0,Budget,3,0.15,Casual Dining,24.2,0.06,Lavelle Road
1008308,Family,regular,50,96170,557.0,Mid-range,3,0.15,Casual Dining,8.0,0.03,HSR
1008309,Office Worker,regular,33,73850,452.0,Budget,1,0.2,Quick Bites,7.9,0.03,BTM
1008310,Food Explorer,regular,27,81735,933.0,Mid-range,1,0.7,Dessert Parlor,11.1,0.03,Brigade Road
1008311,Couple,regular,36,63557,1683.0,Premium,4,0.3,Fine Dining,10.3,0.03,Sarjapur Road
1008312,Office Worker,regular,25,57067,377.0,Budget,1,0.2,Cafe,5.0,0.03,Indiranagar
1008313,Student,occasional,20,20045,267.0,Budget,2,0.35,Dessert Parlor,15.0,0.06,JP Nagar
1008314,Office Worker,regular,36,30307,737.0,Mid-range,1,0.2,Quick Bites,0.9,0.03,Cunningham Road
1008315,Student,power_user,23,23624,256.0,Budget,2,0.35,Cafe,2.1,0.01,JP Nagar
1008316,Office Worker,occasional,26,86106,518.0,Mid-range,1,0.2,Quick Bites,12.0,0.06,MG Road
1008317,Food Explorer,power_user,39,111735,487.0,Budget,1,0.7,Lounge,2.1,0.01,Malleshwaram
1008318,Couple,trial_only,37,140404,1342.0,Premium,2,0.3,Cafe,23.2,0.15,Sarjapur Road
1008319,Office Worker,regular,27,83635,363.0,Budget,1,0.2,Cafe,6.8,0.03,Bannerghatta Road
1008320,Office Worker,power_user,37,85425,366.0,Budget,1,0.2,Casual Dining,3.9,0.01,Church Street
1008321,Student,trial_only,24,12438,270.0,Budget,2,0.35,Bakery,32.5,0.15,Bellandur
1008322,Office Worker,occasional,27,55713,395.0,Budget,1,0.2,Quick Bites,13.2,0.06,BTM
1008323,Student,trial_only,18,23627,276.0,Budget,2,0.35,Cafe,16.8,0.15,BTM
1008324,Food Explorer,regular,27,106670,731.0,Mid-range,1,0.7,Confectionery,3.6,0.03,Wilson Garden
1008325,Couple,regular,40,87315,1767.0,Premium,2,0.3,Cafe,5.4,0.03,Lavelle Road
1008326,Student,occasional,18,27714,253.0,Budget,3,0.35,Cafe,2.9,0.06,Ejipura
1008327,Family,regular,30,153739,602.0,Mid-range,3,0.15,Cafe,3.4,0.03,Whitefield
1008328,Family,occasional,31,121409,802.0,Mid-range,2,0.15,Fine Dining,35.8,0.06,Whitefield
1008329,Couple,regular,24,74117,945.0,Mid-range,1,0.3,Cafe,2.5,0.03,Koramangala 4th Block
1008330,Office Worker,regular,33,34628,286.0,Budget,1,0.2,Cafe,1.8,0.03,St. Marks Road
1008331,Student,power_user,23,21120,385.0,Budget,1,0.35,Dessert Parlor,3.7,0.01,Commercial Street
1008332,Family,occasional,25,80142,816.0,Mid-range,5,0.15,Casual Dining,21.5,0.06,Jayanagar
1008333,Student,regular,24,26102,314.0,Budget,2,0.35,Quick Bites,4.7,0.03,Domlur
1008334,Family,trial_only,54,88588,415.0,Budget,1,0.15,Casual Dining,20.7,0.15,Marathahalli
1008335,Student,regular,24,31920,253.0,Budget,2,0.35,Dessert Parlor,0.2,0.03,Koramangala 5th Block
1008336,Family,occasional,46,167510,517.0,Mid-range,2,0.15,Casual Dining,12.3,0.06,Koramangala 5th Block
1008337,Couple,regular,33,133630,1194.0,Premium,2,0.3,Cafe,10.4,0.03,Sarjapur Road
1008338,Student,occasional,19,26634,311.0,Budget,2,0.35,Cafe,16.9,0.06,BTM
1008339,Office Worker,trial_only,39,36941,463.0,Budget,1,0.2,Cafe,22.6,0.15,Koramangala 6th Block
1008340,Family,occasional,39,177964,667.0,Mid-range,3,0.15,Casual Dining,6.7,0.06,BTM
1008341,Student,regular,21,11646,232.0,Budget,2,0.35,Bakery,15.1,0.03,JP Nagar
1008342,Family,occasional,34,127972,761.0,Mid-range,2,0.15,Fine Dining,5.1,0.06,Ejipura
1008343,Family,regular,27,156508,871.0,Mid-range,2,0.15,Casual Dining,2.0,0.03,Koramangala 8th Block
1008344,Office Worker,occasional,29,35082,392.0,Budget,2,0.2,Food Court,16.9,0.06,Richmond Road
1008345,Couple,occasional,41,99693,919.0,Mid-range,4,0.3,Lounge,2.5,0.06,BTM
1008346,Office Worker,regular,33,58666,361.0,Budget,1,0.2,Quick Bites,6.2,0.03,Vasanth Nagar
1008347,Family,occasional,34,83645,668.0,Mid-range,2,0.15,Casual Dining,6.7,0.06,Whitefield
1008348,Student,occasional,18,12794,264.0,Budget,2,0.35,Cafe,11.6,0.06,BTM
1008349,Student,regular,20,32749,212.0,Budget,2,0.35,Quick Bites,7.9,0.03,Jayanagar
1008350,Student,regular,19,32534,264.0,Budget,1,0.35,Bakery,2.6,0.03,Koramangala 5th Block
1008351,Food Explorer,regular,29,47502,909.0,Mid-range,1,0.7,Beverage Shop,6.4,0.03,Malleshwaram
1008352,Couple,occasional,27,77843,1112.0,Premium,1,0.3,Cafe,9.4,0.06,Jayanagar
1008353,Couple,occasional,44,89225,828.0,Mid-range,2,0.3,Fine Dining,6.8,0.06,Koramangala 4th Block
1008354,Student,regular,19,14931,119.0,Budget,2,0.35,Dessert Parlor,7.1,0.03,Race Course Road
1008355,Office Worker,regular,25,33990,634.0,Mid-range,1,0.2,Food Court,6.8,0.03,Bellandur
1008356,Couple,power_user,38,101163,1542.0,Premium,3,0.3,Cafe,3.3,0.01,Indiranagar
1008357,Family,power_user,32,113043,857.0,Mid-range,6,0.15,Casual Dining,0.3,0.01,Koramangala 4th Block
1008358,Student,regular,24,30177,393.0,Budget,2,0.35,Dessert Parlor,4.5,0.03,Ulsoor
1008359,Couple,regular,32,79653,1358.0,Premium,3,0.3,Cafe,5.5,0.03,Koramangala 6th Block
1008360,Student,regular,22,22759,294.0,Budget,2,0.35,Quick Bites,7.1,0.03,HSR
1008361,Student,occasional,23,17849,201.0,Budget,2,0.35,Quick Bites,9.3,0.06,BTM
1008362,Food Explorer,occasional,40,43057,1077.0,Premium,1,0.7,Takeaway,8.4,0.06,Domlur
1008363,Office Worker,power_user,37,73657,406.0,Budget,2,0.2,Cafe,1.8,0.01,Koramangala 5th Block
1008364,Office Worker,occasional,33,74578,412.0,Budget,1,0.2,Casual Dining,7.4,0.06,BTM
1008365,Family,regular,49,139678,807.0,Mid-range,4,0.15,Fine Dining,2.0,0.03,Sarjapur Road
1008366,Food Explorer,regular,27,42725,614.0,Mid-range,1,0.7,Quick Bites,7.4,0.03,Koramangala 5th Block
1008367,Student,trial_only,24,27413,346.0,Budget,1,0.35,Food Court,42.0,0.15,HBR Layout
1008368,Couple,occasional,43,110438,1338.0,Premium,1,0.3,Fine Dining,3.7,0.06,Richmond Road
1008369,Office Worker,power_user,29,56460,392.0,Budget,1,0.2,Food Court,2.4,0.01,Sankey Road
1008370,Student,regular,18,25423,302.0,Budget,2,0.35,Dessert Parlor,12.8,0.03,Church Street
1008371,Office Worker,occasional,35,36648,504.0,Mid-range,1,0.2,Casual Dining,48.9,0.06,Indiranagar
1008372,Office Worker,regular,24,42511,384.0,Budget,1,0.2,Casual Dining,2.0,0.03,Richmond Road
1008373,Student,trial_only,18,13226,416.0,Budget,2,0.35,Food Court,10.5,0.15,Bellandur
1008374,Office Worker,regular,40,56794,448.0,Budget,1,0.2,Quick Bites,9.9,0.03,JP Nagar
1008375,Family,power_user,40,167432,1120.0,Premium,1,0.15,Fine Dining,9.1,0.01,Koramangala 7th Block
1008376,Family,occasional,43,60743,522.0,Mid-range,3,0.15,Casual Dining,7.2,0.06,Thippasandra
1008377,Family,occasional,51,113535,931.0,Mid-range,4,0.15,Casual Dining,5.2,0.06,BTM
1008378,Couple,occasional,44,78368,933.0,Mid-range,2,0.3,Cafe,12.6,0.06,Wilson Garden
1008379,Office Worker,trial_only,40,86251,387.0,Budget,1,0.2,Casual Dining,12.0,0.15,Whitefield
1008380,Office Worker,trial_only,25,67161,540.0,Mid-range,1,0.2,Cafe,41.4,0.15,BTM
1008381,Office Worker,regular,28,43319,427.0,Budget,1,0.2,Quick Bites,6.5,0.03,Jalahalli
1008382,Family,power_user,47,94100,1319.0,Premium,3,0.15,Cafe,4.4,0.01,HSR
1008383,Student,regular,18,24520,341.0,Budget,4,0.35,Beverage Shop,12.2,0.03,City Market
1008384,Office Worker,occasional,27,32857,380.0,Budget,1,0.2,Casual Dining,4.5,0.06,Koramangala 4th Block
1008385,Student,occasional,21,11679,342.0,Budget,1,0.35,Dessert Parlor,17.3,0.06,Cunningham Road
1008386,Office Worker,regular,29,70456,426.0,Budget,2,0.2,Cafe,6.6,0.03,Banashankari
1008387,Food Explorer,trial_only,25,104187,808.0,Mid-range,1,0.7,Fine Dining,11.6,0.15,BTM
1008388,Family,regular,52,149088,741.0,Mid-range,5,0.15,Casual Dining,0.7,0.03,Brookefield
1008389,Office Worker,trial_only,31,40306,491.0,Budget,2,0.2,Cafe,30.5,0.15,Basavanagudi
1008390,Family,trial_only,34,163559,840.0,Mid-range,2,0.15,Casual Dining,88.1,0.15,Koramangala 5th Block
1008391,Family,power_user,43,86977,816.0,Mid-range,4,0.15,Casual Dining,1.3,0.01,BTM
1008392,Office Worker,regular,35,82533,554.0,Mid-range,1,0.2,Quick Bites,7.8,0.03,Marathahalli
1008393,Office Worker,regular,31,47753,270.0,Budget,2,0.2,Casual Dining,7.1,0.03,BTM
1008394,Family,trial_only,51,119558,820.0,Mid-range,3,0.15,Casual Dining,18.9,0.15,BTM
1008395,Student,regular,20,33930,244.0,Budget,1,0.35,Bakery,7.8,0.03,Shanti Nagar
1008396,Office Worker,trial_only,38,54441,315.0,Budget,1,0.2,Casual Dining,12.4,0.15,Church Street
1008397,Office Worker,occasional,38,70067,366.0,Budget,1,0.2,Cafe,23.0,0.06,Electronic City
1008398,Couple,occasional,24,108587,1014.0,Premium,2,0.3,Fine Dining,53.4,0.06,Electronic City
1008399,Food Explorer,trial_only,36,45988,541.0,Mid-range,1,0.7,Microbrewery,17.1,0.15,Marathahalli
1008400,Couple,regular,27,129267,1301.0,Premium,3,0.3,Pub,11.5,0.03,Koramangala 5th Block
1008401,Office Worker,occasional,31,51504,504.0,Mid-range,1,0.2,Casual Dining,11.6,0.06,Banashankari
1008402,Student,regular,24,21883,267.0,Budget,1,0.35,Quick Bites,6.8,0.03,Jayanagar
1008403,Family,regular,27,96539,1117.0,Premium,6,0.15,Cafe,5.0,0.03,Indiranagar
1008404,Couple,power_user,36,149517,1089.0,Premium,1,0.3,Microbrewery,1.9,0.01,BTM
1008405,Food Explorer,regular,36,84056,113.0,Budget,1,0.7,Cafe,5.6,0.03,Koramangala 7th Block
1008406,Couple,occasional,34,113752,1097.0,Premium,2,0.3,Lounge,6.6,0.06,Hosur Road
1008407,Student,regular,18,23071,304.0,Budget,3,0.35,Quick Bites,4.3,0.03,Wilson Garden
1008408,Family,occasional,22,96973,145.0,Budget,1,0.15,Food Court,36.2,0.06,Koramangala 5th Block
1008409,Couple,regular,35,108618,1562.0,Premium,1,0.3,Lounge,7.9,0.03,Electronic City
1008410,Family,occasional,20,155245,780.0,Mid-range,5,0.15,Dessert Parlor,6.5,0.06,Electronic City
1008411,Family,trial_only,20,71401,570.0,Mid-range,7,0.15,Casual Dining,18.3,0.15,Marathahalli
1008412,Office Worker,occasional,40,39046,354.0,Budget,1,0.2,Quick Bites,8.3,0.06,Whitefield
1008413,Family,trial_only,39,79751,952.0,Mid-range,6,0.15,Casual Dining,15.0,0.15,Residency Road
1008414,Office Worker,power_user,31,86148,538.0,Mid-range,1,0.2,Quick Bites,2.2,0.01,Marathahalli
1008415,Student,power_user,18,24416,248.0,Budget,1,0.35,Quick Bites,1.2,0.01,New BEL Road
1008416,Couple,occasional,41,84035,793.0,Mid-range,1,0.3,Cafe,20.7,0.06,BTM
1008417,Food Explorer,regular,31,55909,633.0,Mid-range,2,0.7,Bar,32.0,0.03,St. Marks Road
1008418,Couple,occasional,28,118505,1294.0,Premium,2,0.3,Cafe,2.7,0.06,Brookefield
1008419,Office Worker,occasional,36,61488,507.0,Mid-range,2,0.2,Casual Dining,50.0,0.06,Jayanagar
1008420,Student,regular,19,25633,255.0,Budget,2,0.35,Cafe,5.5,0.03,Basavanagudi
1008421,Office Worker,trial_only,32,72924,438.0,Budget,1,0.2,Quick Bites,19.4,0.15,Sarjapur Road
1008422,Couple,power_user,36,59587,1206.0,Premium,1,0.3,Fine Dining,1.2,0.01,Whitefield
1008423,Family,occasional,30,141533,993.0,Mid-range,3,0.15,Fine Dining,14.0,0.06,Jayanagar
1008424,Food Explorer,regular,38,97730,932.0,Mid-range,1,0.7,Confectionery,4.6,0.03,Sarjapur Road
1008425,Office Worker,occasional,35,46621,610.0,Mid-range,1,0.2,Casual Dining,14.7,0.06,Brigade Road
1008426,Family,power_user,30,97418,1060.0,Premium,2,0.15,Food Court,5.7,0.01,JP Nagar
1008427,Couple,trial_only,27,109202,1744.0,Premium,1,0.3,Cafe,1.1,0.15,Shivajinagar
1008428,Student,trial_only,20,19529,381.0,Budget,2,0.35,Food Court,28.2,0.15,Nagawara
1008429,Food Explorer,occasional,30,114466,453.0,Budget,1,0.7,Casual Dining,1.9,0.06,Kalyan Nagar
1008430,Family,occasional,39,71583,1107.0,Premium,6,0.15,Casual Dining,2.2,0.06,Koramangala 4th Block
1008431,Student,occasional,20,14224,190.0,Budget,1,0.35,Bakery,19.8,0.06,Frazer Town
1008432,Student,occasional,18,30252,489.0,Budget,1,0.35,Cafe,5.1,0.06,JP Nagar
1008433,Couple,occasional,38,118103,907.0,Mid-range,2,0.3,Lounge,2.3,0.06,Whitefield
1008434,Family,occasional,33,163233,978.0,Mid-range,3,0.15,Fine Dining,50.4,0.06,BTM
1008435,Couple,trial_only,31,52382,1633.0,Premium,1,0.3,Microbrewery,45.6,0.15,BTM
1008436,Couple,occasional,36,63426,1338.0,Premium,2,0.3,Cafe,13.8,0.06,Whitefield
1008437,Office Worker,regular,38,80210,245.0,Budget,1,0.2,Quick Bites,10.3,0.03,HSR
1008438,Couple,trial_only,24,131262,916.0,Mid-range,2,0.3,Cafe,7.8,0.15,Marathahalli
1008439,Food Explorer,regular,40,106065,689.0,Mid-range,1,0.7,Lounge,3.0,0.03,Indiranagar
1008440,Student,regular,22,32450,351.0,Budget,1,0.35,Quick Bites,12.0,0.03,Shivajinagar
1008441,Couple,trial_only,36,73051,1146.0,Premium,2,0.3,Lounge,30.9,0.15,Sadashiv Nagar
1008442,Office Worker,regular,23,35837,457.0,Budget,1,0.2,Quick Bites,2.8,0.03,Whitefield
1008443,Office Worker,regular,35,47779,303.0,Budget,2,0.2,Quick Bites,6.1,0.03,Koramangala 5th Block
1008444,Office Worker,occasional,35,89846,627.0,Mid-range,1,0.2,Quick Bites,16.9,0.06,Whitefield
1008445,Couple,trial_only,36,101676,1087.0,Premium,2,0.3,Microbrewery,62.9,0.15,BTM
1008446,Student,power_user,23,10113,363.0,Budget,1,0.35,Dessert Parlor,0.6,0.01,Koramangala 7th Block
1008447,Office Worker,occasional,38,74612,590.0,Mid-range,3,0.2,Quick Bites,3.1,0.06,Shanti Nagar
1008448,Family,power_user,50,161089,569.0,Mid-range,5,0.15,Fine Dining,2.0,0.01,Indiranagar
1008449,Student,regular,20,13059,310.0,Budget,1,0.35,Cafe,9.0,0.03,Brookefield
1008450,Couple,regular,38,105829,1283.0,Premium,1,0.3,Microbrewery,3.4,0.03,Jeevan Bhima Nagar
1008451,Food Explorer,regular,23,99590,535.0,Mid-range,2,0.7,Bhojanalya,4.8,0.03,BTM
1008452,Student,trial_only,21,33933,374.0,Budget,2,0.35,Quick Bites,4.5,0.15,Sarjapur Road
1008453,Student,occasional,19,25178,247.0,Budget,2,0.35,Quick Bites,1.6,0.06,Whitefield
1008454,Food Explorer,trial_only,27,67048,614.0,Mid-range,1,0.7,Sweet Shop,4.6,0.15,Ulsoor
1008455,Student,trial_only,22,32753,270.0,Budget,2,0.35,Food Court,44.9,0.15,BTM
1008456,Student,trial_only,20,19021,486.0,Budget,1,0.35,Quick Bites,3.7,0.15,BTM
1008457,Food Explorer,occasional,38,90665,434.0,Budget,1,0.7,Food Truck,13.6,0.06,BTM
1008458,Couple,regular,25,134038,1423.0,Premium,3,0.3,Lounge,1.9,0.03,Banaswadi
1008459,Family,trial_only,54,123647,1159.0,Premium,3,0.15,Casual Dining,13.2,0.15,Marathahalli
1008460,Family,occasional,45,145283,616.0,Mid-range,2,0.15,Casual Dining,1.5,0.06,Cunningham Road
1008461,Food Explorer,regular,30,107339,624.0,Mid-range,1,0.7,Bar,7.0,0.03,JP Nagar
1008462,Family,regular,20,132062,603.0,Mid-range,6,0.15,Cafe,2.7,0.03,Whitefield
1008463,Family,regular,21,110420,397.0,Budget,1,0.15,Dessert Parlor,3.3,0.03,Koramangala 5th Block
1008464,Couple,occasional,33,114439,964.0,Mid-range,1,0.3,Cafe,11.1,0.06,Commercial Street
1008465,Family,occasional,40,108128,686.0,Mid-range,5,0.15,Casual Dining,17.6,0.06,Brookefield
1008466,Office Worker,occasional,32,70958,399.0,Budget,1,0.2,Casual Dining,16.8,0.06,BTM
1008467,Office Worker,regular,28,34887,420.0,Budget,1,0.2,Casual Dining,8.5,0.03,New BEL Road
1008468,Office Worker,power_user,34,32870,451.0,Budget,1,0.2,Quick Bites,4.2,0.01,Kammanahalli
1008469,Office Worker,trial_only,34,58492,330.0,Budget,1,0.2,Quick Bites,30.8,0.15,BTM
1008470,Office Worker,regular,29,37067,485.0,Budget,1,0.2,Quick Bites,4.5,0.03,HSR
1008471,Office Worker,regular,28,73845,571.0,Mid-range,1,0.2,Quick Bites,2.5,0.03,Kalyan Nagar
1008472,Couple,occasional,33,68125,1599.0,Premium,1,0.3,Pub,8.4,0.06,JP Nagar
1008473,Office Worker,trial_only,36,59971,424.0,Budget,1,0.2,Casual Dining,6.8,0.15,BTM
1008474,Student,occasional,22,14419,372.0,Budget,1,0.35,Food Court,5.3,0.06,Frazer Town
1008475,Office Worker,occasional,25,85311,382.0,Budget,1,0.2,Delivery,28.8,0.06,Malleshwaram
1008476,Student,regular,24,31073,273.0,Budget,1,0.35,Cafe,1.9,0.03,BTM
1008477,Couple,trial_only,28,50163,1320.0,Premium,1,0.3,Pub,42.8,0.15,Koramangala 5th Block
1008478,Office Worker,occasional,35,53670,417.0,Budget,1,0.2,Quick Bites,8.8,0.06,Koramangala 5th Block
1008479,Office Worker,occasional,23,86529,324.0,Budget,1,0.2,Cafe,15.8,0.06,Kalyan Nagar
1008480,Couple,regular,29,98942,1450.0,Premium,2,0.3,Microbrewery,0.6,0.03,Indiranagar
1008481,Student,occasional,21,31105,234.0,Budget,1,0.35,Cafe,9.8,0.06,Indiranagar
1008482,Student,regular,23,12235,258.0,Budget,2,0.35,Cafe,7.2,0.03,Electronic City
1008483,Couple,occasional,36,92918,1517.0,Premium,1,0.3,Lounge,29.3,0.06,Indiranagar
1008484,Family,occasional,21,164472,907.0,Mid-range,5,0.15,Casual Dining,10.3,0.06,Banashankari
1008485,Couple,occasional,45,69477,1253.0,Premium,2,0.3,Cafe,17.7,0.06,BTM
1008486,Couple,regular,29,51026,759.0,Mid-range,2,0.3,Cafe,5.4,0.03,Koramangala 4th Block
1008487,Food Explorer,trial_only,28,98752,309.0,Budget,1,0.7,Beverage Shop,13.1,0.15,HSR
1008488,Student,regular,18,12082,332.0,Budget,1,0.35,Dessert Parlor,5.1,0.03,BTM
1008489,Couple,occasional,39,80075,1389.0,Premium,3,0.3,Fine Dining,5.3,0.06,Jayanagar
1008490,Family,regular,36,157453,851.0,Mid-range,4,0.15,Dessert Parlor,4.8,0.03,Shanti Nagar
1008491,Student,regular,19,32296,262.0,Budget,1,0.35,Dessert Parlor,6.8,0.03,JP Nagar
1008492,Food Explorer,trial_only,34,50447,473.0,Budget,2,0.7,Pop Up,34.9,0.15,Koramangala 5th Block
1008493,Office Worker,power_user,26,59816,472.0,Budget,1,0.2,Quick Bites,2.4,0.01,Koramangala 7th Block
1008494,Couple,trial_only,35,129336,824.0,Mid-range,1,0.3,Cafe,24.8,0.15,Sarjapur Road
1008495,Family,regular,43,106962,818.0,Mid-range,7,0.15,Casual Dining,7.4,0.03,Koramangala 4th Block
1008496,Office Worker,occasional,37,51025,311.0,Budget,1,0.2,Quick Bites,14.4,0.06,Ulsoor
1008497,Student,power_user,22,23581,216.0,Budget,1,0.35,Dessert Parlor,4.3,0.01,Sarjapur Road
1008498,Food Explorer,occasional,32,102088,645.0,Mid-range,1,0.7,Dhaba,11.4,0.06,Koramangala 5th Block
1008499,Family,trial_only,21,64840,917.0,Mid-range,2,0.15,Dessert Parlor,21.0,0.15,Brigade Road
1008500,Student,occasional,19,11258,327.0,Budget,2,0.35,Quick Bites,2.8,0.06,JP Nagar
1008501,Student,regular,22,12666,211.0,Budget,1,0.35,Food Court,10.3,0.03,Koramangala 1st Block
1008502,Couple,occasional,35,84126,639.0,Mid-range,1,0.3,Lounge,13.1,0.06,HSR
1008503,Student,occasional,21,16950,299.0,Budget,2,0.35,Bakery,11.3,0.06,Sarjapur Road
1008504,Family,regular,46,117753,420.0,Budget,2,0.15,Casual Dining,14.3,0.03,New BEL Road
1008505,Family,occasional,52,96099,989.0,Mid-range,2,0.15,Casual Dining,27.7,0.06,St. Marks Road
1008506,Office Worker,occasional,32,67542,342.0,Budget,1,0.2,Cafe,15.0,0.06,Cunningham Road
1008507,Family,occasional,24,98604,1247.0,Premium,3,0.15,Food Court,4.3,0.06,Koramangala 5th Block
1008508,Student,regular,21,30906,223.0,Budget,1,0.35,Quick Bites,7.2,0.03,Electronic City
1008509,Food Explorer,regular,26,64774,716.0,Mid-range,2,0.7,Irani Cafe,2.7,0.03,BTM
1008510,Couple,trial_only,35,74447,979.0,Mid-range,1,0.3,Cafe,33.3,0.15,Marathahalli
1008511,Office Worker,occasional,33,81616,433.0,Budget,1,0.2,Casual Dining,27.4,0.06,Koramangala 7th Block
1008512,Office Worker,occasional,32,69533,468.0,Budget,1,0.2,Casual Dining,10.0,0.06,Basavanagudi
1008513,Office Worker,trial_only,33,32878,536.0,Mid-range,1,0.2,Quick Bites,6.3,0.15,Whitefield
1008514,Food Explorer,regular,27,52141,855.0,Mid-range,1,0.7,Bakery,12.9,0.03,Bannerghatta Road
1008515,Office Worker,regular,26,32918,523.0,Mid-range,1,0.2,Quick Bites,1.8,0.03,Domlur
1008516,Family,occasional,50,155420,1008.0,Premium,3,0.15,Casual Dining,11.9,0.06,MG Road
1008517,Food Explorer,occasional,29,90208,446.0,Budget,2,0.7,Bar,9.6,0.06,Koramangala 6th Block
1008518,Student,trial_only,19,33331,352.0,Budget,2,0.35,Quick Bites,31.2,0.15,Koramangala 1st Block
1008519,Family,occasional,55,99383,732.0,Mid-range,4,0.15,Casual Dining,40.4,0.06,Brigade Road
1008520,Student,regular,18,11182,379.0,Budget,1,0.35,Cafe,5.4,0.03,Indiranagar
1008521,Family,regular,32,115067,823.0,Mid-range,4,0.15,Casual Dining,11.0,0.03,BTM
1008522,Office Worker,power_user,36,34791,512.0,Mid-range,2,0.2,Quick Bites,1.5,0.01,Sarjapur Road
1008523,Food Explorer,trial_only,29,51564,673.0,Mid-range,1,0.7,Club,32.3,0.15,Old Airport Road
1008524,Office Worker,regular,38,77253,526.0,Mid-range,1,0.2,Quick Bites,0.9,0.03,Mysore Road
1008525,Student,occasional,20,19471,235.0,Budget,2,0.35,Quick Bites,18.9,0.06,BTM
1008526,Couple,regular,38,138023,728.0,Mid-range,1,0.3,Cafe,5.7,0.03,JP Nagar
1008527,Couple,regular,33,101375,1497.0,Premium,1,0.3,Cafe,12.3,0.03,Malleshwaram
1008528,Family,regular,36,137786,1069.0,Premium,4,0.15,Fine Dining,3.7,0.03,Koramangala 6th Block
1008529,Family,occasional,37,160095,777.0,Mid-range,4,0.15,Casual Dining,2.4,0.06,Domlur
1008530,Office Worker,power_user,40,57671,531.0,Mid-range,2,0.2,Casual Dining,1.6,0.01,Marathahalli
1008531,Family,trial_only,47,98381,474.0,Budget,2,0.15,Cafe,2.1,0.15,Sarjapur Road
1008532,Student,trial_only,20,29227,250.0,Budget,1,0.35,Quick Bites,17.3,0.15,Koramangala 8th Block
1008533,Student,power_user,20,30767,307.0,Budget,1,0.35,Quick Bites,4.2,0.01,Kalyan Nagar
1008534,Food Explorer,trial_only,29,63977,166.0,Budget,1,0.7,Kiosk,29.8,0.15,JP Nagar
1008535,Family,regular,46,158765,494.0,Budget,1,0.15,Casual Dining,3.9,0.03,Banaswadi
1008536,Student,power_user,22,34794,313.0,Budget,3,0.35,Cafe,2.1,0.01,HSR
1008537,Student,regular,21,14844,252.0,Budget,1,0.35,Dessert Parlor,7.9,0.03,HSR
1008538,Food Explorer,trial_only,30,107840,513.0,Mid-range,4,0.7,Sweet Shop,16.4,0.15,Jayanagar
1008539,Student,occasional,20,12172,267.0,Budget,1,0.35,Beverage Shop,17.0,0.06,Koramangala 1st Block
1008540,Office Worker,regular,32,83228,322.0,Budget,2,0.2,Quick Bites,2.4,0.03,Richmond Road
1008541,Student,occasional,23,32275,283.0,Budget,2,0.35,Bakery,16.2,0.06,Kammanahalli
1008542,Student,occasional,24,31372,299.0,Budget,1,0.35,Quick Bites,11.6,0.06,Banashankari
1008543,Office Worker,occasional,24,50927,392.0,Budget,2,0.2,Casual Dining,5.2,0.06,Residency Road
1008544,Food Explorer,occasional,26,114631,475.0,Budget,2,0.7,Fine Dining,7.7,0.06,Uttarahalli
1008545,Office Worker,trial_only,35,63236,430.0,Budget,1,0.2,Quick Bites,14.6,0.15,BTM
1008546,Office Worker,occasional,25,33869,532.0,Mid-range,1,0.2,Casual Dining,23.5,0.06,Cunningham Road
1008547,Family,regular,41,161928,781.0,Mid-range,4,0.15,Cafe,10.3,0.03,Koramangala 6th Block
1008548,Family,trial_only,35,169036,415.0,Budget,5,0.15,Casual Dining,13.6,0.15,Marathahalli
1008549,Family,regular,26,96379,561.0,Mid-range,5,0.15,Fine Dining,4.2,0.03,Koramangala 5th Block
1008550,Family,occasional,38,89832,986.0,Mid-range,3,0.15,Food Court,21.1,0.06,Sahakara Nagar
1008551,Family,occasional,38,128296,663.0,Mid-range,3,0.15,Casual Dining,10.2,0.06,Ulsoor
1008552,Family,regular,45,103101,782.0,Mid-range,3,0.15,Casual Dining,6.3,0.03,Ulsoor
1008553,Couple,regular,42,113909,1777.0,Premium,2,0.3,Cafe,4.7,0.03,Koramangala 5th Block
1008554,Family,occasional,54,104468,926.0,Mid-range,2,0.15,Casual Dining,7.7,0.06,Church Street
1008555,Couple,trial_only,33,71767,556.0,Mid-range,2,0.3,Cafe,54.1,0.15,Koramangala 1st Block
1008556,Student,trial_only,22,15811,416.0,Budget,1,0.35,Cafe,3.1,0.15,HSR
1008557,Family,occasional,48,138924,830.0,Mid-range,3,0.15,Fine Dining,48.5,0.06,BTM
1008558,Family,regular,55,112611,874.0,Mid-range,3,0.15,Cafe,4.4,0.03,Kaggadasapura
1008559,Office Worker,regular,34,30917,480.0,Budget,1,0.2,Quick Bites,5.7,0.03,BTM
1008560,Couple,occasional,29,100552,1474.0,Premium,3,0.3,Fine Dining,10.9,0.06,Domlur
1008561,Office Worker,regular,29,77272,442.0,Budget,1,0.2,Cafe,3.4,0.03,HSR
1008562,Student,occasional,19,13716,181.0,Budget,2,0.35,Cafe,12.0,0.06,Richmond Road
1008563,Couple,regular,28,74415,1297.0,Premium,1,0.3,Fine Dining,11.1,0.03,JP Nagar
1008564,Student,power_user,20,18988,189.0,Budget,2,0.35,Cafe,2.2,0.01,Koramangala 7th Block
1008565,Office Worker,occasional,31,85628,632.0,Mid-range,1,0.2,Cafe,11.4,0.06,BTM
1008566,Office Worker,occasional,37,50889,414.0,Budget,1,0.2,Quick Bites,12.6,0.06,Shivajinagar
1008567,Couple,occasional,30,133777,1184.0,Premium,1,0.3,Cafe,29.0,0.06,Whitefield
1008568,Office Worker,regular,26,70480,382.0,Budget,1,0.2,Quick Bites,4.4,0.03,New BEL Road
1008569,Family,trial_only,24,179044,868.0,Mid-range,5,0.15,Casual Dining,64.5,0.15,Old Airport Road
1008570,Couple,occasional,28,108078,1336.0,Premium,2,0.3,Lounge,10.4,0.06,Electronic City
1008571,Family,occasional,35,98036,664.0,Mid-range,1,0.15,Fine Dining,16.4,0.06,Infantry Road
1008572,Food Explorer,occasional,29,97289,713.0,Mid-range,1,0.7,Beverage Shop,27.8,0.06,Banashankari
1008573,Couple,regular,32,59034,1220.0,Premium,2,0.3,Microbrewery,9.2,0.03,JP Nagar
1008574,Office Worker,occasional,28,77037,440.0,Budget,1,0.2,Casual Dining,2.4,0.06,Bellandur
1008575,Food Explorer,occasional,30,58722,412.0,Budget,2,0.7,Bakery,23.9,0.06,Indiranagar
1008576,Office Worker,occasional,34,70021,681.0,Mid-range,1,0.2,Cafe,13.2,0.06,Residency Road
1008577,Student,occasional,18,24501,395.0,Budget,1,0.35,Quick Bites,15.9,0.06,Church Street
1008578,Office Worker,power_user,39,44474,523.0,Mid-range,2,0.2,Food Court,6.2,0.01,HSR
1008579,Family,trial_only,31,117755,1025.0,Premium,3,0.15,Fine Dining,16.1,0.15,JP Nagar
1008580,Student,regular,18,22553,324.0,Budget,1,0.35,Quick Bites,13.9,0.03,BTM
1008581,Family,regular,26,152045,730.0,Mid-range,4,0.15,Casual Dining,4.2,0.03,Richmond Road
1008582,Office Worker,occasional,32,57994,186.0,Budget,1,0.2,Quick Bites,4.6,0.06,Banashankari
1008583,Office Worker,regular,32,33490,328.0,Budget,1,0.2,Casual Dining,5.7,0.03,JP Nagar
1008584,Student,trial_only,18,11851,473.0,Budget,1,0.35,Cafe,10.3,0.15,Banashankari
1008585,Couple,regular,34,116457,1548.0,Premium,1,0.3,Cafe,2.8,0.03,Bellandur
1008586,Office Worker,regular,26,83669,470.0,Budget,1,0.2,Cafe,4.5,0.03,Malleshwaram
1008587,Student,power_user,24,20880,174.0,Budget,2,0.35,Quick Bites,5.6,0.01,Church Street
1008588,Office Worker,power_user,28,35486,513.0,Mid-range,1,0.2,Quick Bites,3.6,0.01,Koramangala 5th Block
1008589,Office Worker,power_user,40,40260,422.0,Budget,1,0.2,Quick Bites,1.0,0.01,MG Road
1008590,Family,power_user,40,177174,940.0,Mid-range,3,0.15,Casual Dining,8.2,0.01,Koramangala 4th Block
1008591,Office Worker,regular,40,72199,339.0,Budget,1,0.2,Food Court,14.4,0.03,Bannerghatta Road
1008592,Student,regular,21,10793,261.0,Budget,1,0.35,Cafe,1.3,0.03,Marathahalli
1008593,Couple,regular,26,75945,1466.0,Premium,1,0.3,Microbrewery,0.4,0.03,City Market
1008594,Office Worker,regular,34,73781,643.0,Mid-range,1,0.2,Cafe,9.0,0.03,BTM
1008595,Student,power_user,21,25790,247.0,Budget,3,0.35,Quick Bites,6.7,0.01,MG Road
1008596,Couple,power_user,42,78757,900.0,Mid-range,2,0.3,Cafe,3.2,0.01,Domlur
1008597,Family,regular,34,143520,1005.0,Premium,1,0.15,Fine Dining,6.7,0.03,Jeevan Bhima Nagar
1008598,Family,regular,26,168566,548.0,Mid-range,2,0.15,Casual Dining,2.9,0.03,Frazer Town
1008599,Office Worker,regular,25,84009,331.0,Budget,2,0.2,Cafe,9.2,0.03,Bannerghatta Road
1008600,Office Worker,regular,36,79442,477.0,Budget,3,0.2,Delivery,5.2,0.03,BTM
1008601,Office Worker,trial_only,27,51257,659.0,Mid-range,1,0.2,Casual Dining,11.5,0.15,MG Road
1008602,Student,regular,22,10625,232.0,Budget,2,0.35,Bakery,2.8,0.03,Banaswadi
1008603,Office Worker,regular,25,53443,413.0,Budget,1,0.2,Food Court,11.7,0.03,Indiranagar
1008604,Food Explorer,occasional,23,41756,628.0,Mid-range,1,0.7,Club,3.4,0.06,Electronic City
1008605,Family,occasional,45,128419,705.0,Mid-range,5,0.15,Casual Dining,5.5,0.06,Koramangala 5th Block
1008606,Office Worker,power_user,29,66192,273.0,Budget,1,0.2,Casual Dining,9.2,0.01,Koramangala 5th Block
1008607,Student,occasional,21,18545,364.0,Budget,2,0.35,Quick Bites,3.8,0.06,New BEL Road
1008608,Family,occasional,20,77951,837.0,Mid-range,7,0.15,Casual Dining,34.6,0.06,Whitefield
1008609,Office Worker,trial_only,26,61483,487.0,Budget,1,0.2,Quick Bites,7.1,0.15,Ulsoor
1008610,Student,trial_only,18,10353,289.0,Budget,1,0.35,Dessert Parlor,19.4,0.15,Jayanagar
1008611,Student,occasional,19,16908,421.0,Budget,1,0.35,Bakery,3.4,0.06,Koramangala 1st Block
1008612,Family,occasional,30,176132,699.0,Mid-range,5,0.15,Casual Dining,4.9,0.06,Koramangala 4th Block
1008613,Family,regular,33,169702,585.0,Mid-range,3,0.15,Casual Dining,4.3,0.03,New BEL Road
1008614,Student,trial_only,19,25822,433.0,Budget,2,0.35,Dessert Parlor,14.3,0.15,Indiranagar
1008615,Student,occasional,21,19350,124.0,Budget,4,0.35,Dessert Parlor,17.2,0.06,Koramangala 5th Block
1008616,Family,regular,52,61299,769.0,Mid-range,3,0.15,Casual Dining,3.8,0.03,Bannerghatta Road
1008617,Family,power_user,23,138006,785.0,Mid-range,5,0.15,Cafe,0.8,0.01,Residency Road
1008618,Family,occasional,52,118862,777.0,Mid-range,3,0.15,Cafe,13.8,0.06,Koramangala 5th Block
1008619,Student,occasional,20,27836,176.0,Budget,2,0.35,Quick Bites,2.6,0.06,BTM
1008620,Family,trial_only,40,78904,563.0,Mid-range,3,0.15,Casual Dining,18.8,0.15,Koramangala 5th Block
1008621,Food Explorer,regular,34,106426,839.0,Mid-range,1,0.7,Cafe,10.1,0.03,Sanjay Nagar
1008622,Family,trial_only,46,156622,1077.0,Premium,1,0.15,Casual Dining,10.7,0.15,Whitefield
1008623,Student,power_user,24,20705,267.0,Budget,2,0.35,Quick Bites,2.4,0.01,Basavanagudi
1008624,Family,occasional,55,63441,614.0,Mid-range,3,0.15,Casual Dining,15.7,0.06,Mysore Road
1008625,Office Worker,regular,24,57982,272.0,Budget,1,0.2,Delivery,3.0,0.03,Bannerghatta Road
1008626,Student,regular,20,19273,375.0,Budget,2,0.35,Cafe,8.3,0.03,Indiranagar
1008627,Office Worker,regular,32,75658,550.0,Mid-range,2,0.2,Delivery,7.7,0.03,Koramangala 7th Block
1008628,Food Explorer,regular,31,59042,100.0,Budget,2,0.7,Food Truck,1.1,0.03,Koramangala 8th Block
1008629,Office Worker,regular,40,31081,208.0,Budget,1,0.2,Cafe,2.7,0.03,Whitefield
1008630,Couple,trial_only,38,148088,1241.0,Premium,1,0.3,Fine Dining,7.0,0.15,Residency Road
1008631,Office Worker,regular,30,44476,477.0,Budget,1,0.2,Quick Bites,9.2,0.03,Bannerghatta Road
1008632,Office Worker,occasional,39,34686,402.0,Budget,1,0.2,Quick Bites,7.3,0.06,Marathahalli
1008633,Student,occasional,23,31426,297.0,Budget,1,0.35,Quick Bites,23.9,0.06,HSR
1008634,Family,power_user,48,146387,751.0,Mid-range,2,0.15,Fine Dining,2.3,0.01,Koramangala 6th Block
1008635,Student,trial_only,22,16718,302.0,Budget,2,0.35,Bakery,12.3,0.15,BTM
1008636,Office Worker,occasional,24,58682,360.0,Budget,1,0.2,Quick Bites,4.7,0.06,MG Road
1008637,Office Worker,occasional,40,71299,449.0,Budget,1,0.2,Quick Bites,13.1,0.06,Ejipura
1008638,Office Worker,trial_only,35,78990,383.0,Budget,1,0.2,Delivery,28.6,0.15,Indiranagar
1008639,Office Worker,occasional,25,52372,374.0,Budget,1,0.2,Casual Dining,7.1,0.06,Electronic City
1008640,Student,trial_only,19,15356,151.0,Budget,1,0.35,Quick Bites,49.4,0.15,Bannerghatta Road
1008641,Office Worker,regular,29,30882,432.0,Budget,1,0.2,Quick Bites,20.8,0.03,Basavanagudi
1008642,Food Explorer,power_user,26,108424,801.0,Mid-range,1,0.7,Casual Dining,0.9,0.01,Church Street
1008643,Student,occasional,22,30356,274.0,Budget,1,0.35,Quick Bites,10.5,0.06,Marathahalli
1008644,Office Worker,regular,32,87022,415.0,Budget,1,0.2,Cafe,2.5,0.03,Richmond Road
1008645,Office Worker,occasional,26,74859,576.0,Mid-range,1,0.2,Quick Bites,19.2,0.06,BTM
1008646,Office Worker,regular,35,42786,552.0,Mid-range,1,0.2,Cafe,6.5,0.03,Sarjapur Road
1008647,Family,regular,30,88834,1147.0,Premium,4,0.15,Fine Dining,2.3,0.03,Koramangala 1st Block
1008648,Student,trial_only,19,16068,481.0,Budget,2,0.35,Quick Bites,19.0,0.15,BTM
1008649,Office Worker,regular,40,57494,456.0,Budget,1,0.2,Food Court,7.2,0.03,Cunningham Road
1008650,Family,regular,31,175641,569.0,Mid-range,3,0.15,Food Court,7.5,0.03,Bellandur
1008651,Office Worker,occasional,27,71456,398.0,Budget,1,0.2,Food Court,15.7,0.06,Church Street
1008652,Food Explorer,occasional,35,74730,743.0,Mid-range,1,0.7,Club,6.8,0.06,Bellandur
1008653,Food Explorer,trial_only,36,99004,960.0,Mid-range,3,0.7,Lounge,2.4,0.15,Jayanagar
1008654,Student,regular,19,30881,216.0,Budget,2,0.35,Cafe,8.1,0.03,Electronic City
1008655,Office Worker,trial_only,24,54212,476.0,Budget,1,0.2,Casual Dining,6.3,0.15,Indiranagar
1008656,Student,occasional,23,31061,237.0,Budget,1,0.35,Cafe,7.7,0.06,HSR
1008657,Student,trial_only,21,10459,288.0,Budget,2,0.35,Dessert Parlor,21.1,0.15,Koramangala 6th Block
1008658,Office Worker,power_user,31,48651,434.0,Budget,3,0.2,Quick Bites,4.1,0.01,BTM
1008659,Family,regular,35,80383,876.0,Mid-range,4,0.15,Casual Dining,7.2,0.03,BTM
1008660,Office Worker,occasional,33,40727,653.0,Mid-range,1,0.2,Food Court,19.5,0.06,Koramangala 1st Block
1008661,Office Worker,occasional,35,42167,498.0,Budget,2,0.2,Cafe,21.5,0.06,Richmond Road
1008662,Office Worker,power_user,24,51992,407.0,Budget,2,0.2,Food Court,1.8,0.01,Commercial Street
1008663,Food Explorer,occasional,27,97985,451.0,Budget,1,0.7,Bakery,37.8,0.06,Whitefield
1008664,Food Explorer,occasional,40,87352,552.0,Mid-range,1,0.7,Irani Cafe,3.8,0.06,Koramangala 7th Block
1008665,Student,regular,19,21027,230.0,Budget,1,0.35,Dessert Parlor,9.2,0.03,Wilson Garden
1008666,Family,occasional,52,119650,828.0,Mid-range,2,0.15,Casual Dining,11.5,0.06,BTM
1008667,Office Worker,regular,30,40995,209.0,Budget,3,0.2,Quick Bites,5.2,0.03,Indiranagar
1008668,Family,trial_only,26,148416,758.0,Mid-range,8,0.15,Casual Dining,24.7,0.15,Koramangala 5th Block
1008669,Family,occasional,41,150605,774.0,Mid-range,4,0.15,Fine Dining,10.4,0.06,Ulsoor
1008670,Couple,occasional,38,104881,852.0,Mid-range,2,0.3,Cafe,11.9,0.06,Vijay Nagar
1008671,Student,trial_only,20,30358,269.0,Budget,1,0.35,Quick Bites,19.9,0.15,MG Road
1008672,Office Worker,occasional,37,78331,562.0,Mid-range,1,0.2,Delivery,4.6,0.06,Ejipura
1008673,Food Explorer,regular,23,104349,898.0,Mid-range,1,0.7,Pop Up,6.4,0.03,Malleshwaram
1008674,Student,occasional,18,12598,257.0,Budget,2,0.35,Dessert Parlor,9.3,0.06,Banashankari
1008675,Student,trial_only,22,12152,342.0,Budget,2,0.35,Cafe,45.0,0.15,Jayanagar
1008676,Family,power_user,40,112691,500.0,Budget,4,0.15,Fine Dining,5.5,0.01,Frazer Town
1008677,Couple,occasional,39,55695,1111.0,Premium,3,0.3,Fine Dining,18.8,0.06,HSR
1008678,Family,regular,50,61927,846.0,Mid-range,3,0.15,Cafe,11.4,0.03,BTM
1008679,Couple,trial_only,44,63082,1658.0,Premium,1,0.3,Lounge,48.2,0.15,Richmond Road
1008680,Family,occasional,38,74496,1039.0,Premium,5,0.15,Casual Dining,11.8,0.06,Koramangala 8th Block
1008681,Student,trial_only,21,18146,317.0,Budget,1,0.35,Quick Bites,25.5,0.15,Frazer Town
1008682,Family,occasional,53,99781,618.0,Mid-range,4,0.15,Fine Dining,5.5,0.06,JP Nagar
1008683,Couple,power_user,45,131959,1608.0,Premium,2,0.3,Fine Dining,2.5,0.01,Shanti Nagar
1008684,Couple,occasional,25,140152,1098.0,Premium,2,0.3,Microbrewery,30.5,0.06,Koramangala 7th Block
1008685,Student,trial_only,21,14255,336.0,Budget,1,0.35,Quick Bites,49.6,0.15,Koramangala 5th Block
1008686,Student,regular,24,19504,290.0,Budget,2,0.35,Dessert Parlor,9.0,0.03,Ulsoor
1008687,Couple,power_user,25,100824,1798.0,Premium,4,0.3,Lounge,2.7,0.01,HSR
1008688,Office Worker,occasional,40,46408,389.0,Budget,4,0.2,Cafe,16.8,0.06,JP Nagar
1008689,Student,occasional,23,18271,373.0,Budget,1,0.35,Cafe,4.1,0.06,Basavanagudi
1008690,Couple,power_user,27,117079,1174.0,Premium,3,0.3,Pub,7.2,0.01,Race Course Road
1008691,Office Worker,regular,34,55526,507.0,Mid-range,1,0.2,Cafe,10.6,0.03,Jayanagar
1008692,Office Worker,regular,30,72208,612.0,Mid-range,1,0.2,Delivery,3.4,0.03,Koramangala 5th Block
1008693,Student,occasional,20,11871,140.0,Budget,1,0.35,Cafe,6.1,0.06,Koramangala 5th Block
1008694,Student,occasional,22,22033,295.0,Budget,1,0.35,Quick Bites,7.1,0.06,Koramangala 6th Block
1008695,Couple,occasional,40,81059,932.0,Mid-range,2,0.3,Fine Dining,14.0,0.06,BTM
1008696,Office Worker,trial_only,39,47311,495.0,Budget,1,0.2,Casual Dining,30.4,0.15,Basavanagudi
1008697,Student,regular,20,21710,355.0,Budget,1,0.35,Food Court,0.9,0.03,Koramangala 4th Block
1008698,Office Worker,occasional,25,48108,403.0,Budget,1,0.2,Cafe,3.2,0.06,Richmond Road
1008699,Student,regular,24,28956,258.0,Budget,3,0.35,Dessert Parlor,5.8,0.03,Marathahalli
1008700,Student,regular,20,14638,316.0,Budget,2,0.35,Dessert Parlor,5.7,0.03,HSR
1008701,Office Worker,occasional,36,83586,323.0,Budget,2,0.2,Cafe,18.8,0.06,Race Course Road
1008702,Office Worker,occasional,37,51755,483.0,Budget,1,0.2,Food Court,24.4,0.06,Shanti Nagar
1008703,Student,trial_only,18,23173,235.0,Budget,1,0.35,Quick Bites,10.2,0.15,Koramangala 7th Block
1008704,Office Worker,regular,30,40095,523.0,Mid-range,2,0.2,Delivery,5.7,0.03,Koramangala 5th Block
1008705,Office Worker,regular,24,85154,318.0,Budget,1,0.2,Delivery,2.7,0.03,Infantry Road
1008706,Office Worker,regular,33,68576,393.0,Budget,2,0.2,Food Court,9.8,0.03,Indiranagar
1008707,Student,occasional,23,29244,240.0,Budget,2,0.35,Quick Bites,7.2,0.06,Ejipura
1008708,Student,regular,21,32368,276.0,Budget,1,0.35,Bakery,5.4,0.03,JP Nagar
1008709,Student,trial_only,20,34891,410.0,Budget,1,0.35,Quick Bites,9.6,0.15,Indiranagar
1008710,Office Worker,occasional,40,45255,535.0,Mid-range,1,0.2,Quick Bites,12.0,0.06,Jayanagar
1008711,Family,occasional,23,99472,704.0,Mid-range,6,0.15,Casual Dining,9.1,0.06,Bannerghatta Road
1008712,Student,occasional,18,16055,262.0,Budget,3,0.35,Quick Bites,33.0,0.06,Koramangala 8th Block
1008713,Couple,power_user,32,100158,1466.0,Premium,1,0.3,Cafe,0.7,0.01,Thippasandra
1008714,Family,occasional,54,167779,567.0,Mid-range,4,0.15,Dessert Parlor,8.1,0.06,BTM
1008715,Student,occasional,24,28456,302.0,Budget,2,0.35,Dessert Parlor,8.9,0.06,Shanti Nagar
1008716,Student,trial_only,21,24201,252.0,Budget,1,0.35,Cafe,15.5,0.15,Marathahalli
1008717,Student,occasional,24,21839,286.0,Budget,2,0.35,Bakery,7.1,0.06,Koramangala 4th Block
1008718,Student,regular,24,28245,365.0,Budget,2,0.35,Bakery,5.3,0.03,Koramangala 5th Block
1008719,Office Worker,regular,33,58040,383.0,Budget,1,0.2,Food Court,5.3,0.03,HSR
1008720,Student,regular,18,32229,378.0,Budget,2,0.35,Bakery,2.1,0.03,Electronic City
1008721,Couple,trial_only,43,105921,1860.0,Premium,1,0.3,Pub,41.1,0.15,Malleshwaram
1008722,Office Worker,occasional,34,69899,510.0,Mid-range,3,0.2,Quick Bites,18.6,0.06,Jeevan Bhima Nagar
1008723,Family,trial_only,25,141523,783.0,Mid-range,4,0.15,Fine Dining,49.1,0.15,Vijay Nagar
1008724,Couple,trial_only,42,124246,1547.0,Premium,1,0.3,Fine Dining,21.1,0.15,Lavelle Road
1008725,Office Worker,power_user,30,58680,339.0,Budget,1,0.2,Quick Bites,0.2,0.01,Church Street
1008726,Food Explorer,occasional,36,70956,980.0,Mid-range,1,0.7,Beverage Shop,20.0,0.06,HSR
1008727,Food Explorer,occasional,26,73195,412.0,Budget,1,0.7,Dhaba,14.0,0.06,Bellandur
1008728,Office Worker,regular,23,86291,667.0,Mid-range,3,0.2,Food Court,6.4,0.03,Frazer Town
1008729,Student,occasional,21,12742,243.0,Budget,1,0.35,Cafe,31.9,0.06,Koramangala 7th Block
1008730,Office Worker,occasional,31,72234,516.0,Mid-range,1,0.2,Cafe,15.3,0.06,JP Nagar
1008731,Student,trial_only,24,34012,175.0,Budget,1,0.35,Quick Bites,10.8,0.15,JP Nagar
1008732,Office Worker,regular,25,34301,429.0,Budget,2,0.2,Quick Bites,5.9,0.03,Koramangala 7th Block
1008733,Office Worker,trial_only,39,67071,342.0,Budget,1,0.2,Delivery,25.0,0.15,Old Airport Road
1008734,Office Worker,trial_only,25,65713,306.0,Budget,2,0.2,Quick Bites,81.5,0.15,Whitefield
1008735,Couple,trial_only,44,83432,1562.0,Premium,3,0.3,Fine Dining,35.9,0.15,Whitefield
1008736,Office Worker,power_user,35,35679,327.0,Budget,1,0.2,Quick Bites,2.1,0.01,Seshadripuram
1008737,Office Worker,regular,29,70658,376.0,Budget,1,0.2,Quick Bites,14.8,0.03,Whitefield
1008738,Office Worker,occasional,40,61327,365.0,Budget,1,0.2,Casual Dining,45.3,0.06,BTM
1008739,Couple,regular,31,125172,1542.0,Premium,1,0.3,Fine Dining,4.3,0.03,Bannerghatta Road
1008740,Family,power_user,42,70618,1003.0,Premium,4,0.15,Casual Dining,0.7,0.01,Frazer Town
1008741,Student,occasional,18,33367,402.0,Budget,2,0.35,Dessert Parlor,7.9,0.06,Koramangala
1008742,Family,power_user,23,135269,643.0,Mid-range,2,0.15,Casual Dining,1.0,0.01,Jayanagar
1008743,Student,regular,20,21065,408.0,Budget,1,0.35,Dessert Parlor,5.4,0.03,BTM
1008744,Family,trial_only,28,114764,641.0,Mid-range,5,0.15,Fine Dining,26.8,0.15,Marathahalli
1008745,Family,regular,28,174240,649.0,Mid-range,3,0.15,Casual Dining,3.2,0.03,Koramangala 6th Block
1008746,Office Worker,trial_only,29,63185,380.0,Budget,1,0.2,Casual Dining,41.8,0.15,JP Nagar
1008747,Family,regular,41,129626,668.0,Mid-range,8,0.15,Casual Dining,13.3,0.03,Banashankari
1008748,Couple,regular,26,114895,1173.0,Premium,1,0.3,Fine Dining,16.3,0.03,Koramangala 5th Block
1008749,Couple,regular,40,81251,948.0,Mid-range,4,0.3,Cafe,12.8,0.03,Yeshwantpur
1008750,Office Worker,regular,38,45021,473.0,Budget,2,0.2,Quick Bites,8.2,0.03,Koramangala 5th Block
1008751,Family,regular,50,150138,278.0,Budget,4,0.15,Casual Dining,4.9,0.03,Basavanagudi
1008752,Office Worker,trial_only,26,49171,473.0,Budget,1,0.2,Cafe,21.6,0.15,Residency Road
1008753,Couple,trial_only,43,53423,873.0,Mid-range,1,0.3,Pub,13.7,0.15,Koramangala 6th Block
1008754,Couple,power_user,26,98207,999.0,Mid-range,1,0.3,Cafe,0.5,0.01,Whitefield
1008755,Student,power_user,18,10254,248.0,Budget,2,0.35,Dessert Parlor,8.5,0.01,Bannerghatta Road
1008756,Student,occasional,23,24158,375.0,Budget,2,0.35,Cafe,32.4,0.06,Brookefield
1008757,Office Worker,occasional,36,68655,500.0,Budget,1,0.2,Quick Bites,14.6,0.06,Bannerghatta Road
1008758,Student,regular,18,33092,287.0,Budget,2,0.35,Cafe,4.2,0.03,Bannerghatta Road
1008759,Office Worker,regular,30,66411,378.0,Budget,1,0.2,Delivery,2.5,0.03,Koramangala 7th Block
1008760,Student,regular,20,18797,363.0,Budget,2,0.35,Beverage Shop,8.3,0.03,Banashankari
1008761,Family,occasional,46,137083,1159.0,Premium,4,0.15,Casual Dining,24.4,0.06,Rajajinagar
1008762,Student,power_user,21,24793,298.0,Budget,1,0.35,Cafe,4.6,0.01,St. Marks Road
1008763,Office Worker,occasional,33,74469,290.0,Budget,1,0.2,Casual Dining,52.5,0.06,BTM
1008764,Family,regular,22,170706,659.0,Mid-range,4,0.15,Casual Dining,1.0,0.03,Kammanahalli
1008765,Office Worker,regular,40,35819,506.0,Mid-range,3,0.2,Casual Dining,4.7,0.03,Kalyan Nagar
1008766,Office Worker,occasional,33,73070,406.0,Budget,1,0.2,Quick Bites,0.9,0.06,Basaveshwara Nagar
1008767,Couple,regular,38,130487,942.0,Mid-range,3,0.3,Fine Dining,3.1,0.03,Jayanagar
1008768,Food Explorer,trial_only,31,66267,374.0,Budget,1,0.7,Delivery,35.1,0.15,Jeevan Bhima Nagar
1008769,Family,occasional,28,108414,818.0,Mid-range,1,0.15,Fine Dining,12.1,0.06,HSR
1008770,Student,trial_only,22,20368,177.0,Budget,1,0.35,Cafe,19.5,0.15,Bannerghatta Road
1008771,Student,occasional,20,19339,297.0,Budget,2,0.35,Bakery,33.4,0.06,Bannerghatta Road
1008772,Food Explorer,regular,26,110303,622.0,Mid-range,1,0.7,Confectionery,1.6,0.03,BTM
1008773,Family,regular,39,99135,710.0,Mid-range,7,0.15,Dessert Parlor,3.9,0.03,Marathahalli
1008774,Couple,occasional,31,93769,887.0,Mid-range,3,0.3,Lounge,12.4,0.06,Indiranagar
1008775,Family,occasional,52,130177,1004.0,Premium,4,0.15,Fine Dining,3.7,0.06,Shanti Nagar
1008776,Student,regular,22,16301,193.0,Budget,3,0.35,Cafe,7.1,0.03,Koramangala 7th Block
1008777,Office Worker,regular,29,71877,467.0,Budget,1,0.2,Quick Bites,3.5,0.03,BTM
1008778,Couple,regular,24,102307,1418.0,Premium,1,0.3,Cafe,5.2,0.03,Bellandur
1008779,Couple,power_user,31,67010,1248.0,Premium,2,0.3,Fine Dining,1.6,0.01,Whitefield
1008780,Student,regular,18,14650,398.0,Budget,2,0.35,Food Court,8.0,0.03,JP Nagar
1008781,Family,occasional,27,63263,573.0,Mid-range,4,0.15,Cafe,8.7,0.06,Electronic City
1008782,Student,trial_only,19,24551,237.0,Budget,2,0.35,Quick Bites,4.0,0.15,Jayanagar
1008783,Food Explorer,regular,34,104065,485.0,Budget,1,0.7,Confectionery,2.9,0.03,Electronic City
1008784,Office Worker,power_user,24,89491,779.0,Mid-range,1,0.2,Casual Dining,4.7,0.01,Electronic City
1008785,Family,regular,25,139180,902.0,Mid-range,4,0.15,Casual Dining,3.8,0.03,Whitefield
1008786,Student,regular,18,34232,356.0,Budget,1,0.35,Quick Bites,8.5,0.03,Koramangala 5th Block
1008787,Family,occasional,53,178579,931.0,Mid-range,4,0.15,Fine Dining,21.0,0.06,Ulsoor
1008788,Family,power_user,55,133656,816.0,Mid-range,6,0.15,Casual Dining,8.0,0.01,Banashankari
1008789,Office Worker,trial_only,28,52505,555.0,Mid-range,3,0.2,Delivery,16.0,0.15,JP Nagar
1008790,Couple,trial_only,34,138628,639.0,Mid-range,4,0.3,Cafe,23.5,0.15,HSR
1008791,Couple,occasional,30,113257,1283.0,Premium,1,0.3,Microbrewery,6.9,0.06,Banaswadi
1008792,Couple,trial_only,35,131516,1328.0,Premium,1,0.3,Pub,57.9,0.15,New BEL Road
1008793,Office Worker,occasional,32,43578,552.0,Mid-range,1,0.2,Casual Dining,6.7,0.06,Koramangala 7th Block
1008794,Family,trial_only,29,174081,569.0,Mid-range,1,0.15,Cafe,80.4,0.15,Koramangala 7th Block
1008795,Family,regular,43,111501,584.0,Mid-range,4,0.15,Fine Dining,9.0,0.03,HSR
1008796,Family,trial_only,20,164772,596.0,Mid-range,4,0.15,Casual Dining,38.8,0.15,Shivajinagar
1008797,Office Worker,regular,34,52515,502.0,Mid-range,1,0.2,Casual Dining,5.5,0.03,Marathahalli
1008798,Family,regular,47,167980,907.0,Mid-range,6,0.15,Fine Dining,3.9,0.03,JP Nagar
1008799,Student,trial_only,18,26823,224.0,Budget,1,0.35,Quick Bites,4.4,0.15,Bellandur
1008800,Office Worker,regular,36,43773,641.0,Mid-range,1,0.2,Quick Bites,12.4,0.03,HSR
1008801,Student,regular,23,13711,323.0,Budget,2,0.35,Dessert Parlor,3.8,0.03,Whitefield
1008802,Office Worker,power_user,40,39481,462.0,Budget,1,0.2,Quick Bites,3.1,0.01,Bannerghatta Road
1008803,Student,regular,23,19364,283.0,Budget,2,0.35,Dessert Parlor,2.9,0.03,JP Nagar
1008804,Student,regular,18,11099,374.0,Budget,1,0.35,Bakery,4.1,0.03,Whitefield
1008805,Couple,regular,25,104851,1317.0,Premium,1,0.3,Fine Dining,5.2,0.03,Koramangala 1st Block
1008806,Office Worker,occasional,25,69559,639.0,Mid-range,1,0.2,Cafe,21.1,0.06,Frazer Town
1008807,Student,trial_only,22,28613,203.0,Budget,1,0.35,Bakery,28.8,0.15,Electronic City
1008808,Couple,power_user,39,143351,736.0,Mid-range,1,0.3,Cafe,8.3,0.01,Sahakara Nagar
1008809,Food Explorer,trial_only,34,104032,415.0,Budget,1,0.7,Club,27.2,0.15,BTM
1008810,Couple,occasional,31,149385,1366.0,Premium,1,0.3,Fine Dining,13.9,0.06,Brigade Road
1008811,Couple,occasional,28,110370,1072.0,Premium,1,0.3,Microbrewery,14.2,0.06,Bannerghatta Road
1008812,Food Explorer,occasional,23,108188,918.0,Mid-range,1,0.7,Meat Shop,11.7,0.06,Koramangala 5th Block
1008813,Family,trial_only,33,152948,721.0,Mid-range,4,0.15,Casual Dining,78.0,0.15,BTM
1008814,Food Explorer,power_user,27,106481,870.0,Mid-range,1,0.7,Dhaba,0.3,0.01,BTM
1008815,Food Explorer,occasional,27,72854,392.0,Budget,1,0.7,Irani Cafe,27.6,0.06,Malleshwaram
1008816,Office Worker,trial_only,24,61133,568.0,Mid-range,1,0.2,Casual Dining,18.4,0.15,Koramangala 4th Block
1008817,Couple,occasional,30,141398,1611.0,Premium,3,0.3,Cafe,3.4,0.06,Ulsoor
1008818,Couple,power_user,42,95196,1031.0,Premium,4,0.3,Pub,4.8,0.01,Whitefield
1008819,Couple,occasional,29,110633,1347.0,Premium,1,0.3,Lounge,12.0,0.06,Koramangala 4th Block
1008820,Couple,occasional,43,114032,1280.0,Premium,2,0.3,Lounge,8.1,0.06,Jayanagar
1008821,Office Worker,regular,24,41092,502.0,Mid-range,2,0.2,Quick Bites,6.9,0.03,Kumaraswamy Layout
1008822,Office Worker,occasional,34,31362,578.0,Mid-range,1,0.2,Quick Bites,10.4,0.06,BTM
1008823,Family,trial_only,23,143430,995.0,Mid-range,4,0.15,Casual Dining,35.9,0.15,Yeshwantpur
1008824,Family,occasional,33,155319,903.0,Mid-range,2,0.15,Fine Dining,12.4,0.06,Hosur Road
1008825,Couple,regular,44,108243,1399.0,Premium,2,0.3,Microbrewery,4.6,0.03,Race Course Road
1008826,Couple,occasional,40,115749,819.0,Mid-range,5,0.3,Pub,14.5,0.06,Cunningham Road
1008827,Family,occasional,38,68017,792.0,Mid-range,3,0.15,Casual Dining,5.5,0.06,Jayanagar
1008828,Food Explorer,regular,34,53604,325.0,Budget,2,0.7,Delivery,9.4,0.03,Ejipura
1008829,Student,occasional,22,28442,299.0,Budget,2,0.35,Cafe,12.7,0.06,Whitefield
1008830,Food Explorer,regular,37,90856,879.0,Mid-range,1,0.7,Bakery,15.2,0.03,Jayanagar
1008831,Student,trial_only,22,14946,299.0,Budget,1,0.35,Dessert Parlor,39.4,0.15,Jalahalli
1008832,Family,occasional,38,131936,299.0,Budget,6,0.15,Casual Dining,19.2,0.06,JP Nagar
1008833,Student,trial_only,18,10878,216.0,Budget,2,0.35,Bakery,42.3,0.15,Indiranagar
1008834,Family,occasional,54,154560,916.0,Mid-range,6,0.15,Fine Dining,31.3,0.06,Banaswadi
1008835,Office Worker,regular,33,31608,396.0,Budget,1,0.2,Quick Bites,6.5,0.03,Kammanahalli
1008836,Student,occasional,20,30937,363.0,Budget,2,0.35,Dessert Parlor,2.3,0.06,Jayanagar
1008837,Family,power_user,24,86849,559.0,Mid-range,2,0.15,Cafe,3.8,0.01,Church Street
1008838,Family,occasional,41,90410,876.0,Mid-range,2,0.15,Dessert Parlor,13.7,0.06,Koramangala 7th Block
1008839,Student,power_user,23,33146,335.0,Budget,1,0.35,Quick Bites,1.7,0.01,Banashankari
1008840,Family,occasional,49,157738,958.0,Mid-range,5,0.15,Casual Dining,4.9,0.06,Old Airport Road
1008841,Student,occasional,24,18413,248.0,Budget,1,0.35,Quick Bites,5.5,0.06,Bannerghatta Road
1008842,Student,regular,24,14552,362.0,Budget,1,0.35,Beverage Shop,7.5,0.03,HSR
1008843,Student,regular,22,12740,421.0,Budget,2,0.35,Cafe,4.4,0.03,Domlur
1008844,Family,regular,54,107305,345.0,Budget,4,0.15,Cafe,6.4,0.03,Sarjapur Road
1008845,Couple,regular,25,108099,1216.0,Premium,1,0.3,Cafe,2.5,0.03,Nagawara
1008846,Family,regular,34,119118,439.0,Budget,4,0.15,Casual Dining,14.0,0.03,Koramangala 4th Block
1008847,Couple,trial_only,34,139670,942.0,Mid-range,4,0.3,Fine Dining,10.6,0.15,HSR
1008848,Family,trial_only,45,156592,644.0,Mid-range,5,0.15,Fine Dining,33.9,0.15,Indiranagar
1008849,Couple,trial_only,30,76028,1180.0,Premium,3,0.3,Cafe,31.7,0.15,New BEL Road
1008850,Food Explorer,regular,27,112087,694.0,Mid-range,1,0.7,Delivery,8.0,0.03,Indiranagar
1008851,Office Worker,regular,39,57710,540.0,Mid-range,1,0.2,Casual Dining,1.2,0.03,Lavelle Road
1008852,Student,occasional,22,10430,321.0,Budget,1,0.35,Quick Bites,28.7,0.06,Jeevan Bhima Nagar
1008853,Student,occasional,22,31286,354.0,Budget,1,0.35,Quick Bites,12.4,0.06,Bellandur
1008854,Family,occasional,26,148470,584.0,Mid-range,2,0.15,Cafe,6.6,0.06,Church Street
1008855,Office Worker,occasional,32,51319,556.0,Mid-range,1,0.2,Delivery,24.1,0.06,Whitefield
1008856,Student,occasional,20,31938,100.0,Budget,1,0.35,Dessert Parlor,15.6,0.06,Bannerghatta Road
1008857,Couple,occasional,37,140575,1658.0,Premium,1,0.3,Cafe,13.5,0.06,Brookefield
1008858,Food Explorer,trial_only,39,116345,937.0,Mid-range,2,0.7,Bhojanalya,46.1,0.15,Koramangala 5th Block
1008859,Office Worker,regular,28,84754,525.0,Mid-range,2,0.2,Casual Dining,0.7,0.03,Jayanagar
1008860,Student,trial_only,23,16697,478.0,Budget,1,0.35,Quick Bites,11.3,0.15,Indiranagar
1008861,Student,occasional,22,23940,156.0,Budget,1,0.35,Quick Bites,29.4,0.06,Majestic
1008862,Office Worker,regular,31,40377,528.0,Mid-range,1,0.2,Quick Bites,2.8,0.03,Koramangala 1st Block
1008863,Couple,trial_only,44,118170,1241.0,Premium,2,0.3,Fine Dining,34.0,0.15,Indiranagar
1008864,Family,trial_only,25,119873,849.0,Mid-range,5,0.15,Fine Dining,36.6,0.15,Indiranagar
1008865,Student,occasional,22,31983,207.0,Budget,2,0.35,Quick Bites,15.3,0.06,Marathahalli
1008866,Office Worker,regular,30,84061,489.0,Budget,1,0.2,Casual Dining,8.3,0.03,Indiranagar
1008867,Student,regular,22,17947,328.0,Budget,2,0.35,Quick Bites,3.9,0.03,Indiranagar
1008868,Office Worker,occasional,25,48937,381.0,Budget,1,0.2,Quick Bites,12.8,0.06,Bellandur
1008869,Office Worker,regular,36,31919,443.0,Budget,1,0.2,Food Court,4.9,0.03,Richmond Road
1008870,Family,regular,22,120607,537.0,Mid-range,4,0.15,Food Court,4.7,0.03,Whitefield
1008871,Office Worker,regular,29,53082,410.0,Budget,1,0.2,Quick Bites,3.0,0.03,Sarjapur Road
1008872,Couple,power_user,43,149556,1488.0,Premium,1,0.3,Cafe,3.2,0.01,Residency Road
1008873,Student,occasional,22,30444,378.0,Budget,1,0.35,Quick Bites,24.4,0.06,JP Nagar
1008874,Couple,occasional,34,95603,1431.0,Premium,1,0.3,Lounge,5.7,0.06,Frazer Town
1008875,Student,power_user,20,24196,377.0,Budget,1,0.35,Cafe,3.1,0.01,Ulsoor
1008876,Office Worker,occasional,24,67695,547.0,Mid-range,3,0.2,Food Court,0.7,0.06,Indiranagar
1008877,Couple,power_user,26,140300,1007.0,Premium,1,0.3,Fine Dining,2.0,0.01,Koramangala 4th Block
1008878,Family,power_user,45,179472,868.0,Mid-range,6,0.15,Casual Dining,3.8,0.01,Old Madras Road
1008879,Student,occasional,19,20456,387.0,Budget,3,0.35,Bakery,5.7,0.06,Brigade Road
1008880,Office Worker,occasional,24,52035,312.0,Budget,1,0.2,Cafe,1.7,0.06,Lavelle Road
1008881,Family,regular,35,145568,523.0,Mid-range,3,0.15,Casual Dining,8.2,0.03,Malleshwaram
1008882,Food Explorer,occasional,29,61834,240.0,Budget,1,0.7,Cafe,9.0,0.06,Banaswadi
1008883,Family,regular,54,76861,443.0,Budget,5,0.15,Dessert Parlor,2.1,0.03,BTM
1008884,Student,occasional,19,17068,216.0,Budget,1,0.35,Beverage Shop,4.4,0.06,Koramangala 8th Block
1008885,Office Worker,regular,27,48978,397.0,Budget,1,0.2,Cafe,6.1,0.03,Koramangala 5th Block
1008886,Student,occasional,19,25425,421.0,Budget,1,0.35,Quick Bites,11.2,0.06,Indiranagar
1008887,Student,occasional,19,28391,265.0,Budget,1,0.35,Quick Bites,5.9,0.06,Richmond Road
1008888,Family,regular,39,79524,497.0,Budget,3,0.15,Fine Dining,4.8,0.03,Jayanagar
1008889,Couple,occasional,28,54497,1250.0,Premium,5,0.3,Cafe,20.0,0.06,Electronic City
1008890,Student,occasional,23,14113,285.0,Budget,3,0.35,Quick Bites,17.9,0.06,Marathahalli
1008891,Couple,power_user,41,141136,965.0,Mid-range,1,0.3,Cafe,0.5,0.01,Koramangala 8th Block
1008892,Family,occasional,37,91216,682.0,Mid-range,5,0.15,Fine Dining,18.1,0.06,Indiranagar
1008893,Couple,occasional,29,102826,1520.0,Premium,2,0.3,Fine Dining,4.3,0.06,Koramangala 5th Block
1008894,Student,regular,23,23523,187.0,Budget,1,0.35,Beverage Shop,13.5,0.03,HSR
1008895,Office Worker,trial_only,40,46681,283.0,Budget,1,0.2,Quick Bites,26.4,0.15,BTM
1008896,Student,regular,24,31105,337.0,Budget,2,0.35,Food Court,3.6,0.03,Vasanth Nagar
1008897,Student,occasional,24,11629,251.0,Budget,1,0.35,Quick Bites,27.0,0.06,Residency Road
1008898,Office Worker,trial_only,37,61756,605.0,Mid-range,2,0.2,Delivery,58.7,0.15,Koramangala 4th Block
1008899,Office Worker,trial_only,36,54819,435.0,Budget,1,0.2,Cafe,43.3,0.15,Banaswadi
1008900,Student,occasional,24,29566,292.0,Budget,1,0.35,Quick Bites,7.9,0.06,Koramangala 4th Block
1008901,Student,occasional,20,14930,363.0,Budget,2,0.35,Bakery,6.1,0.06,Ejipura
1008902,Food Explorer,regular,39,116605,182.0,Budget,1,0.7,Irani Cafe,22.4,0.03,Whitefield
1008903,Couple,regular,24,129244,1301.0,Premium,2,0.3,Lounge,7.0,0.03,Banashankari
1008904,Office Worker,trial_only,37,74400,413.0,Budget,1,0.2,Delivery,12.2,0.15,Church Street
1008905,Food Explorer,regular,28,79565,857.0,Mid-range,1,0.7,Fine Dining,5.3,0.03,BTM
1008906,Student,trial_only,20,26070,248.0,Budget,2,0.35,Quick Bites,19.8,0.15,Koramangala 5th Block
1008907,Office Worker,power_user,35,42461,468.0,Budget,1,0.2,Quick Bites,2.1,0.01,Rajajinagar
1008908,Couple,regular,27,50819,1092.0,Premium,3,0.3,Cafe,1.2,0.03,BTM
1008909,Office Worker,regular,40,74741,491.0,Budget,2,0.2,Delivery,3.6,0.03,Church Street
1008910,Student,occasional,23,21210,280.0,Budget,1,0.35,Beverage Shop,16.6,0.06,Sarjapur Road
1008911,Office Worker,power_user,23,51150,476.0,Budget,1,0.2,Casual Dining,0.7,0.01,Sarjapur Road
1008912,Office Worker,regular,38,46083,625.0,Mid-range,1,0.2,Casual Dining,4.1,0.03,Koramangala 6th Block
1008913,Family,trial_only,23,134448,743.0,Mid-range,4,0.15,Casual Dining,62.5,0.15,New BEL Road
1008914,Office Worker,occasional,37,60745,490.0,Budget,1,0.2,Delivery,16.0,0.06,Richmond Road
1008915,Office Worker,occasional,37,70504,679.0,Mid-range,1,0.2,Casual Dining,11.5,0.06,Whitefield
1008916,Office Worker,regular,34,87066,489.0,Budget,1,0.2,Casual Dining,3.2,0.03,New BEL Road
1008917,Office Worker,regular,33,80128,207.0,Budget,1,0.2,Food Court,4.1,0.03,Richmond Road
1008918,Student,occasional,23,18011,247.0,Budget,2,0.35,Dessert Parlor,15.7,0.06,Shivajinagar
1008919,Couple,power_user,42,74181,839.0,Mid-range,1,0.3,Lounge,1.0,0.01,Shanti Nagar
1008920,Family,regular,45,79294,984.0,Mid-range,3,0.15,Casual Dining,13.3,0.03,Jayanagar
1008921,Office Worker,trial_only,26,64145,441.0,Budget,2,0.2,Quick Bites,40.2,0.15,Koramangala 6th Block
1008922,Family,power_user,43,159108,1013.0,Premium,3,0.15,Casual Dining,2.6,0.01,Brookefield
1008923,Student,trial_only,19,16330,349.0,Budget,1,0.35,Cafe,43.2,0.15,Marathahalli
1008924,Office Worker,regular,23,89435,511.0,Mid-range,1,0.2,Cafe,17.7,0.03,Kaggadasapura
1008925,Office Worker,regular,25,55757,328.0,Budget,1,0.2,Cafe,1.2,0.03,Ulsoor
1008926,Office Worker,regular,31,76805,500.0,Budget,1,0.2,Food Court,4.0,0.03,Old Airport Road
1008927,Family,trial_only,54,95785,1073.0,Premium,4,0.15,Casual Dining,13.4,0.15,MG Road
1008928,Food Explorer,occasional,22,51071,238.0,Budget,2,0.7,Fine Dining,3.3,0.06,BTM
1008929,Office Worker,occasional,24,60765,418.0,Budget,1,0.2,Delivery,3.4,0.06,Brookefield
1008930,Office Worker,regular,24,63042,485.0,Budget,1,0.2,Casual Dining,9.5,0.03,JP Nagar
1008931,Family,trial_only,26,117396,820.0,Mid-range,3,0.15,Casual Dining,26.7,0.15,New BEL Road
1008932,Office Worker,occasional,32,54311,594.0,Mid-range,1,0.2,Cafe,36.2,0.06,Whitefield
1008933,Student,occasional,23,26250,358.0,Budget,3,0.35,Quick Bites,14.2,0.06,HSR
1008934,Food Explorer,occasional,22,90675,702.0,Mid-range,1,0.7,Dessert Parlor,18.1,0.06,Malleshwaram
1008935,Couple,occasional,41,65138,1445.0,Premium,1,0.3,Lounge,43.1,0.06,Bannerghatta Road
1008936,Food Explorer,occasional,39,93489,791.0,Mid-range,1,0.7,Cafe,23.2,0.06,BTM
1008937,Student,regular,18,18316,303.0,Budget,1,0.35,Bakery,2.4,0.03,Koramangala 8th Block
1008938,Student,trial_only,21,30178,272.0,Budget,1,0.35,Quick Bites,31.5,0.15,Koramangala 6th Block
1008939,Office Worker,regular,37,59865,549.0,Mid-range,1,0.2,Casual Dining,7.6,0.03,Koramangala 4th Block
1008940,Food Explorer,trial_only,35,59207,414.0,Budget,2,0.7,Sweet Shop,27.5,0.15,Marathahalli
1008941,Student,regular,19,14503,294.0,Budget,1,0.35,Quick Bites,4.2,0.03,Jayanagar
1008942,Student,regular,19,34117,207.0,Budget,2,0.35,Cafe,20.1,0.03,Koramangala 5th Block
1008943,Student,regular,21,27967,359.0,Budget,1,0.35,Cafe,3.4,0.03,BTM
1008944,Couple,occasional,42,71469,1570.0,Premium,2,0.3,Cafe,6.4,0.06,Brigade Road
1008945,Couple,regular,44,100173,919.0,Mid-range,2,0.3,Cafe,2.5,0.03,MG Road
1008946,Family,trial_only,37,74891,769.0,Mid-range,4,0.15,Fine Dining,47.6,0.15,Koramangala 6th Block
1008947,Student,occasional,21,30855,262.0,Budget,1,0.35,Food Court,21.0,0.06,CV Raman Nagar
1008948,Family,regular,40,159465,1015.0,Premium,3,0.15,Casual Dining,4.7,0.03,Basavanagudi
1008949,Office Worker,occasional,31,78193,592.0,Mid-range,1,0.2,Casual Dining,10.9,0.06,Cunningham Road
1008950,Student,occasional,22,21581,262.0,Budget,1,0.35,Dessert Parlor,20.8,0.06,BTM
1008951,Office Worker,trial_only,27,39954,141.0,Budget,3,0.2,Quick Bites,0.5,0.15,BTM
1008952,Office Worker,regular,32,59414,565.0,Mid-range,1,0.2,Quick Bites,1.7,0.03,HSR
1008953,Office Worker,trial_only,34,60625,455.0,Budget,1,0.2,Casual Dining,29.5,0.15,MG Road
1008954,Food Explorer,power_user,32,65499,612.0,Mid-range,1,0.7,Kiosk,3.8,0.01,Vasanth Nagar
1008955,Office Worker,occasional,40,52667,546.0,Mid-range,1,0.2,Casual Dining,18.0,0.06,JP Nagar
1008956,Office Worker,occasional,36,32784,414.0,Budget,2,0.2,Quick Bites,26.3,0.06,Domlur
1008957,Family,regular,46,122798,674.0,Mid-range,5,0.15,Cafe,16.2,0.03,JP Nagar
1008958,Family,power_user,49,83232,729.0,Mid-range,4,0.15,Fine Dining,2.7,0.01,Kalyan Nagar
1008959,Student,occasional,21,31021,339.0,Budget,1,0.35,Food Court,37.2,0.06,BTM
1008960,Family,regular,31,151396,976.0,Mid-range,2,0.15,Cafe,15.2,0.03,Jayanagar
1008961,Student,regular,21,25093,431.0,Budget,2,0.35,Dessert Parlor,3.0,0.03,Brigade Road
1008962,Office Worker,regular,39,43464,490.0,Budget,1,0.2,Casual Dining,3.1,0.03,Sarjapur Road
1008963,Family,occasional,51,140154,771.0,Mid-range,3,0.15,Dessert Parlor,10.8,0.06,Jayanagar
1008964,Family,regular,32,179120,977.0,Mid-range,5,0.15,Fine Dining,0.8,0.03,Electronic City
1008965,Office Worker,occasional,31,67837,353.0,Budget,2,0.2,Quick Bites,10.2,0.06,BTM
1008966,Student,trial_only,19,29656,414.0,Budget,1,0.35,Dessert Parlor,12.0,0.15,Marathahalli
1008967,Office Worker,occasional,23,84026,471.0,Budget,1,0.2,Quick Bites,10.0,0.06,Marathahalli
1008968,Office Worker,occasional,28,80916,427.0,Budget,2,0.2,Delivery,48.5,0.06,BTM
1008969,Food Explorer,occasional,23,52976,358.0,Budget,1,0.7,Takeaway,7.5,0.06,Koramangala 6th Block
1008970,Office Worker,regular,29,82397,513.0,Mid-range,1,0.2,Quick Bites,3.4,0.03,Race Course Road
1008971,Couple,regular,25,126549,1116.0,Premium,2,0.3,Cafe,3.3,0.03,Koramangala 7th Block
1008972,Office Worker,regular,28,73134,441.0,Budget,1,0.2,Cafe,10.7,0.03,BTM
1008973,Couple,power_user,39,72789,699.0,Mid-range,1,0.3,Lounge,0.6,0.01,BTM
1008974,Student,regular,23,21655,265.0,Budget,1,0.35,Dessert Parlor,5.6,0.03,New BEL Road
1008975,Office Worker,occasional,38,84238,393.0,Budget,2,0.2,Casual Dining,20.3,0.06,Ulsoor
1008976,Student,regular,21,32926,333.0,Budget,2,0.35,Bakery,9.7,0.03,Banashankari
1008977,Student,regular,21,12884,279.0,Budget,1,0.35,Dessert Parlor,4.9,0.03,Shanti Nagar
1008978,Food Explorer,trial_only,40,74122,100.0,Budget,2,0.7,Pub,3.6,0.15,HSR
1008979,Family,regular,40,132731,717.0,Mid-range,3,0.15,Casual Dining,7.5,0.03,Sahakara Nagar
1008980,Family,occasional,23,71498,509.0,Mid-range,3,0.15,Casual Dining,5.0,0.06,Banashankari
1008981,Office Worker,regular,39,44762,346.0,Budget,1,0.2,Cafe,9.4,0.03,Hosur Road
1008982,Family,occasional,42,131573,1001.0,Premium,3,0.15,Fine Dining,12.1,0.06,Sarjapur Road
1008983,Family,power_user,43,138737,462.0,Budget,5,0.15,Casual Dining,3.1,0.01,Lavelle Road
1008984,Couple,power_user,26,60556,1288.0,Premium,4,0.3,Cafe,5.6,0.01,Koramangala 6th Block
1008985,Family,trial_only,36,110822,699.0,Mid-range,2,0.15,Cafe,20.1,0.15,JP Nagar
1008986,Family,occasional,36,138647,660.0,Mid-range,4,0.15,Fine Dining,37.1,0.06,Vasanth Nagar
1008987,Office Worker,power_user,37,89432,352.0,Budget,1,0.2,Quick Bites,2.4,0.01,Koramangala 1st Block
1008988,Food Explorer,regular,29,119803,680.0,Mid-range,3,0.7,Delivery,2.5,0.03,Indiranagar
1008989,Student,occasional,20,17767,335.0,Budget,4,0.35,Bakery,9.3,0.06,Domlur
1008990,Office Worker,regular,35,70513,277.0,Budget,2,0.2,Quick Bites,1.6,0.03,Bellandur
1008991,Couple,occasional,24,105267,1545.0,Premium,1,0.3,Fine Dining,6.5,0.06,Indiranagar
1008992,Student,occasional,23,15264,205.0,Budget,2,0.35,Cafe,13.7,0.06,Banaswadi
1008993,Student,occasional,18,22688,331.0,Budget,1,0.35,Beverage Shop,13.6,0.06,Marathahalli
1008994,Office Worker,trial_only,27,38271,332.0,Budget,1,0.2,Cafe,16.3,0.15,Marathahalli
1008995,Office Worker,regular,31,37211,404.0,Budget,1,0.2,Cafe,8.9,0.03,Domlur
1008996,Food Explorer,trial_only,25,68511,280.0,Budget,1,0.7,Mess,68.7,0.15,Residency Road
1008997,Couple,occasional,24,76140,1041.0,Premium,3,0.3,Microbrewery,3.7,0.06,JP Nagar
1008998,Office Worker,occasional,30,38746,430.0,Budget,2,0.2,Quick Bites,25.7,0.06,BTM
1008999,Food Explorer,occasional,35,44150,313.0,Budget,1,0.7,Bakery,3.1,0.06,Bellandur
1009000,Family,occasional,28,128363,863.0,Mid-range,7,0.15,Casual Dining,14.3,0.06,Koramangala 1st Block
1009001,Couple,power_user,30,50585,1334.0,Premium,2,0.3,Microbrewery,1.0,0.01,JP Nagar
1009002,Student,trial_only,22,29578,516.0,Mid-range,1,0.35,Dessert Parlor,44.0,0.15,Mysore Road
1009003,Office Worker,trial_only,40,34368,543.0,Mid-range,1,0.2,Quick Bites,37.0,0.15,Indiranagar
1009004,Student,regular,21,26454,394.0,Budget,1,0.35,Quick Bites,7.4,0.03,HSR
1009005,Student,occasional,21,13714,158.0,Budget,1,0.35,Cafe,19.0,0.06,HSR
1009006,Family,occasional,49,134064,408.0,Budget,3,0.15,Casual Dining,1.4,0.06,HSR
1009007,Student,trial_only,18,13565,276.0,Budget,2,0.35,Cafe,11.4,0.15,Indiranagar
1009008,Office Worker,occasional,40,56136,629.0,Mid-range,1,0.2,Quick Bites,4.8,0.06,Koramangala 5th Block
1009009,Family,power_user,37,139148,1295.0,Premium,6,0.15,Cafe,5.4,0.01,MG Road
1009010,Student,occasional,20,14318,245.0,Budget,1,0.35,Quick Bites,7.7,0.06,MG Road
1009011,Office Worker,power_user,34,37962,391.0,Budget,1,0.2,Casual Dining,4.3,0.01,HSR
1009012,Family,occasional,52,136534,909.0,Mid-range,3,0.15,Casual Dining,20.8,0.06,Lavelle Road
1009013,Couple,occasional,44,114094,1141.0,Premium,3,0.3,Fine Dining,13.0,0.06,Brookefield
1009014,Office Worker,occasional,36,55161,433.0,Budget,1,0.2,Cafe,1.1,0.06,Bannerghatta Road
1009015,Food Explorer,regular,31,49798,759.0,Mid-range,1,0.7,Pub,1.6,0.03,Jayanagar
1009016,Couple,occasional,27,80546,2015.0,Luxury,2,0.3,Lounge,8.6,0.06,Koramangala 5th Block
1009017,Family,occasional,26,86093,1061.0,Premium,2,0.15,Fine Dining,7.7,0.06,Bellandur
1009018,Office Worker,regular,38,69557,637.0,Mid-range,2,0.2,Casual Dining,9.3,0.03,Electronic City
1009019,Family,regular,24,96063,431.0,Budget,7,0.15,Casual Dining,5.5,0.03,Bannerghatta Road
1009020,Couple,regular,34,87853,1522.0,Premium,3,0.3,Fine Dining,4.9,0.03,Koramangala 5th Block
1009021,Office Worker,trial_only,30,45679,355.0,Budget,1,0.2,Quick Bites,23.3,0.15,HSR
1009022,Food Explorer,occasional,35,53466,1019.0,Premium,1,0.7,Lounge,17.4,0.06,Shivajinagar
1009023,Food Explorer,occasional,28,104938,939.0,Mid-range,1,0.7,Bar,9.7,0.06,Koramangala 5th Block
1009024,Office Worker,occasional,35,59011,510.0,Mid-range,1,0.2,Quick Bites,25.2,0.06,Domlur
1009025,Family,trial_only,38,128546,651.0,Mid-range,4,0.15,Fine Dining,18.2,0.15,Banashankari
1009026,Office Worker,occasional,38,47351,402.0,Budget,1,0.2,Food Court,42.7,0.06,Kalyan Nagar
1009027,Couple,power_user,28,58744,1079.0,Premium,1,0.3,Lounge,1.7,0.01,Marathahalli
1009028,Couple,regular,40,123349,1429.0,Premium,2,0.3,Lounge,4.4,0.03,HSR
1009029,Student,power_user,23,28053,332.0,Budget,2,0.35,Dessert Parlor,1.0,0.01,Bellandur
1009030,Student,trial_only,23,11176,414.0,Budget,2,0.35,Cafe,25.5,0.15,Ulsoor
1009031,Office Worker,occasional,31,83178,611.0,Mid-range,1,0.2,Cafe,9.9,0.06,Koramangala 1st Block
1009032,Food Explorer,occasional,28,108228,389.0,Budget,2,0.7,Fine Dining,7.1,0.06,Ejipura
1009033,Office Worker,occasional,32,80923,498.0,Budget,1,0.2,Food Court,5.2,0.06,HSR
1009034,Couple,trial_only,45,96135,1339.0,Premium,2,0.3,Lounge,3.8,0.15,Basavanagudi
1009035,Office Worker,trial_only,26,71629,440.0,Budget,1,0.2,Casual Dining,46.3,0.15,Koramangala 7th Block
1009036,Office Worker,occasional,34,30956,544.0,Mid-range,1,0.2,Casual Dining,6.7,0.06,Koramangala 4th Block
1009037,Food Explorer,regular,26,87873,723.0,Mid-range,2,0.7,Kiosk,4.4,0.03,Koramangala 5th Block
1009038,Family,regular,47,76003,685.0,Mid-range,4,0.15,Casual Dining,5.7,0.03,MG Road
1009039,Office Worker,occasional,30,84558,436.0,Budget,1,0.2,Quick Bites,3.2,0.06,Koramangala 7th Block
1009040,Student,occasional,24,33636,272.0,Budget,1,0.35,Cafe,24.2,0.06,"ITPL Main Road, Whitefield"
1009041,Student,occasional,19,13761,242.0,Budget,1,0.35,Cafe,1.4,0.06,Ulsoor
1009042,Student,regular,18,23425,293.0,Budget,1,0.35,Quick Bites,14.3,0.03,Koramangala 7th Block
1009043,Office Worker,occasional,40,65535,320.0,Budget,1,0.2,Casual Dining,23.9,0.06,JP Nagar
1009044,Family,regular,32,152226,895.0,Mid-range,4,0.15,Cafe,9.3,0.03,Koramangala 5th Block
1009045,Office Worker,regular,24,59327,590.0,Mid-range,1,0.2,Quick Bites,10.2,0.03,Electronic City
1009046,Student,trial_only,23,32070,304.0,Budget,1,0.35,Bakery,22.0,0.15,Malleshwaram
1009047,Office Worker,occasional,30,50728,545.0,Mid-range,1,0.2,Casual Dining,32.7,0.06,HSR
1009048,Office Worker,regular,39,49218,466.0,Budget,3,0.2,Casual Dining,13.1,0.03,Commercial Street
1009049,Food Explorer,regular,30,98331,344.0,Budget,2,0.7,Takeaway,9.2,0.03,Shivajinagar
1009050,Office Worker,occasional,36,62815,651.0,Mid-range,2,0.2,Cafe,0.7,0.06,BTM
1009051,Student,regular,22,12046,106.0,Budget,1,0.35,Food Court,6.4,0.03,New BEL Road
1009052,Family,regular,37,138039,802.0,Mid-range,2,0.15,Food Court,10.9,0.03,Koramangala 3rd Block
1009053,Food Explorer,occasional,31,62350,408.0,Budget,1,0.7,Fine Dining,12.8,0.06,Ulsoor
1009054,Couple,occasional,29,134159,1675.0,Premium,4,0.3,Fine Dining,16.6,0.06,Richmond Road
1009055,Couple,power_user,40,133648,1265.0,Premium,2,0.3,Pub,4.0,0.01,Koramangala 5th Block
1009056,Food Explorer,occasional,31,73607,1239.0,Premium,1,0.7,Bakery,3.6,0.06,Koramangala 7th Block
1009057,Family,occasional,20,162388,807.0,Mid-range,2,0.15,Casual Dining,27.0,0.06,Bellandur
1009058,Food Explorer,regular,29,116141,410.0,Budget,2,0.7,Lounge,15.5,0.03,Indiranagar
1009059,Student,regular,20,28236,163.0,Budget,2,0.35,Bakery,11.4,0.03,Koramangala 1st Block
1009060,Couple,regular,43,110712,1532.0,Premium,3,0.3,Lounge,10.4,0.03,BTM
1009061,Couple,regular,33,143302,950.0,Mid-range,1,0.3,Cafe,7.0,0.03,Whitefield
1009062,Food Explorer,trial_only,32,109910,495.0,Budget,1,0.7,Lounge,24.9,0.15,Jayanagar
1009063,Office Worker,occasional,24,58680,573.0,Mid-range,1,0.2,Cafe,5.7,0.06,Koramangala 5th Block
1009064,Couple,trial_only,32,58335,1516.0,Premium,4,0.3,Cafe,131.5,0.15,Koramangala 5th Block
1009065,Student,regular,19,25019,251.0,Budget,1,0.35,Quick Bites,8.0,0.03,Koramangala 7th Block
1009066,Family,occasional,37,115601,709.0,Mid-range,4,0.15,Casual Dining,7.3,0.06,Basaveshwara Nagar
1009067,Office Worker,occasional,39,51946,274.0,Budget,1,0.2,Cafe,12.5,0.06,Koramangala 7th Block
1009068,Family,occasional,53,81500,389.0,Budget,7,0.15,Fine Dining,22.0,0.06,Residency Road
1009069,Family,trial_only,30,145991,953.0,Mid-range,3,0.15,Fine Dining,20.3,0.15,Jayanagar
1009070,Office Worker,occasional,34,84713,537.0,Mid-range,1,0.2,Food Court,17.5,0.06,Koramangala 2nd Block
1009071,Student,occasional,24,24940,329.0,Budget,2,0.35,Dessert Parlor,9.7,0.06,Jayanagar
1009072,Office Worker,trial_only,27,44099,469.0,Budget,1,0.2,Quick Bites,44.0,0.15,Kumaraswamy Layout
1009073,Family,trial_only,35,60147,659.0,Mid-range,2,0.15,Cafe,29.3,0.15,Domlur
1009074,Family,trial_only,38,145558,1094.0,Premium,2,0.15,Casual Dining,43.0,0.15,Shanti Nagar
1009075,Family,regular,20,78917,443.0,Budget,2,0.15,Casual Dining,3.3,0.03,Majestic
1009076,Student,power_user,21,11571,263.0,Budget,3,0.35,Cafe,6.5,0.01,Domlur
1009077,Couple,regular,26,69723,1248.0,Premium,2,0.3,Fine Dining,3.9,0.03,Koramangala 3rd Block
1009078,Family,occasional,31,84101,800.0,Mid-range,3,0.15,Dessert Parlor,16.6,0.06,Koramangala 1st Block
1009079,Student,power_user,18,18485,300.0,Budget,2,0.35,Cafe,0.8,0.01,JP Nagar
1009080,Office Worker,regular,36,49191,398.0,Budget,1,0.2,Casual Dining,2.8,0.03,MG Road
1009081,Office Worker,occasional,38,41846,504.0,Mid-range,2,0.2,Quick Bites,6.5,0.06,Electronic City
1009082,Office Worker,regular,27,76913,328.0,Budget,2,0.2,Delivery,7.9,0.03,BTM
1009083,Student,occasional,18,30655,288.0,Budget,1,0.35,Quick Bites,12.1,0.06,Old Airport Road
1009084,Student,regular,21,16279,335.0,Budget,1,0.35,Cafe,4.3,0.03,BTM
1009085,Student,trial_only,18,19209,273.0,Budget,1,0.35,Cafe,15.0,0.15,Indiranagar
1009086,Student,regular,21,30422,300.0,Budget,1,0.35,Beverage Shop,15.7,0.03,BTM
1009087,Office Worker,occasional,32,87170,472.0,Budget,1,0.2,Quick Bites,10.6,0.06,Marathahalli
1009088,Couple,occasional,34,128861,672.0,Mid-range,2,0.3,Lounge,13.6,0.06,HSR
1009089,Office Worker,regular,32,63190,283.0,Budget,1,0.2,Cafe,2.2,0.03,Residency Road
1009090,Office Worker,regular,33,89533,463.0,Budget,1,0.2,Quick Bites,8.2,0.03,Richmond Road
1009091,Family,trial_only,25,147252,678.0,Mid-range,6,0.15,Casual Dining,51.9,0.15,BTM
1009092,Office Worker,occasional,35,70629,395.0,Budget,2,0.2,Quick Bites,22.3,0.06,Koramangala 5th Block
1009093,Student,power_user,22,10744,346.0,Budget,1,0.35,Quick Bites,0.5,0.01,HSR
1009094,Student,occasional,19,25936,221.0,Budget,2,0.35,Quick Bites,9.8,0.06,Kammanahalli
1009095,Student,regular,21,17199,107.0,Budget,1,0.35,Quick Bites,8.8,0.03,Koramangala 4th Block
1009096,Family,occasional,30,132184,1131.0,Premium,6,0.15,Fine Dining,18.4,0.06,Koramangala 1st Block
1009097,Office Worker,occasional,30,64381,571.0,Mid-range,2,0.2,Quick Bites,1.9,0.06,Commercial Street
1009098,Office Worker,occasional,36,36577,570.0,Mid-range,4,0.2,Casual Dining,4.3,0.06,Whitefield
1009099,Family,power_user,41,115361,576.0,Mid-range,2,0.15,Fine Dining,1.4,0.01,Indiranagar
1009100,Food Explorer,regular,39,81058,581.0,Mid-range,2,0.7,Casual Dining,9.5,0.03,Kammanahalli
1009101,Office Worker,power_user,33,32855,323.0,Budget,2,0.2,Quick Bites,2.2,0.01,BTM
1009102,Office Worker,regular,23,81089,444.0,Budget,1,0.2,Casual Dining,3.1,0.03,Malleshwaram
1009103,Office Worker,occasional,35,86253,415.0,Budget,1,0.2,Cafe,22.5,0.06,Koramangala 7th Block
1009104,Family,occasional,22,62502,584.0,Mid-range,4,0.15,Casual Dining,18.7,0.06,Electronic City
1009105,Family,power_user,32,74427,901.0,Mid-range,3,0.15,Casual Dining,3.9,0.01,BTM
1009106,Family,regular,53,75198,748.0,Mid-range,3,0.15,Cafe,4.0,0.03,Koramangala 5th Block
1009107,Student,occasional,24,21031,438.0,Budget,3,0.35,Bakery,1.1,0.06,Jayanagar
1009108,Office Worker,occasional,25,66033,459.0,Budget,1,0.2,Quick Bites,12.8,0.06,Banashankari
1009109,Couple,trial_only,45,74152,436.0,Budget,2,0.3,Lounge,11.8,0.15,JP Nagar
1009110,Office Worker,regular,40,80821,269.0,Budget,1,0.2,Cafe,13.4,0.03,West Bangalore
1009111,Food Explorer,regular,38,64844,1124.0,Premium,1,0.7,Bar,7.6,0.03,Koramangala 3rd Block
1009112,Office Worker,regular,37,48440,414.0,Budget,1,0.2,Quick Bites,2.1,0.03,Banaswadi
1009113,Office Worker,occasional,24,65283,474.0,Budget,2,0.2,Quick Bites,4.8,0.06,Richmond Road
1009114,Office Worker,occasional,25,82289,451.0,Budget,1,0.2,Quick Bites,7.4,0.06,Banaswadi
1009115,Office Worker,power_user,34,44937,592.0,Mid-range,1,0.2,Quick Bites,8.7,0.01,Frazer Town
1009116,Couple,power_user,26,83752,628.0,Mid-range,1,0.3,Cafe,4.2,0.01,Electronic City
1009117,Student,occasional,19,18468,406.0,Budget,2,0.35,Cafe,32.9,0.06,HSR
1009118,Family,regular,55,115855,1052.0,Premium,3,0.15,Cafe,1.0,0.03,Koramangala 5th Block
1009119,Family,occasional,52,111472,801.0,Mid-range,3,0.15,Casual Dining,7.9,0.06,Cunningham Road
1009120,Couple,regular,29,145304,1324.0,Premium,1,0.3,Fine Dining,14.9,0.03,Vasanth Nagar
1009121,Family,regular,39,77581,726.0,Mid-range,5,0.15,Casual Dining,18.5,0.03,Bellandur
1009122,Food Explorer,regular,32,73407,179.0,Budget,1,0.7,Lounge,10.7,0.03,Frazer Town
1009123,Couple,trial_only,29,75376,1374.0,Premium,1,0.3,Cafe,58.0,0.15,Banaswadi
1009124,Office Worker,power_user,27,65969,475.0,Budget,2,0.2,Casual Dining,2.4,0.01,Sarjapur Road
1009125,Couple,regular,33,128109,1280.0,Premium,1,0.3,Microbrewery,2.9,0.03,BTM
1009126,Food Explorer,trial_only,33,114838,721.0,Mid-range,1,0.7,Dhaba,55.4,0.15,BTM
1009127,Office Worker,regular,37,56260,390.0,Budget,2,0.2,Casual Dining,6.9,0.03,JP Nagar
1009128,Family,regular,50,91726,1099.0,Premium,2,0.15,Casual Dining,24.8,0.03,Whitefield
1009129,Office Worker,regular,23,87831,451.0,Budget,2,0.2,Food Court,1.2,0.03,Koramangala 5th Block
1009130,Family,occasional,43,71032,908.0,Mid-range,3,0.15,Casual Dining,13.0,0.06,Bellandur
1009131,Student,regular,22,13283,278.0,Budget,1,0.35,Dessert Parlor,5.8,0.03,Sarjapur Road
1009132,Family,trial_only,21,174964,1010.0,Premium,3,0.15,Fine Dining,74.4,0.15,Koramangala 5th Block
1009133,Office Worker,occasional,38,83186,460.0,Budget,1,0.2,Delivery,7.7,0.06,MG Road
1009134,Family,occasional,41,127180,783.0,Mid-range,4,0.15,Dessert Parlor,12.2,0.06,Kammanahalli
1009135,Student,regular,23,18215,397.0,Budget,1,0.35,Quick Bites,11.3,0.03,"ITPL Main Road, Whitefield"
1009136,Family,occasional,43,175901,455.0,Budget,5,0.15,Casual Dining,23.7,0.06,New BEL Road
1009137,Office Worker,trial_only,29,87493,422.0,Budget,2,0.2,Delivery,3.3,0.15,Frazer Town
1009138,Family,trial_only,27,164010,677.0,Mid-range,5,0.15,Casual Dining,26.6,0.15,HSR
1009139,Office Worker,power_user,29,76312,487.0,Budget,1,0.2,Delivery,1.6,0.01,Basavanagudi
1009140,Student,occasional,23,24866,325.0,Budget,1,0.35,Cafe,10.3,0.06,Richmond Road
1009141,Office Worker,occasional,34,52306,449.0,Budget,1,0.2,Casual Dining,24.6,0.06,Bannerghatta Road
1009142,Food Explorer,trial_only,33,77707,421.0,Budget,1,0.7,Cafe,38.3,0.15,"Varthur Main Road, Whitefield"
1009143,Student,regular,18,23564,298.0,Budget,2,0.35,Beverage Shop,7.0,0.03,Whitefield
1009144,Family,occasional,20,117630,865.0,Mid-range,5,0.15,Casual Dining,12.5,0.06,Rajajinagar
1009145,Student,occasional,22,31533,286.0,Budget,1,0.35,Cafe,5.7,0.06,Banashankari
1009146,Family,trial_only,54,79922,1022.0,Premium,5,0.15,Cafe,53.2,0.15,Jayanagar
1009147,Student,occasional,20,12073,349.0,Budget,2,0.35,Cafe,7.8,0.06,Koramangala 8th Block
1009148,Office Worker,trial_only,31,57214,452.0,Budget,2,0.2,Quick Bites,25.8,0.15,Indiranagar
1009149,Office Worker,regular,40,42416,215.0,Budget,2,0.2,Quick Bites,4.3,0.03,HSR
1009150,Student,regular,19,30544,283.0,Budget,2,0.35,Quick Bites,2.6,0.03,Bommanahalli
1009151,Office Worker,regular,32,80904,513.0,Mid-range,1,0.2,Food Court,1.8,0.03,Marathahalli
1009152,Office Worker,trial_only,24,89328,422.0,Budget,2,0.2,Casual Dining,78.4,0.15,Whitefield
1009153,Office Worker,regular,27,53166,480.0,Budget,1,0.2,Quick Bites,3.3,0.03,Whitefield
1009154,Food Explorer,occasional,29,116828,544.0,Mid-range,1,0.7,Dessert Parlor,1.1,0.06,HSR
1009155,Office Worker,trial_only,35,36081,473.0,Budget,1,0.2,Cafe,37.0,0.15,Banaswadi
1009156,Food Explorer,trial_only,27,116975,950.0,Mid-range,1,0.7,Kiosk,78.0,0.15,Whitefield
1009157,Office Worker,occasional,31,44764,529.0,Mid-range,1,0.2,Quick Bites,40.3,0.06,BTM
1009158,Student,occasional,20,10475,196.0,Budget,2,0.35,Quick Bites,10.9,0.06,Mysore Road
1009159,Student,regular,18,30637,167.0,Budget,1,0.35,Dessert Parlor,9.9,0.03,Malleshwaram
1009160,Office Worker,occasional,37,60946,494.0,Budget,3,0.2,Food Court,7.9,0.06,BTM
1009161,Office Worker,occasional,35,54773,567.0,Mid-range,1,0.2,Casual Dining,56.8,0.06,Race Course Road
1009162,Couple,occasional,38,70013,702.0,Mid-range,2,0.3,Cafe,8.4,0.06,Commercial Street
1009163,Family,regular,40,109877,758.0,Mid-range,3,0.15,Dessert Parlor,2.6,0.03,Sarjapur Road
1009164,Family,regular,24,133834,1275.0,Premium,3,0.15,Casual Dining,11.7,0.03,Koramangala 7th Block
1009165,Office Worker,occasional,32,38622,423.0,Budget,1,0.2,Cafe,28.0,0.06,Bellandur
1009166,Office Worker,occasional,35,86751,703.0,Mid-range,1,0.2,Quick Bites,10.9,0.06,MG Road
1009167,Family,trial_only,37,146839,635.0,Mid-range,2,0.15,Dessert Parlor,42.9,0.15,BTM
1009168,Student,occasional,23,31917,248.0,Budget,1,0.35,Quick Bites,12.5,0.06,Wilson Garden
1009169,Student,trial_only,20,11114,244.0,Budget,2,0.35,Dessert Parlor,1.3,0.15,BTM
1009170,Office Worker,occasional,32,81995,322.0,Budget,2,0.2,Casual Dining,7.2,0.06,BTM
1009171,Student,occasional,20,31644,165.0,Budget,2,0.35,Quick Bites,3.2,0.06,Shivajinagar
1009172,Family,occasional,55,103886,756.0,Mid-range,2,0.15,Casual Dining,14.1,0.06,Kalyan Nagar
1009173,Student,regular,19,24242,312.0,Budget,2,0.35,Bakery,7.7,0.03,Bellandur
1009174,Student,regular,19,22529,243.0,Budget,1,0.35,Cafe,5.5,0.03,JP Nagar
1009175,Food Explorer,trial_only,34,106089,481.0,Budget,1,0.7,Dhaba,2.4,0.15,Koramangala 6th Block
1009176,Food Explorer,regular,23,62555,962.0,Mid-range,2,0.7,Beverage Shop,4.8,0.03,Malleshwaram
1009177,Office Worker,occasional,32,85174,547.0,Mid-range,1,0.2,Quick Bites,21.8,0.06,Koramangala 5th Block
1009178,Office Worker,regular,23,63231,424.0,Budget,1,0.2,Casual Dining,15.7,0.03,Lavelle Road
1009179,Couple,occasional,35,50013,1329.0,Premium,2,0.3,Cafe,13.2,0.06,BTM
1009180,Student,regular,20,17584,169.0,Budget,4,0.35,Cafe,0.9,0.03,Church Street
1009181,Office Worker,occasional,26,38554,477.0,Budget,2,0.2,Quick Bites,8.7,0.06,Banashankari
1009182,Student,occasional,21,30219,295.0,Budget,1,0.35,Dessert Parlor,18.6,0.06,JP Nagar
1009183,Office Worker,regular,28,54548,413.0,Budget,1,0.2,Cafe,2.8,0.03,Marathahalli
1009184,Food Explorer,occasional,23,77154,608.0,Mid-range,3,0.7,Fine Dining,35.4,0.06,Koramangala 4th Block
1009185,Couple,trial_only,35,85016,1161.0,Premium,2,0.3,Cafe,22.9,0.15,Whitefield
1009186,Food Explorer,occasional,32,96032,272.0,Budget,2,0.7,Microbrewery,32.5,0.06,Jayanagar
1009187,Family,trial_only,43,179209,1136.0,Premium,3,0.15,Food Court,15.1,0.15,Brookefield
1009188,Family,occasional,52,164720,990.0,Mid-range,6,0.15,Cafe,4.7,0.06,BTM
1009189,Couple,occasional,39,148955,1084.0,Premium,2,0.3,Lounge,8.1,0.06,Richmond Road
1009190,Family,occasional,48,95970,448.0,Budget,4,0.15,Casual Dining,20.8,0.06,Jayanagar
1009191,Office Worker,trial_only,34,69861,204.0,Budget,1,0.2,Casual Dining,34.4,0.15,Whitefield
1009192,Office Worker,occasional,35,67326,650.0,Mid-range,1,0.2,Quick Bites,25.0,0.06,Indiranagar
1009193,Office Worker,regular,37,48147,433.0,Budget,1,0.2,Quick Bites,12.8,0.03,Commercial Street
1009194,Office Worker,trial_only,34,80749,526.0,Mid-range,2,0.2,Casual Dining,20.7,0.15,Cunningham Road
1009195,Office Worker,trial_only,32,85177,355.0,Budget,1,0.2,Quick Bites,59.4,0.15,Brigade Road
1009196,Student,occasional,23,33769,275.0,Budget,2,0.35,Cafe,2.6,0.06,JP Nagar
1009197,Family,regular,54,178552,749.0,Mid-range,6,0.15,Dessert Parlor,14.3,0.03,Ejipura
1009198,Student,occasional,21,14076,319.0,Budget,1,0.35,Cafe,15.7,0.06,Whitefield
1009199,Office Worker,occasional,27,38836,459.0,Budget,1,0.2,Quick Bites,37.4,0.06,Koramangala 1st Block
1009200,Office Worker,regular,30,70885,358.0,Budget,1,0.2,Quick Bites,5.9,0.03,Koramangala 1st Block
1009201,Student,occasional,18,28142,225.0,Budget,1,0.35,Cafe,17.1,0.06,Koramangala 4th Block
1009202,Food Explorer,occasional,27,74817,580.0,Mid-range,1,0.7,Fine Dining,22.4,0.06,Banashankari
1009203,Office Worker,regular,38,39795,275.0,Budget,1,0.2,Casual Dining,6.7,0.03,Richmond Road
1009204,Office Worker,occasional,24,47131,368.0,Budget,1,0.2,Food Court,8.0,0.06,Brookefield
1009205,Student,regular,24,13209,288.0,Budget,1,0.35,Food Court,14.4,0.03,Indiranagar
1009206,Couple,occasional,36,65773,1319.0,Premium,4,0.3,Fine Dining,11.0,0.06,Shanti Nagar
1009207,Family,power_user,31,82551,1101.0,Premium,2,0.15,Casual Dining,4.0,0.01,Koramangala 4th Block
1009208,Office Worker,trial_only,31,65123,402.0,Budget,1,0.2,Quick Bites,10.5,0.15,Hosur Road
1009209,Student,regular,24,22830,303.0,Budget,2,0.35,Quick Bites,6.3,0.03,Koramangala 6th Block
1009210,Family,trial_only,24,100090,427.0,Budget,5,0.15,Cafe,56.1,0.15,Church Street
1009211,Food Explorer,occasional,32,83428,684.0,Mid-range,2,0.7,Pub,21.7,0.06,HSR
1009212,Office Worker,regular,27,70077,359.0,Budget,1,0.2,Cafe,7.5,0.03,BTM
1009213,Student,trial_only,21,12437,275.0,Budget,1,0.35,Bakery,6.2,0.15,Koramangala 5th Block
1009214,Student,occasional,23,17025,338.0,Budget,1,0.35,Quick Bites,18.0,0.06,Whitefield
1009215,Student,occasional,24,15029,341.0,Budget,1,0.35,Dessert Parlor,6.8,0.06,Shivajinagar
1009216,Family,trial_only,29,60070,509.0,Mid-range,2,0.15,Casual Dining,28.9,0.15,Whitefield
1009217,Food Explorer,trial_only,34,49282,800.0,Mid-range,2,0.7,Lounge,49.8,0.15,HSR
1009218,Food Explorer,occasional,30,101378,590.0,Mid-range,1,0.7,Bakery,3.0,0.06,BTM
1009219,Couple,trial_only,35,137560,1580.0,Premium,4,0.3,Fine Dining,37.3,0.15,HSR
1009220,Student,regular,19,14033,417.0,Budget,1,0.35,Bakery,9.5,0.03,MG Road
1009221,Food Explorer,regular,38,101380,1002.0,Premium,1,0.7,Club,2.6,0.03,Marathahalli
1009222,Office Worker,power_user,26,45150,308.0,Budget,1,0.2,Delivery,2.8,0.01,Koramangala 5th Block
1009223,Office Worker,regular,23,38396,490.0,Budget,2,0.2,Quick Bites,5.7,0.03,BTM
1009224,Family,occasional,47,88242,485.0,Budget,3,0.15,Fine Dining,3.9,0.06,Basaveshwara Nagar
1009225,Student,regular,20,32984,404.0,Budget,1,0.35,Cafe,3.9,0.03,HSR
1009226,Couple,occasional,25,84224,1633.0,Premium,2,0.3,Cafe,9.6,0.06,Koramangala 7th Block
1009227,Food Explorer,power_user,34,99261,845.0,Mid-range,1,0.7,Lounge,5.2,0.01,Koramangala 7th Block
1009228,Couple,regular,30,98534,1073.0,Premium,2,0.3,Cafe,9.6,0.03,Bannerghatta Road
1009229,Couple,occasional,45,93577,1363.0,Premium,1,0.3,Fine Dining,19.8,0.06,Ulsoor
1009230,Office Worker,regular,40,78747,395.0,Budget,1,0.2,Quick Bites,9.1,0.03,Jayanagar
1009231,Student,occasional,21,34787,301.0,Budget,1,0.35,Quick Bites,25.3,0.06,HSR
1009232,Couple,occasional,34,115022,1172.0,Premium,4,0.3,Cafe,4.9,0.06,Indiranagar
1009233,Family,occasional,36,161948,400.0,Budget,6,0.15,Fine Dining,7.2,0.06,Koramangala 2nd Block
1009234,Food Explorer,trial_only,33,51680,398.0,Budget,2,0.7,Cafe,52.6,0.15,Richmond Road
1009235,Student,trial_only,24,32519,482.0,Budget,3,0.35,Quick Bites,24.1,0.15,Indiranagar
1009236,Office Worker,power_user,34,41020,441.0,Budget,1,0.2,Quick Bites,2.7,0.01,Koramangala 5th Block
1009237,Office Worker,occasional,24,41430,466.0,Budget,2,0.2,Quick Bites,4.8,0.06,MG Road
1009238,Family,regular,27,161648,798.0,Mid-range,5,0.15,Casual Dining,2.5,0.03,Marathahalli
1009239,Couple,regular,37,98287,1077.0,Premium,2,0.3,Fine Dining,13.2,0.03,JP Nagar
1009240,Food Explorer,occasional,29,59988,609.0,Mid-range,1,0.7,Microbrewery,32.8,0.06,Bellandur
1009241,Office Worker,occasional,31,31635,409.0,Budget,1,0.2,Quick Bites,11.1,0.06,Whitefield
1009242,Office Worker,trial_only,30,43121,222.0,Budget,1,0.2,Quick Bites,140.2,0.15,Indiranagar
1009243,Student,occasional,22,30609,363.0,Budget,2,0.35,Bakery,12.0,0.06,Whitefield
1009244,Office Worker,occasional,27,30214,611.0,Mid-range,1,0.2,Food Court,29.6,0.06,Ulsoor
1009245,Office Worker,occasional,24,85214,334.0,Budget,1,0.2,Food Court,16.1,0.06,Shanti Nagar
1009246,Family,regular,28,152889,717.0,Mid-range,2,0.15,Fine Dining,4.8,0.03,Koramangala 6th Block
1009247,Office Worker,power_user,35,42280,600.0,Mid-range,2,0.2,Quick Bites,3.9,0.01,Shanti Nagar
1009248,Office Worker,occasional,33,74307,373.0,Budget,2,0.2,Quick Bites,4.6,0.06,MG Road
1009249,Family,occasional,49,122220,878.0,Mid-range,4,0.15,Casual Dining,32.7,0.06,Sarjapur Road
1009250,Couple,regular,26,84761,2498.0,Luxury,1,0.3,Fine Dining,4.3,0.03,Infantry Road
1009251,Student,regular,18,22635,351.0,Budget,1,0.35,Quick Bites,6.2,0.03,New BEL Road
1009252,Office Worker,regular,25,30438,457.0,Budget,1,0.2,Quick Bites,3.7,0.03,Koramangala 5th Block
1009253,Family,occasional,40,165650,976.0,Mid-range,6,0.15,Casual Dining,15.2,0.06,Koramangala 4th Block
1009254,Couple,regular,36,128558,1433.0,Premium,2,0.3,Microbrewery,4.5,0.03,HSR
1009255,Couple,regular,27,67948,1001.0,Premium,2,0.3,Cafe,5.3,0.03,BTM
1009256,Student,power_user,21,12484,161.0,Budget,2,0.35,Quick Bites,1.9,0.01,Bannerghatta Road
1009257,Office Worker,regular,23,55406,509.0,Mid-range,1,0.2,Quick Bites,0.9,0.03,Whitefield
1009258,Food Explorer,occasional,33,76837,786.0,Mid-range,1,0.7,Food Truck,16.6,0.06,Wilson Garden
1009259,Office Worker,trial_only,33,76347,420.0,Budget,1,0.2,Quick Bites,15.3,0.15,Ejipura
1009260,Office Worker,regular,23,80409,615.0,Mid-range,1,0.2,Casual Dining,10.9,0.03,MG Road
1009261,Food Explorer,occasional,23,45098,961.0,Mid-range,2,0.7,Fine Dining,7.1,0.06,BTM
1009262,Student,occasional,22,16107,362.0,Budget,2,0.35,Food Court,10.3,0.06,HSR
1009263,Family,occasional,52,130357,744.0,Mid-range,4,0.15,Casual Dining,18.5,0.06,Whitefield
1009264,Couple,regular,42,87967,573.0,Mid-range,4,0.3,Cafe,8.4,0.03,MG Road
1009265,Student,power_user,21,34768,286.0,Budget,1,0.35,Dessert Parlor,0.0,0.01,Koramangala 6th Block
1009266,Family,trial_only,38,139303,433.0,Budget,3,0.15,Fine Dining,12.3,0.15,BTM
1009267,Office Worker,trial_only,37,49354,214.0,Budget,2,0.2,Casual Dining,22.4,0.15,Frazer Town
1009268,Couple,regular,42,117316,1394.0,Premium,1,0.3,Fine Dining,1.0,0.03,BTM
1009269,Food Explorer,occasional,39,74441,893.0,Mid-range,2,0.7,Pop Up,3.2,0.06,Frazer Town
1009270,Couple,power_user,32,96271,615.0,Mid-range,1,0.3,Cafe,3.6,0.01,Basaveshwara Nagar
1009271,Student,power_user,21,27869,279.0,Budget,3,0.35,Beverage Shop,3.1,0.01,Marathahalli
1009272,Couple,power_user,25,93375,1195.0,Premium,1,0.3,Cafe,6.2,0.01,Lavelle Road
1009273,Food Explorer,occasional,25,95718,527.0,Mid-range,1,0.7,Cafe,23.3,0.06,Kaggadasapura
1009274,Family,regular,33,110341,524.0,Mid-range,2,0.15,Casual Dining,3.0,0.03,BTM
1009275,Family,regular,49,131315,1066.0,Premium,5,0.15,Cafe,13.4,0.03,BTM
1009276,Student,power_user,21,22151,192.0,Budget,1,0.35,Cafe,4.7,0.01,Brigade Road
1009277,Couple,power_user,36,107382,615.0,Mid-range,1,0.3,Cafe,2.0,0.01,Yeshwantpur
1009278,Student,regular,24,18666,190.0,Budget,2,0.35,Bakery,5.8,0.03,MG Road
1009279,Office Worker,occasional,31,37197,498.0,Budget,1,0.2,Food Court,14.7,0.06,JP Nagar
1009280,Food Explorer,occasional,28,60513,533.0,Mid-range,2,0.7,Food Court,12.3,0.06,Indiranagar
1009281,Food Explorer,occasional,35,68492,407.0,Budget,1,0.7,Bakery,16.8,0.06,BTM
1009282,Food Explorer,occasional,27,65284,732.0,Mid-range,2,0.7,Food Court,2.3,0.06,Koramangala 5th Block
1009283,Office Worker,occasional,29,55285,483.0,Budget,1,0.2,Casual Dining,7.8,0.06,New BEL Road
1009284,Student,regular,24,21944,115.0,Budget,1,0.35,Quick Bites,1.6,0.03,Vijay Nagar
1009285,Office Worker,regular,30,45109,502.0,Mid-range,2,0.2,Quick Bites,3.2,0.03,Wilson Garden
1009286,Student,trial_only,19,19553,394.0,Budget,3,0.35,Cafe,32.4,0.15,Indiranagar
1009287,Couple,occasional,42,78232,1163.0,Premium,2,0.3,Pub,15.7,0.06,Bommanahalli
1009288,Family,occasional,43,130265,753.0,Mid-range,5,0.15,Casual Dining,15.6,0.06,JP Nagar
1009289,Office Worker,regular,36,58569,639.0,Mid-range,1,0.2,Casual Dining,14.7,0.03,JP Nagar
1009290,Student,regular,20,25779,243.0,Budget,1,0.35,Food Court,6.7,0.03,HSR
1009291,Office Worker,power_user,37,55915,433.0,Budget,1,0.2,Cafe,2.2,0.01,Frazer Town
1009292,Couple,trial_only,44,149615,1299.0,Premium,2,0.3,Fine Dining,25.0,0.15,Whitefield
1009293,Family,occasional,25,118170,810.0,Mid-range,7,0.15,Casual Dining,1.2,0.06,Koramangala 1st Block
1009294,Student,power_user,19,25379,278.0,Budget,1,0.35,Beverage Shop,3.4,0.01,Jayanagar
1009295,Student,regular,21,21053,307.0,Budget,1,0.35,Dessert Parlor,3.2,0.03,HSR
1009296,Office Worker,regular,36,74078,607.0,Mid-range,1,0.2,Quick Bites,12.0,0.03,Koramangala 5th Block
1009297,Student,regular,18,23968,365.0,Budget,1,0.35,Quick Bites,1.7,0.03,Koramangala 5th Block
1009298,Food Explorer,occasional,32,47842,581.0,Mid-range,1,0.7,Kiosk,18.1,0.06,JP Nagar
1009299,Family,regular,24,147524,627.0,Mid-range,6,0.15,Casual Dining,9.1,0.03,Jayanagar
1009300,Student,trial_only,24,29011,242.0,Budget,1,0.35,Quick Bites,78.1,0.15,Brigade Road
1009301,Couple,occasional,39,90244,1485.0,Premium,2,0.3,Lounge,15.5,0.06,JP Nagar
1009302,Office Worker,trial_only,40,60534,291.0,Budget,1,0.2,Delivery,57.2,0.15,MG Road
1009303,Student,trial_only,19,10273,492.0,Budget,1,0.35,Cafe,12.2,0.15,Whitefield
1009304,Family,trial_only,48,163987,794.0,Mid-range,3,0.15,Casual Dining,35.4,0.15,JP Nagar
1009305,Student,trial_only,20,29465,190.0,Budget,1,0.35,Quick Bites,35.5,0.15,Commercial Street
1009306,Office Worker,regular,24,88255,468.0,Budget,1,0.2,Cafe,20.7,0.03,JP Nagar
1009307,Couple,regular,34,109942,960.0,Mid-range,1,0.3,Cafe,10.5,0.03,Indiranagar
1009308,Food Explorer,regular,30,58429,495.0,Budget,1,0.7,Meat Shop,14.6,0.03,Koramangala 1st Block
1009309,Office Worker,occasional,32,47399,299.0,Budget,3,0.2,Food Court,8.7,0.06,St. Marks Road
1009310,Family,occasional,50,171441,752.0,Mid-range,4,0.15,Casual Dining,14.3,0.06,Lavelle Road
1009311,Student,power_user,19,11077,130.0,Budget,1,0.35,Dessert Parlor,2.3,0.01,JP Nagar
1009312,Family,trial_only,42,140597,680.0,Mid-range,2,0.15,Casual Dining,78.8,0.15,BTM
1009313,Office Worker,occasional,26,34081,367.0,Budget,1,0.2,Casual Dining,3.3,0.06,Marathahalli
1009314,Family,occasional,51,148694,700.0,Mid-range,3,0.15,Casual Dining,20.5,0.06,Marathahalli
1009315,Student,regular,21,24530,239.0,Budget,1,0.35,Cafe,3.1,0.03,JP Nagar
1009316,Food Explorer,regular,37,77789,608.0,Mid-range,3,0.7,Confectionery,13.9,0.03,Koramangala 6th Block
1009317,Couple,occasional,29,120042,1466.0,Premium,1,0.3,Fine Dining,14.6,0.06,Jeevan Bhima Nagar
1009318,Office Worker,regular,28,51287,486.0,Budget,1,0.2,Cafe,4.5,0.03,BTM
1009319,Couple,occasional,45,107335,1590.0,Premium,1,0.3,Cafe,14.8,0.06,Brookefield
1009320,Student,regular,19,30001,260.0,Budget,2,0.35,Bakery,1.2,0.03,HSR
1009321,Family,regular,40,115001,865.0,Mid-range,1,0.15,Fine Dining,12.4,0.03,Shivajinagar
1009322,Office Worker,regular,28,31318,486.0,Budget,1,0.2,Food Court,13.5,0.03,Banaswadi
1009323,Student,occasional,20,34850,392.0,Budget,3,0.35,Dessert Parlor,21.9,0.06,Koramangala 4th Block
1009324,Family,regular,45,124872,654.0,Mid-range,2,0.15,Cafe,10.0,0.03,Domlur
1009325,Office Worker,trial_only,37,55786,529.0,Mid-range,1,0.2,Quick Bites,19.2,0.15,Frazer Town
1009326,Office Worker,power_user,31,34429,364.0,Budget,1,0.2,Casual Dining,0.8,0.01,St. Marks Road
1009327,Office Worker,trial_only,34,35427,393.0,Budget,1,0.2,Casual Dining,34.1,0.15,Koramangala 4th Block
1009328,Student,power_user,18,16366,271.0,Budget,1,0.35,Dessert Parlor,1.1,0.01,Koramangala 5th Block
1009329,Student,regular,19,33083,336.0,Budget,1,0.35,Dessert Parlor,1.9,0.03,Koramangala 1st Block
1009330,Family,trial_only,46,147024,583.0,Mid-range,2,0.15,Fine Dining,31.6,0.15,Whitefield
1009331,Family,occasional,43,109598,610.0,Mid-range,3,0.15,Casual Dining,19.7,0.06,Bommanahalli
1009332,Student,occasional,18,28869,248.0,Budget,1,0.35,Quick Bites,14.7,0.06,Indiranagar
1009333,Office Worker,occasional,39,53510,455.0,Budget,1,0.2,Casual Dining,32.5,0.06,Koramangala 4th Block
1009334,Family,regular,34,166686,613.0,Mid-range,7,0.15,Fine Dining,10.4,0.03,Bannerghatta Road
1009335,Family,occasional,30,99256,853.0,Mid-range,4,0.15,Casual Dining,1.6,0.06,BTM
1009336,Couple,regular,34,121544,1093.0,Premium,2,0.3,Cafe,2.3,0.03,JP Nagar
1009337,Office Worker,occasional,30,56191,516.0,Mid-range,2,0.2,Quick Bites,35.9,0.06,Koramangala 5th Block
1009338,Office Worker,trial_only,32,70485,456.0,Budget,1,0.2,Food Court,32.7,0.15,Bannerghatta Road
1009339,Family,trial_only,25,82377,1150.0,Premium,3,0.15,Casual Dining,31.0,0.15,Electronic City
1009340,Office Worker,occasional,25,86707,462.0,Budget,1,0.2,Food Court,2.3,0.06,Whitefield
1009341,Student,occasional,24,17159,203.0,Budget,2,0.35,Quick Bites,19.4,0.06,Ejipura
1009342,Student,occasional,23,23435,283.0,Budget,1,0.35,Cafe,9.3,0.06,BTM
1009343,Couple,regular,31,118736,1206.0,Premium,3,0.3,Fine Dining,3.5,0.03,Bellandur
1009344,Student,trial_only,23,26347,227.0,Budget,1,0.35,Quick Bites,12.1,0.15,BTM
1009345,Family,occasional,48,126553,1103.0,Premium,5,0.15,Casual Dining,7.2,0.06,Kalyan Nagar
1009346,Family,regular,45,164168,738.0,Mid-range,1,0.15,Dessert Parlor,5.9,0.03,Jayanagar
1009347,Office Worker,occasional,35,88177,386.0,Budget,1,0.2,Food Court,6.3,0.06,Shivajinagar
1009348,Couple,power_user,44,126370,1254.0,Premium,2,0.3,Lounge,3.2,0.01,Residency Road
1009349,Family,trial_only,50,82139,619.0,Mid-range,4,0.15,Casual Dining,11.7,0.15,Jayanagar
1009350,Student,trial_only,19,29248,377.0,Budget,1,0.35,Quick Bites,49.5,0.15,Hennur
1009351,Couple,regular,39,100338,1430.0,Premium,3,0.3,Cafe,14.7,0.03,Sarjapur Road
1009352,Office Worker,power_user,25,62205,463.0,Budget,1,0.2,Food Court,2.2,0.01,Jayanagar
1009353,Office Worker,occasional,32,86489,509.0,Mid-range,1,0.2,Cafe,18.7,0.06,Marathahalli
1009354,Family,regular,22,123341,700.0,Mid-range,6,0.15,Casual Dining,0.5,0.03,Richmond Road
1009355,Family,trial_only,26,162095,499.0,Budget,4,0.15,Fine Dining,9.5,0.15,Bellandur
1009356,Office Worker,power_user,35,68923,417.0,Budget,2,0.2,Cafe,0.9,0.01,MG Road
1009357,Food Explorer,regular,29,46987,475.0,Budget,2,0.7,Bar,2.2,0.03,Whitefield
1009358,Family,power_user,25,144066,393.0,Budget,5,0.15,Casual Dining,0.9,0.01,JP Nagar
1009359,Family,occasional,55,119391,588.0,Mid-range,4,0.15,Casual Dining,20.1,0.06,Koramangala 4th Block
1009360,Student,occasional,24,23653,202.0,Budget,2,0.35,Food Court,1.5,0.06,Jayanagar
1009361,Office Worker,trial_only,27,48162,345.0,Budget,1,0.2,Casual Dining,105.2,0.15,Shivajinagar
1009362,Office Worker,trial_only,33,41128,583.0,Mid-range,1,0.2,Quick Bites,32.9,0.15,Cunningham Road
1009363,Family,occasional,30,149278,902.0,Mid-range,5,0.15,Food Court,21.6,0.06,Jayanagar
1009364,Office Worker,regular,37,44904,546.0,Mid-range,1,0.2,Delivery,2.4,0.03,BTM
1009365,Couple,power_user,39,59318,1353.0,Premium,2,0.3,Fine Dining,2.0,0.01,Marathahalli
1009366,Office Worker,trial_only,30,59584,558.0,Mid-range,1,0.2,Food Court,45.1,0.15,Koramangala 5th Block
1009367,Family,regular,53,145404,805.0,Mid-range,3,0.15,Casual Dining,11.8,0.03,Vasanth Nagar
1009368,Couple,trial_only,40,70406,1655.0,Premium,2,0.3,Lounge,32.1,0.15,Brookefield
1009369,Couple,trial_only,27,86184,831.0,Mid-range,2,0.3,Lounge,15.4,0.15,JP Nagar
1009370,Couple,occasional,33,92349,1180.0,Premium,2,0.3,Fine Dining,27.2,0.06,Koramangala 6th Block
1009371,Couple,occasional,42,142358,893.0,Mid-range,2,0.3,Fine Dining,6.3,0.06,Indiranagar
1009372,Student,trial_only,21,13678,399.0,Budget,1,0.35,Quick Bites,15.8,0.15,Lavelle Road
1009373,Family,occasional,23,170184,884.0,Mid-range,4,0.15,Fine Dining,4.1,0.06,Magadi Road
1009374,Food Explorer,occasional,36,51698,897.0,Mid-range,1,0.7,Delivery,18.2,0.06,Banashankari
1009375,Family,regular,37,129379,519.0,Mid-range,1,0.15,Casual Dining,4.1,0.03,Koramangala 5th Block
1009376,Student,occasional,19,31081,252.0,Budget,1,0.35,Bakery,13.3,0.06,Koramangala 5th Block
1009377,Food Explorer,regular,37,112341,154.0,Budget,2,0.7,Microbrewery,3.0,0.03,Koramangala 6th Block
1009378,Student,trial_only,24,23556,329.0,Budget,1,0.35,Quick Bites,27.4,0.15,Kalyan Nagar
1009379,Office Worker,occasional,33,59583,407.0,Budget,1,0.2,Quick Bites,24.3,0.06,Majestic
1009380,Student,occasional,23,29511,360.0,Budget,2,0.35,Quick Bites,8.1,0.06,Indiranagar
1009381,Office Worker,power_user,27,84570,453.0,Budget,2,0.2,Casual Dining,3.3,0.01,JP Nagar
1009382,Office Worker,trial_only,36,30692,237.0,Budget,2,0.2,Cafe,25.6,0.15,Banashankari
1009383,Office Worker,regular,39,45723,284.0,Budget,1,0.2,Casual Dining,8.8,0.03,Koramangala 4th Block
1009384,Food Explorer,occasional,26,62850,621.0,Mid-range,2,0.7,Pub,20.2,0.06,Koramangala 6th Block
1009385,Office Worker,power_user,39,80001,497.0,Budget,2,0.2,Quick Bites,0.7,0.01,Malleshwaram
1009386,Office Worker,trial_only,24,31060,228.0,Budget,1,0.2,Food Court,46.3,0.15,Koramangala 7th Block
1009387,Couple,occasional,33,62547,1175.0,Premium,1,0.3,Fine Dining,12.6,0.06,BTM
1009388,Couple,occasional,25,50338,895.0,Mid-range,1,0.3,Lounge,20.9,0.06,Whitefield
1009389,Student,regular,21,33824,211.0,Budget,1,0.35,Cafe,0.4,0.03,Ejipura
1009390,Student,regular,22,10800,248.0,Budget,1,0.35,Beverage Shop,8.8,0.03,Richmond Road
1009391,Family,regular,51,91861,825.0,Mid-range,2,0.15,Casual Dining,3.3,0.03,Malleshwaram
1009392,Couple,regular,27,102152,988.0,Mid-range,4,0.3,Fine Dining,7.0,0.03,Koramangala 1st Block
1009393,Family,occasional,51,101845,403.0,Budget,4,0.15,Casual Dining,17.5,0.06,Bellandur
1009394,Student,occasional,24,12270,309.0,Budget,3,0.35,Quick Bites,42.7,0.06,Rajajinagar
1009395,Family,regular,22,109553,730.0,Mid-range,1,0.15,Cafe,6.6,0.03,Koramangala 3rd Block
1009396,Family,occasional,54,155805,612.0,Mid-range,4,0.15,Fine Dining,13.2,0.06,HSR
1009397,Family,regular,52,94661,738.0,Mid-range,1,0.15,Casual Dining,2.3,0.03,HSR
1009398,Couple,power_user,24,101619,1096.0,Premium,4,0.3,Microbrewery,2.3,0.01,BTM
1009399,Couple,trial_only,25,96971,1213.0,Premium,1,0.3,Cafe,11.0,0.15,JP Nagar
1009400,Family,regular,46,89442,750.0,Mid-range,1,0.15,Cafe,9.5,0.03,Church Street
1009401,Family,occasional,35,60307,833.0,Mid-range,2,0.15,Fine Dining,18.2,0.06,Koramangala 6th Block
1009402,Family,trial_only,29,160639,790.0,Mid-range,5,0.15,Cafe,45.1,0.15,Bannerghatta Road
1009403,Office Worker,occasional,30,89628,532.0,Mid-range,1,0.2,Cafe,9.6,0.06,Koramangala 1st Block
1009404,Office Worker,occasional,29,60578,608.0,Mid-range,1,0.2,Casual Dining,3.3,0.06,Old Airport Road
1009405,Family,occasional,55,159634,797.0,Mid-range,6,0.15,Casual Dining,9.9,0.06,Church Street
1009406,Family,trial_only,28,102096,676.0,Mid-range,3,0.15,Fine Dining,27.9,0.15,Banaswadi
1009407,Office Worker,trial_only,24,86590,306.0,Budget,1,0.2,Quick Bites,73.3,0.15,JP Nagar
1009408,Student,regular,23,24199,352.0,Budget,2,0.35,Cafe,18.0,0.03,Kalyan Nagar
1009409,Family,occasional,50,156008,620.0,Mid-range,2,0.15,Casual Dining,6.9,0.06,Jayanagar
1009410,Family,trial_only,52,140713,1270.0,Premium,4,0.15,Fine Dining,24.6,0.15,Electronic City
1009411,Office Worker,trial_only,40,85420,728.0,Mid-range,2,0.2,Casual Dining,7.5,0.15,HSR
1009412,Office Worker,regular,23,63528,429.0,Budget,2,0.2,Cafe,1.3,0.03,Koramangala 1st Block
1009413,Student,regular,23,31182,167.0,Budget,2,0.35,Cafe,11.6,0.03,Kumaraswamy Layout
1009414,Food Explorer,occasional,27,114623,763.0,Mid-range,1,0.7,Food Court,2.7,0.06,Kalyan Nagar
1009415,Couple,regular,33,126006,1830.0,Premium,3,0.3,Lounge,11.3,0.03,BTM
1009416,Family,occasional,36,102477,538.0,Mid-range,5,0.15,Casual Dining,24.0,0.06,Shivajinagar
1009417,Office Worker,occasional,40,35460,640.0,Mid-range,1,0.2,Food Court,6.7,0.06,Kalyan Nagar
1009418,Family,regular,38,109194,430.0,Budget,6,0.15,Casual Dining,2.7,0.03,Bellandur
1009419,Office Worker,regular,27,71551,305.0,Budget,1,0.2,Casual Dining,4.8,0.03,Bellandur
1009420,Food Explorer,trial_only,23,108709,677.0,Mid-range,2,0.7,Bar,26.5,0.15,Banaswadi
1009421,Student,trial_only,22,29224,381.0,Budget,2,0.35,Cafe,26.4,0.15,Whitefield
1009422,Student,trial_only,23,25937,295.0,Budget,1,0.35,Quick Bites,17.3,0.15,Marathahalli
1009423,Family,trial_only,45,124364,890.0,Mid-range,4,0.15,Casual Dining,3.8,0.15,New BEL Road
1009424,Student,trial_only,24,34157,388.0,Budget,2,0.35,Dessert Parlor,29.0,0.15,Ejipura
1009425,Family,occasional,21,89262,1044.0,Premium,2,0.15,Food Court,28.6,0.06,Shanti Nagar
1009426,Couple,power_user,32,129217,1013.0,Premium,3,0.3,Cafe,2.3,0.01,Koramangala 4th Block
1009427,Student,trial_only,22,23784,231.0,Budget,2,0.35,Quick Bites,18.1,0.15,Shivajinagar
1009428,Office Worker,occasional,38,60776,555.0,Mid-range,1,0.2,Quick Bites,33.6,0.06,Frazer Town
1009429,Family,regular,31,107910,891.0,Mid-range,4,0.15,Fine Dining,3.0,0.03,Lavelle Road
1009430,Couple,trial_only,38,113472,1377.0,Premium,2,0.3,Fine Dining,26.1,0.15,Whitefield
1009431,Office Worker,regular,26,89998,384.0,Budget,1,0.2,Cafe,13.5,0.03,BTM
1009432,Student,trial_only,22,20152,351.0,Budget,2,0.35,Cafe,30.2,0.15,Yeshwantpur
1009433,Family,occasional,47,73554,581.0,Mid-range,6,0.15,Casual Dining,31.2,0.06,Basavanagudi
1009434,Office Worker,power_user,37,37658,475.0,Budget,3,0.2,Quick Bites,1.9,0.01,Domlur
1009435,Couple,trial_only,33,67694,1234.0,Premium,4,0.3,Cafe,57.2,0.15,Banashankari
1009436,Family,occasional,37,108853,824.0,Mid-range,3,0.15,Fine Dining,16.2,0.06,Marathahalli
1009437,Office Worker,occasional,38,30247,528.0,Mid-range,1,0.2,Cafe,20.9,0.06,Koramangala 1st Block
1009438,Couple,occasional,36,78148,894.0,Mid-range,5,0.3,Fine Dining,8.4,0.06,Malleshwaram
1009439,Office Worker,regular,29,71706,518.0,Mid-range,2,0.2,Quick Bites,7.0,0.03,Ulsoor
1009440,Student,regular,19,26952,302.0,Budget,2,0.35,Quick Bites,5.2,0.03,BTM
1009441,Family,power_user,45,140277,642.0,Mid-range,4,0.15,Fine Dining,2.2,0.01,MG Road
1009442,Food Explorer,regular,35,93536,270.0,Budget,3,0.7,Kiosk,8.0,0.03,Bellandur
1009443,Family,regular,39,69110,1178.0,Premium,2,0.15,Fine Dining,5.0,0.03,Rajajinagar
1009444,Office Worker,occasional,25,86243,443.0,Budget,3,0.2,Casual Dining,5.6,0.06,Shanti Nagar
1009445,Family,regular,25,95729,729.0,Mid-range,3,0.15,Casual Dining,1.1,0.03,Kalyan Nagar
1009446,Office Worker,occasional,27,34767,336.0,Budget,1,0.2,Casual Dining,8.1,0.06,Bannerghatta Road
1009447,Office Worker,regular,23,78701,559.0,Mid-range,1,0.2,Quick Bites,8.8,0.03,New BEL Road
1009448,Office Worker,regular,31,58054,551.0,Mid-range,1,0.2,Casual Dining,8.5,0.03,Basaveshwara Nagar
1009449,Student,trial_only,20,18661,365.0,Budget,1,0.35,Cafe,45.9,0.15,JP Nagar
1009450,Office Worker,trial_only,29,53918,444.0,Budget,1,0.2,Casual Dining,9.4,0.15,Church Street
1009451,Food Explorer,trial_only,39,86653,788.0,Mid-range,2,0.7,Dhaba,20.1,0.15,BTM
1009452,Office Worker,power_user,27,61646,368.0,Budget,2,0.2,Casual Dining,0.9,0.01,Whitefield
1009453,Couple,occasional,41,51376,1265.0,Premium,3,0.3,Lounge,9.2,0.06,Commercial Street
1009454,Family,regular,26,74347,789.0,Mid-range,2,0.15,Casual Dining,4.9,0.03,BTM
1009455,Office Worker,occasional,34,86843,477.0,Budget,1,0.2,Cafe,21.8,0.06,BTM
1009456,Student,trial_only,24,22286,155.0,Budget,2,0.35,Quick Bites,35.9,0.15,JP Nagar
1009457,Student,regular,23,34712,450.0,Budget,2,0.35,Cafe,4.9,0.03,Koramangala 6th Block
1009458,Student,trial_only,22,26425,429.0,Budget,1,0.35,Quick Bites,5.7,0.15,Koramangala 6th Block
1009459,Family,occasional,27,148490,570.0,Mid-range,4,0.15,Cafe,6.8,0.06,Electronic City
1009460,Food Explorer,regular,29,65103,744.0,Mid-range,1,0.7,Bakery,4.8,0.03,Nagawara
1009461,Couple,power_user,33,133784,754.0,Mid-range,5,0.3,Lounge,7.3,0.01,BTM
1009462,Student,trial_only,23,26261,307.0,Budget,2,0.35,Cafe,33.2,0.15,Jeevan Bhima Nagar
1009463,Office Worker,occasional,29,75108,230.0,Budget,1,0.2,Cafe,6.2,0.06,BTM
1009464,Student,power_user,23,16642,277.0,Budget,1,0.35,Quick Bites,1.1,0.01,BTM
1009465,Food Explorer,regular,40,86933,478.0,Budget,1,0.7,Food Truck,5.5,0.03,BTM
1009466,Student,trial_only,18,19233,393.0,Budget,3,0.35,Bakery,15.4,0.15,Church Street
1009467,Student,regular,24,32723,433.0,Budget,1,0.35,Quick Bites,2.8,0.03,Koramangala 7th Block
1009468,Family,trial_only,40,168875,1138.0,Premium,4,0.15,Casual Dining,15.4,0.15,Koramangala 6th Block
1009469,Family,occasional,41,102358,1032.0,Premium,6,0.15,Cafe,10.3,0.06,Koramangala 1st Block
1009470,Student,regular,20,10626,307.0,Budget,1,0.35,Dessert Parlor,12.2,0.03,Koramangala 7th Block
1009471,Family,regular,32,89934,878.0,Mid-range,4,0.15,Casual Dining,10.3,0.03,HSR
1009472,Student,occasional,21,16820,331.0,Budget,1,0.35,Quick Bites,18.6,0.06,Commercial Street
1009473,Student,regular,19,10482,206.0,Budget,2,0.35,Cafe,10.6,0.03,Sarjapur Road
1009474,Student,power_user,23,33394,392.0,Budget,1,0.35,Quick Bites,3.7,0.01,Bellandur
1009475,Office Worker,regular,35,57961,519.0,Mid-range,1,0.2,Casual Dining,11.8,0.03,Koramangala 1st Block
1009476,Food Explorer,trial_only,22,51763,784.0,Mid-range,1,0.7,Beverage Shop,12.8,0.15,Hosur Road
1009477,Office Worker,occasional,26,66577,222.0,Budget,1,0.2,Food Court,4.2,0.06,Malleshwaram
1009478,Couple,occasional,35,89741,1336.0,Premium,1,0.3,Microbrewery,14.5,0.06,Residency Road
1009479,Office Worker,regular,36,40480,551.0,Mid-range,2,0.2,Casual Dining,9.8,0.03,Old Airport Road
1009480,Family,occasional,30,114491,797.0,Mid-range,2,0.15,Casual Dining,13.0,0.06,Thippasandra
1009481,Food Explorer,occasional,38,87900,475.0,Budget,2,0.7,Takeaway,6.7,0.06,Koramangala 5th Block
1009482,Office Worker,power_user,32,69159,314.0,Budget,1,0.2,Cafe,3.8,0.01,St. Marks Road
1009483,Food Explorer,trial_only,32,58008,241.0,Budget,1,0.7,Bhojanalya,29.3,0.15,Commercial Street
1009484,Family,trial_only,23,133413,831.0,Mid-range,4,0.15,Casual Dining,17.0,0.15,Ejipura
1009485,Family,regular,42,155115,753.0,Mid-range,3,0.15,Fine Dining,4.1,0.03,Sarjapur Road
1009486,Office Worker,trial_only,37,67606,425.0,Budget,1,0.2,Food Court,4.4,0.15,HSR
1009487,Family,occasional,27,174189,1106.0,Premium,7,0.15,Casual Dining,4.1,0.06,Kalyan Nagar
1009488,Office Worker,occasional,32,86425,324.0,Budget,1,0.2,Quick Bites,3.8,0.06,Brookefield
1009489,Food Explorer,regular,22,79621,514.0,Mid-range,1,0.7,Mess,1.5,0.03,BTM
1009490,Food Explorer,trial_only,26,71423,1024.0,Premium,3,0.7,Casual Dining,40.5,0.15,Shanti Nagar
1009491,Office Worker,occasional,24,57443,419.0,Budget,2,0.2,Quick Bites,1.5,0.06,Residency Road
1009492,Food Explorer,trial_only,36,79185,617.0,Mid-range,1,0.7,Meat Shop,2.3,0.15,HSR
1009493,Couple,regular,45,67339,1147.0,Premium,1,0.3,Fine Dining,21.1,0.03,Indiranagar
1009494,Family,regular,21,175677,941.0,Mid-range,3,0.15,Casual Dining,4.4,0.03,Kalyan Nagar
1009495,Student,trial_only,22,24207,136.0,Budget,1,0.35,Quick Bites,9.3,0.15,BTM
1009496,Student,occasional,22,13203,284.0,Budget,1,0.35,Quick Bites,6.2,0.06,Kalyan Nagar
1009497,Student,power_user,22,32575,304.0,Budget,2,0.35,Cafe,4.2,0.01,Electronic City
1009498,Student,trial_only,21,33706,220.0,Budget,2,0.35,Cafe,19.5,0.15,Frazer Town
1009499,Food Explorer,regular,40,84896,686.0,Mid-range,1,0.7,Pub,1.4,0.03,Koramangala 3rd Block
1009500,Student,trial_only,18,33707,363.0,Budget,1,0.35,Cafe,1.6,0.15,Majestic
1009501,Family,trial_only,25,176494,890.0,Mid-range,1,0.15,Casual Dining,21.1,0.15,Ulsoor
1009502,Family,power_user,28,174417,1156.0,Premium,2,0.15,Casual Dining,1.2,0.01,CV Raman Nagar
1009503,Family,occasional,48,175677,713.0,Mid-range,3,0.15,Casual Dining,10.6,0.06,Jayanagar
1009504,Student,trial_only,18,11675,340.0,Budget,2,0.35,Cafe,43.1,0.15,Kumaraswamy Layout
1009505,Family,trial_only,24,63714,895.0,Mid-range,4,0.15,Casual Dining,30.7,0.15,Electronic City
1009506,Family,occasional,46,129308,753.0,Mid-range,1,0.15,Casual Dining,28.1,0.06,Ejipura
1009507,Family,occasional,35,149771,1027.0,Premium,3,0.15,Casual Dining,3.0,0.06,Banashankari
1009508,Student,occasional,22,30955,323.0,Budget,1,0.35,Dessert Parlor,9.9,0.06,Banaswadi
1009509,Family,regular,33,137012,560.0,Mid-range,1,0.15,Casual Dining,17.6,0.03,Banashankari
1009510,Student,occasional,18,17842,360.0,Budget,1,0.35,Quick Bites,2.5,0.06,Commercial Street
1009511,Family,regular,41,171950,700.0,Mid-range,3,0.15,Fine Dining,3.1,0.03,Old Airport Road
1009512,Office Worker,regular,24,65434,418.0,Budget,2,0.2,Casual Dining,5.4,0.03,Koramangala 5th Block
1009513,Office Worker,regular,31,70892,425.0,Budget,2,0.2,Quick Bites,0.4,0.03,Koramangala 7th Block
1009514,Couple,trial_only,43,75644,1421.0,Premium,2,0.3,Fine Dining,48.8,0.15,Electronic City
1009515,Student,regular,19,28970,386.0,Budget,1,0.35,Cafe,19.2,0.03,JP Nagar
1009516,Food Explorer,regular,25,50369,560.0,Mid-range,2,0.7,Beverage Shop,4.5,0.03,JP Nagar
1009517,Couple,power_user,44,137052,1135.0,Premium,2,0.3,Lounge,2.8,0.01,Sanjay Nagar
1009518,Office Worker,regular,28,81136,245.0,Budget,1,0.2,Quick Bites,4.6,0.03,Church Street
1009519,Office Worker,trial_only,29,70965,379.0,Budget,1,0.2,Cafe,39.2,0.15,Marathahalli
1009520,Student,regular,22,34531,224.0,Budget,1,0.35,Quick Bites,6.3,0.03,JP Nagar
1009521,Food Explorer,regular,24,112809,678.0,Mid-range,1,0.7,Casual Dining,17.7,0.03,Jayanagar
1009522,Family,trial_only,22,68369,779.0,Mid-range,3,0.15,Fine Dining,23.8,0.15,Jayanagar
1009523,Student,power_user,23,15520,227.0,Budget,1,0.35,Dessert Parlor,4.5,0.01,Shivajinagar
1009524,Office Worker,occasional,40,37279,465.0,Budget,1,0.2,Quick Bites,12.5,0.06,Indiranagar
1009525,Student,trial_only,24,18019,295.0,Budget,3,0.35,Beverage Shop,8.3,0.15,Koramangala 4th Block
1009526,Family,occasional,20,130633,292.0,Budget,6,0.15,Casual Dining,23.7,0.06,Commercial Street
1009527,Office Worker,regular,32,38626,561.0,Mid-range,2,0.2,Casual Dining,1.6,0.03,Ulsoor
1009528,Student,occasional,23,12157,381.0,Budget,1,0.35,Quick Bites,18.4,0.06,Majestic
1009529,Couple,occasional,42,114432,1129.0,Premium,1,0.3,Cafe,11.4,0.06,BTM
1009530,Office Worker,occasional,29,67870,485.0,Budget,1,0.2,Delivery,11.2,0.06,Majestic
1009531,Office Worker,regular,31,51973,417.0,Budget,1,0.2,Casual Dining,10.5,0.03,Seshadripuram
1009532,Family,trial_only,25,146339,479.0,Budget,4,0.15,Casual Dining,53.2,0.15,Brigade Road
1009533,Food Explorer,occasional,24,87344,1141.0,Premium,1,0.7,Microbrewery,18.5,0.06,Old Airport Road
1009534,Office Worker,occasional,29,54878,525.0,Mid-range,1,0.2,Quick Bites,30.6,0.06,Koramangala 3rd Block
1009535,Food Explorer,trial_only,26,45459,835.0,Mid-range,2,0.7,Kiosk,18.6,0.15,Bommanahalli
1009536,Office Worker,trial_only,40,75375,422.0,Budget,1,0.2,Casual Dining,19.4,0.15,Kalyan Nagar
1009537,Couple,occasional,25,112461,1538.0,Premium,2,0.3,Pub,2.5,0.06,Koramangala 8th Block
1009538,Student,regular,21,12840,190.0,Budget,2,0.35,Quick Bites,4.5,0.03,Koramangala 5th Block
1009539,Family,power_user,40,82550,751.0,Mid-range,3,0.15,Food Court,1.6,0.01,Koramangala 6th Block
1009540,Student,occasional,18,17531,359.0,Budget,1,0.35,Quick Bites,11.8,0.06,Vasanth Nagar
1009541,Food Explorer,power_user,30,54326,443.0,Budget,1,0.7,Bakery,2.7,0.01,Central Bangalore
1009542,Food Explorer,occasional,39,104611,828.0,Mid-range,2,0.7,Food Truck,13.0,0.06,Domlur
1009543,Office Worker,occasional,24,86013,480.0,Budget,2,0.2,Quick Bites,7.8,0.06,BTM
1009544,Office Worker,occasional,25,35300,471.0,Budget,1,0.2,Quick Bites,12.8,0.06,Nagarbhavi
1009545,Family,regular,25,88722,656.0,Mid-range,1,0.15,Casual Dining,6.1,0.03,Kammanahalli
1009546,Office Worker,trial_only,23,47105,490.0,Budget,1,0.2,Quick Bites,47.7,0.15,Race Course Road
1009547,Family,occasional,51,179009,1187.0,Premium,5,0.15,Fine Dining,3.6,0.06,Frazer Town
1009548,Family,occasional,21,134540,835.0,Mid-range,4,0.15,Fine Dining,8.8,0.06,HSR
1009549,Office Worker,occasional,28,87242,506.0,Mid-range,1,0.2,Food Court,6.2,0.06,Church Street
1009550,Student,power_user,23,16185,356.0,Budget,4,0.35,Quick Bites,4.9,0.01,Brigade Road
1009551,Food Explorer,occasional,40,45409,314.0,Budget,1,0.7,Food Court,2.1,0.06,Indiranagar
1009552,Student,power_user,19,22022,289.0,Budget,1,0.35,Dessert Parlor,5.2,0.01,BTM
1009553,Family,occasional,32,158052,767.0,Mid-range,3,0.15,Fine Dining,5.0,0.06,JP Nagar
1009554,Student,regular,19,30930,130.0,Budget,2,0.35,Quick Bites,12.5,0.03,Koramangala 5th Block
1009555,Student,regular,19,21809,363.0,Budget,1,0.35,Quick Bites,3.0,0.03,BTM
1009556,Student,regular,24,16741,225.0,Budget,1,0.35,Quick Bites,8.5,0.03,Koramangala 1st Block
1009557,Office Worker,power_user,29,32824,518.0,Mid-range,2,0.2,Quick Bites,1.2,0.01,Koramangala 5th Block
1009558,Family,trial_only,42,112302,648.0,Mid-range,2,0.15,Fine Dining,29.6,0.15,Jayanagar
1009559,Office Worker,trial_only,25,62159,654.0,Mid-range,1,0.2,Casual Dining,28.3,0.15,Basavanagudi
1009560,Family,power_user,30,62190,744.0,Mid-range,2,0.15,Casual Dining,1.4,0.01,Koramangala 5th Block
1009561,Family,power_user,32,172174,1184.0,Premium,3,0.15,Dessert Parlor,2.3,0.01,Indiranagar
1009562,Student,occasional,22,27709,286.0,Budget,1,0.35,Cafe,8.0,0.06,Indiranagar
1009563,Student,power_user,24,18172,296.0,Budget,1,0.35,Beverage Shop,1.1,0.01,Ulsoor
1009564,Family,occasional,28,102607,1113.0,Premium,3,0.15,Casual Dining,55.4,0.06,Hennur
1009565,Family,regular,43,102852,616.0,Mid-range,1,0.15,Fine Dining,0.4,0.03,Shanti Nagar
1009566,Family,occasional,37,163207,810.0,Mid-range,1,0.15,Casual Dining,15.6,0.06,Koramangala 5th Block
1009567,Student,trial_only,23,28094,343.0,Budget,3,0.35,Food Court,17.7,0.15,Koramangala 4th Block
1009568,Couple,regular,31,58856,1321.0,Premium,2,0.3,Cafe,4.0,0.03,Kalyan Nagar
1009569,Student,trial_only,20,17657,303.0,Budget,1,0.35,Quick Bites,18.4,0.15,Whitefield
1009570,Family,trial_only,42,153868,781.0,Mid-range,6,0.15,Fine Dining,27.4,0.15,BTM
1009571,Student,trial_only,21,18912,368.0,Budget,2,0.35,Quick Bites,81.3,0.15,Koramangala 7th Block
1009572,Family,occasional,47,157656,835.0,Mid-range,4,0.15,Dessert Parlor,15.4,0.06,Old Airport Road
1009573,Office Worker,trial_only,23,60442,547.0,Mid-range,1,0.2,Quick Bites,15.6,0.15,BTM
1009574,Family,occasional,32,153129,878.0,Mid-range,4,0.15,Casual Dining,8.1,0.06,Jayanagar
1009575,Student,trial_only,19,23194,352.0,Budget,1,0.35,Quick Bites,5.5,0.15,Jayanagar
1009576,Family,regular,25,148126,1027.0,Premium,3,0.15,Casual Dining,3.0,0.03,Sarjapur Road
1009577,Student,occasional,18,20787,275.0,Budget,1,0.35,Bakery,15.5,0.06,Whitefield
1009578,Family,occasional,32,88534,1021.0,Premium,3,0.15,Dessert Parlor,18.3,0.06,New BEL Road
1009579,Student,power_user,19,32054,287.0,Budget,1,0.35,Food Court,9.6,0.01,Bellandur
1009580,Student,regular,23,20418,188.0,Budget,1,0.35,Food Court,7.8,0.03,Church Street
1009581,Family,regular,38,61114,734.0,Mid-range,5,0.15,Casual Dining,4.1,0.03,Frazer Town
1009582,Student,regular,23,19649,242.0,Budget,1,0.35,Cafe,5.8,0.03,Koramangala 1st Block
1009583,Student,regular,24,20273,330.0,Budget,3,0.35,Quick Bites,11.7,0.03,Koramangala 6th Block
1009584,Couple,regular,41,74104,1114.0,Premium,1,0.3,Lounge,9.7,0.03,Sarjapur Road
1009585,Couple,regular,33,137770,1238.0,Premium,3,0.3,Microbrewery,4.2,0.03,Frazer Town
1009586,Couple,occasional,45,99169,1504.0,Premium,1,0.3,Cafe,8.9,0.06,Commercial Street
1009587,Office Worker,regular,29,52221,599.0,Mid-range,1,0.2,Casual Dining,12.8,0.03,Cunningham Road
1009588,Office Worker,regular,37,71852,479.0,Budget,2,0.2,Casual Dining,4.6,0.03,Brookefield
1009589,Couple,regular,27,113995,1526.0,Premium,4,0.3,Microbrewery,3.0,0.03,Marathahalli
1009590,Student,regular,24,21968,286.0,Budget,2,0.35,Bakery,8.7,0.03,Rajajinagar
1009591,Family,power_user,30,176993,487.0,Budget,2,0.15,Dessert Parlor,4.8,0.01,"Varthur Main Road, Whitefield"
1009592,Student,trial_only,22,34362,206.0,Budget,1,0.35,Dessert Parlor,13.8,0.15,Jayanagar
1009593,Food Explorer,regular,28,78085,551.0,Mid-range,1,0.7,Quick Bites,11.9,0.03,MG Road
1009594,Family,regular,28,145051,959.0,Mid-range,5,0.15,Food Court,16.5,0.03,Brookefield
1009595,Office Worker,occasional,28,33122,431.0,Budget,2,0.2,Quick Bites,20.2,0.06,Banaswadi
1009596,Office Worker,trial_only,33,56562,569.0,Mid-range,1,0.2,Food Court,4.4,0.15,MG Road
1009597,Student,occasional,18,21041,447.0,Budget,1,0.35,Cafe,11.6,0.06,Marathahalli
1009598,Office Worker,regular,26,54237,361.0,Budget,1,0.2,Quick Bites,14.1,0.03,Ulsoor
1009599,Family,occasional,53,160918,1225.0,Premium,5,0.15,Fine Dining,24.5,0.06,Marathahalli
1009600,Office Worker,occasional,24,65016,287.0,Budget,1,0.2,Casual Dining,0.4,0.06,Koramangala 3rd Block
1009601,Office Worker,regular,36,58274,635.0,Mid-range,1,0.2,Casual Dining,7.0,0.03,Lavelle Road
1009602,Student,trial_only,20,20794,297.0,Budget,1,0.35,Quick Bites,32.4,0.15,BTM
1009603,Family,trial_only,31,134243,753.0,Mid-range,2,0.15,Fine Dining,48.9,0.15,Marathahalli
1009604,Office Worker,occasional,29,43316,449.0,Budget,1,0.2,Cafe,5.8,0.06,Brigade Road
1009605,Student,power_user,20,16147,236.0,Budget,2,0.35,Quick Bites,3.8,0.01,Residency Road
1009606,Food Explorer,occasional,35,81684,975.0,Mid-range,2,0.7,Microbrewery,22.0,0.06,Koramangala 4th Block
1009607,Office Worker,trial_only,37,49150,381.0,Budget,2,0.2,Casual Dining,21.4,0.15,Bommanahalli
1009608,Office Worker,trial_only,29,70363,394.0,Budget,1,0.2,Delivery,20.6,0.15,Residency Road
1009609,Food Explorer,regular,25,112122,255.0,Budget,3,0.7,Lounge,13.4,0.03,Banashankari
1009610,Office Worker,regular,23,51507,377.0,Budget,2,0.2,Food Court,4.9,0.03,Richmond Road
1009611,Food Explorer,regular,35,86215,425.0,Budget,1,0.7,Mess,3.6,0.03,Vasanth Nagar
1009612,Family,trial_only,53,93999,647.0,Mid-range,3,0.15,Casual Dining,7.4,0.15,Brigade Road
1009613,Family,occasional,21,155211,765.0,Mid-range,5,0.15,Casual Dining,14.6,0.06,Koramangala 7th Block
1009614,Student,regular,22,15435,211.0,Budget,1,0.35,Cafe,4.4,0.03,Rajajinagar
1009615,Student,regular,19,23052,428.0,Budget,1,0.35,Cafe,4.5,0.03,JP Nagar
1009616,Office Worker,regular,26,51769,435.0,Budget,1,0.2,Casual Dining,6.2,0.03,Koramangala 1st Block
1009617,Student,trial_only,23,29121,330.0,Budget,2,0.35,Bakery,52.7,0.15,New BEL Road
1009618,Student,regular,19,16109,369.0,Budget,2,0.35,Food Court,11.1,0.03,Residency Road
1009619,Family,regular,30,84135,1205.0,Premium,1,0.15,Casual Dining,9.8,0.03,Bommanahalli
1009620,Family,occasional,24,151572,982.0,Mid-range,3,0.15,Casual Dining,8.1,0.06,Church Street
1009621,Student,occasional,24,23924,280.0,Budget,1,0.35,Bakery,18.0,0.06,Koramangala 5th Block
1009622,Family,occasional,52,136646,585.0,Mid-range,6,0.15,Casual Dining,2.9,0.06,Ejipura
1009623,Food Explorer,trial_only,39,103527,685.0,Mid-range,1,0.7,Fine Dining,30.5,0.15,Richmond Road
1009624,Family,regular,28,94432,1012.0,Premium,3,0.15,Casual Dining,3.4,0.03,Koramangala 5th Block
1009625,Couple,power_user,28,74126,1243.0,Premium,1,0.3,Fine Dining,2.9,0.01,Jayanagar
1009626,Family,power_user,53,179020,813.0,Mid-range,3,0.15,Fine Dining,1.9,0.01,HSR
1009627,Student,occasional,22,12785,317.0,Budget,1,0.35,Bakery,12.3,0.06,Hennur
1009628,Office Worker,trial_only,27,68740,263.0,Budget,1,0.2,Cafe,3.2,0.15,Brigade Road
1009629,Food Explorer,regular,22,71110,637.0,Mid-range,1,0.7,Dhaba,24.1,0.03,Koramangala 7th Block
1009630,Family,occasional,48,77096,946.0,Mid-range,5,0.15,Cafe,14.4,0.06,HSR
1009631,Couple,occasional,41,145330,1186.0,Premium,5,0.3,Fine Dining,26.0,0.06,Electronic City
1009632,Food Explorer,trial_only,22,106347,881.0,Mid-range,1,0.7,Food Court,33.3,0.15,Domlur
1009633,Student,occasional,21,15550,393.0,Budget,1,0.35,Quick Bites,1.6,0.06,Church Street
1009634,Office Worker,regular,31,75222,400.0,Budget,1,0.2,Casual Dining,7.0,0.03,New BEL Road
1009635,Family,occasional,36,152131,888.0,Mid-range,2,0.15,Cafe,2.2,0.06,Frazer Town
1009636,Student,trial_only,20,22501,303.0,Budget,1,0.35,Dessert Parlor,15.9,0.15,Kammanahalli
1009637,Family,occasional,31,174743,394.0,Budget,3,0.15,Cafe,12.4,0.06,Shanti Nagar
1009638,Couple,trial_only,31,73346,1144.0,Premium,4,0.3,Microbrewery,19.9,0.15,MG Road
1009639,Family,regular,53,68726,594.0,Mid-range,1,0.15,Food Court,1.8,0.03,HSR
1009640,Office Worker,occasional,40,78653,463.0,Budget,1,0.2,Food Court,3.8,0.06,Koramangala 7th Block
1009641,Family,regular,24,102897,937.0,Mid-range,2,0.15,Cafe,10.8,0.03,BTM
1009642,Student,regular,23,13113,283.0,Budget,1,0.35,Beverage Shop,12.3,0.03,Kalyan Nagar
1009643,Couple,regular,36,146865,930.0,Mid-range,1,0.3,Fine Dining,8.8,0.03,Jeevan Bhima Nagar
1009644,Student,regular,19,20451,319.0,Budget,2,0.35,Quick Bites,13.0,0.03,Brigade Road
1009645,Couple,power_user,28,136550,1933.0,Premium,4,0.3,Pub,10.3,0.01,Indiranagar
1009646,Office Worker,occasional,36,79040,233.0,Budget,1,0.2,Quick Bites,15.5,0.06,Bannerghatta Road
1009647,Office Worker,trial_only,29,48207,473.0,Budget,1,0.2,Casual Dining,47.3,0.15,Rajajinagar
1009648,Office Worker,regular,25,78087,396.0,Budget,1,0.2,Food Court,5.3,0.03,Koramangala 7th Block
1009649,Student,regular,24,21739,266.0,Budget,1,0.35,Dessert Parlor,2.7,0.03,Old Airport Road
1009650,Office Worker,power_user,39,67794,440.0,Budget,2,0.2,Casual Dining,0.5,0.01,Brookefield
1009651,Couple,regular,33,78653,1097.0,Premium,3,0.3,Cafe,16.3,0.03,Marathahalli
1009652,Couple,regular,33,50774,1381.0,Premium,2,0.3,Fine Dining,2.9,0.03,MG Road
1009653,Student,occasional,20,14761,281.0,Budget,3,0.35,Dessert Parlor,0.4,0.06,Whitefield
1009654,Family,trial_only,26,99975,368.0,Budget,1,0.15,Cafe,15.7,0.15,JP Nagar
1009655,Couple,occasional,26,104708,1584.0,Premium,3,0.3,Lounge,12.0,0.06,BTM
1009656,Couple,occasional,30,135320,1539.0,Premium,4,0.3,Cafe,51.4,0.06,Whitefield
1009657,Office Worker,occasional,29,40614,389.0,Budget,1,0.2,Cafe,15.2,0.06,Kammanahalli
1009658,Student,regular,19,28034,304.0,Budget,1,0.35,Dessert Parlor,4.3,0.03,BTM
1009659,Food Explorer,regular,22,99952,904.0,Mid-range,1,0.7,Dhaba,11.3,0.03,MG Road
1009660,Office Worker,regular,39,78636,553.0,Mid-range,2,0.2,Food Court,5.8,0.03,Marathahalli
1009661,Office Worker,regular,38,78885,586.0,Mid-range,1,0.2,Casual Dining,5.1,0.03,CV Raman Nagar
1009662,Couple,trial_only,30,56298,1312.0,Premium,1,0.3,Cafe,37.7,0.15,Koramangala 4th Block
1009663,Office Worker,occasional,34,43065,527.0,Mid-range,1,0.2,Quick Bites,9.8,0.06,Kammanahalli
1009664,Couple,occasional,27,144077,1623.0,Premium,1,0.3,Fine Dining,36.9,0.06,Kammanahalli
1009665,Student,regular,24,25808,273.0,Budget,1,0.35,Cafe,16.5,0.03,Bellandur
1009666,Family,regular,49,87486,888.0,Mid-range,3,0.15,Food Court,11.9,0.03,BTM
1009667,Food Explorer,trial_only,25,119693,100.0,Budget,1,0.7,Dhaba,13.3,0.15,HSR
1009668,Food Explorer,regular,26,66583,205.0,Budget,1,0.7,Irani Cafe,5.0,0.03,Bellandur
1009669,Food Explorer,occasional,28,63087,725.0,Mid-range,1,0.7,Pub,21.9,0.06,MG Road
1009670,Couple,power_user,26,134059,1396.0,Premium,2,0.3,Lounge,2.1,0.01,Koramangala 7th Block
1009671,Office Worker,regular,29,87635,411.0,Budget,4,0.2,Food Court,4.5,0.03,Banaswadi
1009672,Food Explorer,regular,34,72497,448.0,Budget,2,0.7,Kiosk,7.4,0.03,Commercial Street
1009673,Food Explorer,trial_only,35,91638,511.0,Mid-range,1,0.7,Sweet Shop,12.4,0.15,JP Nagar
1009674,Office Worker,regular,23,68585,469.0,Budget,1,0.2,Cafe,5.4,0.03,Jayanagar
1009675,Office Worker,occasional,29,43552,219.0,Budget,1,0.2,Quick Bites,8.3,0.06,Indiranagar
1009676,Student,regular,23,23809,337.0,Budget,2,0.35,Quick Bites,2.1,0.03,Koramangala 5th Block
1009677,Family,occasional,51,66678,806.0,Mid-range,4,0.15,Casual Dining,17.6,0.06,Koramangala 6th Block
1009678,Family,occasional,40,163930,849.0,Mid-range,4,0.15,Cafe,5.2,0.06,HSR
1009679,Office Worker,occasional,36,79692,438.0,Budget,2,0.2,Quick Bites,3.4,0.06,BTM
1009680,Office Worker,regular,27,39367,312.0,Budget,1,0.2,Casual Dining,1.2,0.03,BTM
1009681,Family,regular,51,133039,580.0,Mid-range,3,0.15,Casual Dining,8.5,0.03,Brookefield
1009682,Student,trial_only,21,12444,422.0,Budget,1,0.35,Quick Bites,9.8,0.15,Sarjapur Road
1009683,Food Explorer,occasional,35,47008,439.0,Budget,2,0.7,Confectionery,6.2,0.06,Seshadripuram
1009684,Office Worker,regular,27,67941,531.0,Mid-range,1,0.2,Food Court,11.5,0.03,Bommanahalli
1009685,Student,regular,19,29925,213.0,Budget,1,0.35,Food Court,1.0,0.03,Basavanagudi
1009686,Student,power_user,21,31116,299.0,Budget,3,0.35,Dessert Parlor,1.9,0.01,Cunningham Road
1009687,Couple,occasional,35,83166,1068.0,Premium,2,0.3,Cafe,6.7,0.06,HSR
1009688,Couple,regular,36,142311,1114.0,Premium,1,0.3,Microbrewery,10.7,0.03,Rajajinagar
1009689,Student,regular,23,23493,273.0,Budget,2,0.35,Quick Bites,4.1,0.03,Kalyan Nagar
1009690,Student,regular,23,19998,416.0,Budget,2,0.35,Quick Bites,2.9,0.03,Domlur
1009691,Office Worker,occasional,28,50689,643.0,Mid-range,1,0.2,Quick Bites,10.3,0.06,Whitefield
1009692,Student,trial_only,21,28372,319.0,Budget,1,0.35,Quick Bites,25.6,0.15,Brookefield
1009693,Family,occasional,23,104467,717.0,Mid-range,4,0.15,Casual Dining,2.8,0.06,BTM
1009694,Student,occasional,23,19770,194.0,Budget,2,0.35,Quick Bites,6.5,0.06,Basavanagudi
1009695,Office Worker,occasional,25,53269,310.0,Budget,1,0.2,Quick Bites,23.1,0.06,Koramangala 5th Block
1009696,Office Worker,regular,24,49132,595.0,Mid-range,1,0.2,Delivery,4.3,0.03,Hennur
1009697,Office Worker,occasional,32,53851,303.0,Budget,1,0.2,Food Court,26.2,0.06,CV Raman Nagar
1009698,Office Worker,power_user,39,31452,406.0,Budget,1,0.2,Food Court,6.9,0.01,Bannerghatta Road
1009699,Student,power_user,20,31862,312.0,Budget,1,0.35,Dessert Parlor,5.3,0.01,Wilson Garden
1009700,Student,occasional,19,16253,100.0,Budget,2,0.35,Dessert Parlor,28.3,0.06,Whitefield
1009701,Student,regular,19,21183,200.0,Budget,2,0.35,Cafe,5.9,0.03,Ulsoor
1009702,Student,occasional,23,14254,193.0,Budget,1,0.35,Beverage Shop,5.0,0.06,Domlur
1009703,Food Explorer,occasional,34,82918,434.0,Budget,2,0.7,Confectionery,24.4,0.06,Lavelle Road
1009704,Office Worker,power_user,31,46117,476.0,Budget,2,0.2,Cafe,6.0,0.01,Jayanagar
1009705,Office Worker,regular,39,40184,553.0,Mid-range,1,0.2,Quick Bites,7.8,0.03,JP Nagar
1009706,Student,occasional,18,17218,247.0,Budget,1,0.35,Quick Bites,8.1,0.06,Indiranagar
1009707,Couple,occasional,37,140475,1062.0,Premium,2,0.3,Fine Dining,8.1,0.06,BTM
1009708,Food Explorer,trial_only,28,108713,570.0,Mid-range,1,0.7,Pub,58.3,0.15,Jayanagar
1009709,Couple,regular,29,128995,958.0,Mid-range,3,0.3,Microbrewery,1.9,0.03,Frazer Town
1009710,Family,trial_only,53,84405,884.0,Mid-range,2,0.15,Casual Dining,3.1,0.15,Electronic City
1009711,Couple,regular,45,114985,1335.0,Premium,2,0.3,Cafe,8.3,0.03,HSR
1009712,Office Worker,power_user,38,79158,178.0,Budget,1,0.2,Delivery,2.4,0.01,Jayanagar
1009713,Couple,occasional,27,114980,1392.0,Premium,2,0.3,Fine Dining,23.6,0.06,Whitefield
1009714,Couple,regular,39,135935,1238.0,Premium,2,0.3,Cafe,6.3,0.03,Koramangala 4th Block
1009715,Student,regular,20,15026,321.0,Budget,1,0.35,Cafe,8.4,0.03,BTM
1009716,Office Worker,regular,29,57827,568.0,Mid-range,1,0.2,Cafe,11.2,0.03,Basavanagudi
1009717,Office Worker,trial_only,26,49827,271.0,Budget,1,0.2,Cafe,43.7,0.15,HSR
1009718,Student,trial_only,22,28113,200.0,Budget,1,0.35,Bakery,29.1,0.15,Yeshwantpur
1009719,Couple,trial_only,42,62782,1179.0,Premium,1,0.3,Cafe,73.8,0.15,New BEL Road
1009720,Student,regular,19,17965,114.0,Budget,3,0.35,Quick Bites,14.5,0.03,Jayanagar
1009721,Family,occasional,39,144294,758.0,Mid-range,6,0.15,Casual Dining,27.2,0.06,Koramangala 5th Block
1009722,Food Explorer,trial_only,34,41421,812.0,Mid-range,1,0.7,Club,22.3,0.15,Banashankari
1009723,Office Worker,regular,34,45343,490.0,Budget,1,0.2,Casual Dining,4.7,0.03,Infantry Road
1009724,Office Worker,regular,27,72579,458.0,Budget,1,0.2,Casual Dining,1.9,0.03,Brigade Road
1009725,Family,regular,21,88733,753.0,Mid-range,5,0.15,Casual Dining,8.6,0.03,Brigade Road
1009726,Couple,occasional,42,110641,1072.0,Premium,2,0.3,Fine Dining,12.0,0.06,Jayanagar
1009727,Student,occasional,22,20011,261.0,Budget,1,0.35,Quick Bites,37.6,0.06,Koramangala 4th Block
1009728,Office Worker,regular,35,57682,473.0,Budget,2,0.2,Food Court,15.6,0.03,"Varthur Main Road, Whitefield"
1009729,Family,power_user,39,102976,490.0,Budget,4,0.15,Fine Dining,1.1,0.01,Electronic City
1009730,Food Explorer,occasional,29,111896,966.0,Mid-range,1,0.7,Fine Dining,2.7,0.06,BTM
1009731,Office Worker,occasional,27,73252,376.0,Budget,1,0.2,Quick Bites,6.5,0.06,Brigade Road
1009732,Office Worker,regular,34,73636,506.0,Mid-range,1,0.2,Quick Bites,18.4,0.03,Brookefield
1009733,Food Explorer,regular,37,103326,620.0,Mid-range,2,0.7,Mess,24.1,0.03,Jeevan Bhima Nagar
1009734,Student,trial_only,20,20639,208.0,Budget,4,0.35,Cafe,43.6,0.15,Frazer Town
1009735,Student,occasional,18,12582,403.0,Budget,2,0.35,Quick Bites,23.1,0.06,Lavelle Road
1009736,Family,occasional,25,66405,1016.0,Premium,4,0.15,Casual Dining,4.0,0.06,Electronic City
1009737,Student,occasional,22,22053,174.0,Budget,2,0.35,Beverage Shop,13.5,0.06,BTM
1009738,Student,trial_only,19,31903,294.0,Budget,2,0.35,Quick Bites,78.5,0.15,BTM
1009739,Family,regular,49,117947,841.0,Mid-range,3,0.15,Casual Dining,3.3,0.03,Koramangala 5th Block
1009740,Family,regular,29,178158,386.0,Budget,7,0.15,Cafe,9.5,0.03,Bannerghatta Road
1009741,Office Worker,regular,31,61408,238.0,Budget,1,0.2,Food Court,10.8,0.03,Shanti Nagar
1009742,Office Worker,trial_only,27,68071,367.0,Budget,2,0.2,Cafe,13.3,0.15,Koramangala 1st Block
1009743,Family,regular,36,69315,537.0,Mid-range,3,0.15,Casual Dining,8.8,0.03,Jayanagar
1009744,Family,regular,44,152184,591.0,Mid-range,4,0.15,Cafe,1.1,0.03,Bannerghatta Road
1009745,Couple,regular,41,138903,806.0,Mid-range,2,0.3,Cafe,4.3,0.03,Race Course Road
1009746,Couple,occasional,40,100602,1163.0,Premium,4,0.3,Fine Dining,10.4,0.06,Bellandur
1009747,Family,occasional,38,168547,622.0,Mid-range,7,0.15,Casual Dining,10.3,0.06,Richmond Road
1009748,Couple,regular,34,73664,1534.0,Premium,2,0.3,Cafe,4.8,0.03,Infantry Road
1009749,Couple,regular,31,98923,1254.0,Premium,1,0.3,Fine Dining,14.0,0.03,Kalyan Nagar
1009750,Student,occasional,24,32802,364.0,Budget,1,0.35,Quick Bites,8.7,0.06,Koramangala 6th Block
1009751,Food Explorer,power_user,35,88292,178.0,Budget,1,0.7,Mess,13.6,0.01,Brigade Road
1009752,Couple,occasional,43,118835,1012.0,Premium,5,0.3,Fine Dining,9.8,0.06,MG Road
1009753,Office Worker,regular,36,54195,464.0,Budget,1,0.2,Casual Dining,1.9,0.03,Koramangala 6th Block
1009754,Student,trial_only,18,23714,336.0,Budget,1,0.35,Cafe,15.4,0.15,Kalyan Nagar
1009755,Family,regular,29,104588,670.0,Mid-range,2,0.15,Cafe,11.9,0.03,Koramangala 4th Block
1009756,Office Worker,occasional,31,70925,400.0,Budget,2,0.2,Cafe,13.8,0.06,"Varthur Main Road, Whitefield"
1009757,Family,regular,31,66694,722.0,Mid-range,2,0.15,Cafe,7.5,0.03,Cunningham Road
1009758,Office Worker,regular,39,60712,420.0,Budget,1,0.2,Quick Bites,4.3,0.03,BTM
1009759,Student,occasional,21,33246,473.0,Budget,2,0.35,Cafe,3.5,0.06,Lavelle Road
1009760,Student,occasional,19,11459,325.0,Budget,1,0.35,Cafe,1.3,0.06,Koramangala 5th Block
1009761,Couple,occasional,37,95112,1212.0,Premium,2,0.3,Cafe,6.9,0.06,Whitefield
1009762,Student,occasional,20,26511,199.0,Budget,1,0.35,Quick Bites,10.6,0.06,JP Nagar
1009763,Family,occasional,24,70147,553.0,Mid-range,2,0.15,Fine Dining,10.0,0.06,Marathahalli
1009764,Office Worker,trial_only,40,30313,429.0,Budget,1,0.2,Casual Dining,16.6,0.15,Jayanagar
1009765,Office Worker,regular,40,39909,563.0,Mid-range,1,0.2,Cafe,5.5,0.03,St. Marks Road
1009766,Office Worker,trial_only,36,43220,430.0,Budget,1,0.2,Cafe,49.3,0.15,Koramangala 6th Block
1009767,Office Worker,regular,28,82720,434.0,Budget,1,0.2,Casual Dining,3.8,0.03,Jayanagar
1009768,Family,regular,49,78717,651.0,Mid-range,1,0.15,Casual Dining,9.2,0.03,Sarjapur Road
1009769,Family,occasional,30,136857,452.0,Budget,4,0.15,Casual Dining,11.4,0.06,Koramangala 7th Block
1009770,Student,power_user,24,18503,335.0,Budget,1,0.35,Food Court,8.5,0.01,"Varthur Main Road, Whitefield"
1009771,Office Worker,regular,38,62134,425.0,Budget,1,0.2,Cafe,8.1,0.03,JP Nagar
1009772,Family,power_user,26,168998,889.0,Mid-range,1,0.15,Casual Dining,0.8,0.01,Banaswadi
1009773,Family,occasional,31,162993,831.0,Mid-range,3,0.15,Cafe,9.1,0.06,BTM
1009774,Office Worker,occasional,35,34782,354.0,Budget,2,0.2,Casual Dining,13.9,0.06,Marathahalli
1009775,Couple,power_user,29,58907,1268.0,Premium,4,0.3,Fine Dining,4.0,0.01,Bannerghatta Road
1009776,Student,regular,23,18935,197.0,Budget,2,0.35,Food Court,6.6,0.03,Kumaraswamy Layout
1009777,Student,regular,22,30219,317.0,Budget,3,0.35,Cafe,2.2,0.03,HSR
1009778,Family,regular,28,151148,787.0,Mid-range,5,0.15,Dessert Parlor,4.1,0.03,Electronic City
1009779,Family,power_user,47,134210,1108.0,Premium,2,0.15,Fine Dining,2.8,0.01,Whitefield
1009780,Couple,regular,24,136310,940.0,Mid-range,2,0.3,Lounge,10.5,0.03,BTM
1009781,Student,trial_only,20,14556,194.0,Budget,2,0.35,Cafe,78.2,0.15,BTM
1009782,Office Worker,occasional,26,74168,409.0,Budget,1,0.2,Casual Dining,20.5,0.06,Marathahalli
1009783,Family,regular,20,176321,922.0,Mid-range,4,0.15,Casual Dining,11.3,0.03,New BEL Road
1009784,Student,regular,23,34131,100.0,Budget,3,0.35,Dessert Parlor,3.0,0.03,Race Course Road
1009785,Office Worker,power_user,25,72675,538.0,Mid-range,2,0.2,Quick Bites,4.9,0.01,Koramangala 1st Block
1009786,Family,regular,44,143510,758.0,Mid-range,6,0.15,Fine Dining,10.2,0.03,Yelahanka
1009787,Student,regular,18,15592,209.0,Budget,2,0.35,Cafe,6.8,0.03,BTM
1009788,Office Worker,trial_only,39,74688,413.0,Budget,1,0.2,Cafe,59.2,0.15,BTM
1009789,Student,occasional,24,16182,241.0,Budget,1,0.35,Quick Bites,14.7,0.06,Marathahalli
1009790,Food Explorer,occasional,28,73765,294.0,Budget,1,0.7,Confectionery,13.8,0.06,Jayanagar
1009791,Student,regular,21,12924,145.0,Budget,2,0.35,Cafe,5.9,0.03,Indiranagar
1009792,Student,occasional,22,17551,358.0,Budget,1,0.35,Cafe,24.0,0.06,Ejipura
1009793,Student,trial_only,22,11896,255.0,Budget,2,0.35,Quick Bites,15.5,0.15,Koramangala 6th Block
1009794,Student,power_user,18,21547,269.0,Budget,3,0.35,Quick Bites,3.1,0.01,Marathahalli
1009795,Student,trial_only,24,11808,368.0,Budget,1,0.35,Cafe,55.8,0.15,BTM
1009796,Family,regular,53,152150,811.0,Mid-range,3,0.15,Casual Dining,2.2,0.03,BTM
1009797,Student,occasional,21,26394,175.0,Budget,1,0.35,Quick Bites,11.0,0.06,HSR
1009798,Office Worker,regular,32,69016,517.0,Mid-range,1,0.2,Food Court,3.6,0.03,Whitefield
1009799,Student,occasional,19,27580,419.0,Budget,2,0.35,Quick Bites,9.6,0.06,BTM
1009800,Office Worker,regular,36,76314,500.0,Budget,1,0.2,Cafe,2.6,0.03,Koramangala 5th Block
1009801,Student,occasional,21,26892,231.0,Budget,2,0.35,Quick Bites,4.9,0.06,BTM
1009802,Family,occasional,30,135311,505.0,Mid-range,2,0.15,Casual Dining,8.0,0.06,Ejipura
1009803,Family,occasional,31,81912,620.0,Mid-range,3,0.15,Fine Dining,3.7,0.06,Koramangala 6th Block
1009804,Family,occasional,22,147972,821.0,Mid-range,1,0.15,Cafe,8.9,0.06,Bannerghatta Road
1009805,Student,power_user,23,22175,414.0,Budget,2,0.35,Quick Bites,6.8,0.01,Jayanagar
1009806,Couple,occasional,25,65567,972.0,Mid-range,1,0.3,Fine Dining,1.7,0.06,Ejipura
1009807,Family,regular,40,117688,670.0,Mid-range,4,0.15,Fine Dining,7.4,0.03,Jayanagar
1009808,Student,occasional,23,18091,382.0,Budget,1,0.35,Dessert Parlor,5.0,0.06,Bannerghatta Road
1009809,Office Worker,regular,23,41939,407.0,Budget,2,0.2,Cafe,4.0,0.03,BTM
1009810,Couple,occasional,27,106119,1714.0,Premium,1,0.3,Pub,5.7,0.06,Shivajinagar
1009811,Office Worker,regular,36,83685,435.0,Budget,1,0.2,Quick Bites,2.0,0.03,Indiranagar
1009812,Office Worker,trial_only,37,30992,567.0,Mid-range,1,0.2,Cafe,21.7,0.15,Kalyan Nagar
1009813,Family,occasional,22,76189,877.0,Mid-range,3,0.15,Dessert Parlor,6.0,0.06,BTM
1009814,Student,power_user,19,32808,357.0,Budget,1,0.35,Quick Bites,4.3,0.01,Indiranagar
1009815,Food Explorer,occasional,33,95273,556.0,Mid-range,2,0.7,Microbrewery,7.5,0.06,HSR
1009816,Student,regular,21,15987,291.0,Budget,1,0.35,Cafe,25.4,0.03,Residency Road
1009817,Student,regular,21,19230,334.0,Budget,1,0.35,Quick Bites,4.4,0.03,Basavanagudi
1009818,Student,regular,19,12212,364.0,Budget,2,0.35,Cafe,7.9,0.03,Basavanagudi
1009819,Office Worker,occasional,32,80616,503.0,Mid-range,1,0.2,Delivery,24.3,0.06,JP Nagar
1009820,Couple,trial_only,25,116425,670.0,Mid-range,2,0.3,Fine Dining,20.8,0.15,Koramangala 4th Block
1009821,Couple,trial_only,43,73218,1277.0,Premium,5,0.3,Cafe,41.4,0.15,BTM
1009822,Food Explorer,regular,32,55499,436.0,Budget,1,0.7,Takeaway,3.4,0.03,Koramangala 5th Block
1009823,Office Worker,power_user,29,71469,395.0,Budget,3,0.2,Casual Dining,1.7,0.01,Race Course Road
1009824,Office Worker,trial_only,29,63716,496.0,Budget,1,0.2,Quick Bites,34.5,0.15,Brigade Road
1009825,Office Worker,regular,29,74941,620.0,Mid-range,1,0.2,Quick Bites,5.5,0.03,MG Road
1009826,Student,occasional,21,16224,281.0,Budget,2,0.35,Beverage Shop,27.3,0.06,BTM
1009827,Food Explorer,trial_only,25,119555,1093.0,Premium,1,0.7,Confectionery,22.6,0.15,JP Nagar
1009828,Office Worker,regular,33,39956,340.0,Budget,2,0.2,Delivery,20.4,0.03,Vasanth Nagar
1009829,Office Worker,regular,26,40700,573.0,Mid-range,2,0.2,Delivery,8.9,0.03,BTM
1009830,Office Worker,trial_only,28,74100,493.0,Budget,1,0.2,Quick Bites,72.1,0.15,Koramangala 7th Block
1009831,Couple,occasional,43,106481,1263.0,Premium,5,0.3,Lounge,4.9,0.06,Lavelle Road
1009832,Student,trial_only,21,19709,411.0,Budget,1,0.35,Cafe,17.4,0.15,Old Airport Road
1009833,Family,occasional,52,148360,673.0,Mid-range,2,0.15,Fine Dining,9.6,0.06,Whitefield
1009834,Family,regular,43,128933,1056.0,Premium,5,0.15,Casual Dining,5.2,0.03,BTM
1009835,Couple,trial_only,41,90290,1138.0,Premium,2,0.3,Cafe,24.9,0.15,Whitefield
1009836,Student,occasional,18,15403,249.0,Budget,1,0.35,Quick Bites,65.7,0.06,Koramangala 4th Block
1009837,Student,trial_only,21,27932,194.0,Budget,2,0.35,Quick Bites,48.7,0.15,Ulsoor
1009838,Office Worker,occasional,29,63145,609.0,Mid-range,1,0.2,Quick Bites,4.7,0.06,MG Road
1009839,Couple,occasional,24,139426,1542.0,Premium,2,0.3,Lounge,35.1,0.06,Jayanagar
1009840,Food Explorer,regular,23,73698,480.0,Budget,1,0.7,Confectionery,4.2,0.03,Brigade Road
1009841,Family,regular,26,91852,909.0,Mid-range,2,0.15,Casual Dining,5.5,0.03,Indiranagar
1009842,Student,trial_only,18,11280,310.0,Budget,2,0.35,Cafe,17.1,0.15,Commercial Street
1009843,Student,trial_only,21,16773,272.0,Budget,1,0.35,Cafe,36.7,0.15,BTM
1009844,Family,occasional,21,147203,993.0,Mid-range,8,0.15,Dessert Parlor,4.2,0.06,Jayanagar
1009845,Student,trial_only,23,17173,250.0,Budget,1,0.35,Quick Bites,97.4,0.15,Brookefield
1009846,Family,regular,41,126284,362.0,Budget,5,0.15,Cafe,3.3,0.03,Hebbal
1009847,Couple,trial_only,45,71484,1278.0,Premium,2,0.3,Cafe,23.9,0.15,Marathahalli
1009848,Office Worker,occasional,24,85641,457.0,Budget,1,0.2,Cafe,7.5,0.06,Jayanagar
1009849,Office Worker,occasional,24,84111,391.0,Budget,1,0.2,Food Court,3.1,0.06,Residency Road
1009850,Student,occasional,24,30199,229.0,Budget,1,0.35,Quick Bites,2.2,0.06,Cunningham Road
1009851,Office Worker,occasional,30,73997,294.0,Budget,2,0.2,Casual Dining,23.2,0.06,Koramangala 7th Block
1009852,Family,trial_only,47,128534,727.0,Mid-range,2,0.15,Casual Dining,33.7,0.15,Lavelle Road
1009853,Office Worker,regular,26,30495,362.0,Budget,1,0.2,Casual Dining,4.2,0.03,Ejipura
1009854,Student,trial_only,18,11076,377.0,Budget,1,0.35,Cafe,33.2,0.15,Jayanagar
1009855,Student,regular,21,21086,341.0,Budget,1,0.35,Bakery,3.0,0.03,Indiranagar
1009856,Student,regular,22,28798,261.0,Budget,1,0.35,Dessert Parlor,3.9,0.03,HSR
1009857,Family,occasional,24,75611,905.0,Mid-range,3,0.15,Casual Dining,5.7,0.06,HSR
1009858,Family,occasional,20,125885,779.0,Mid-range,5,0.15,Casual Dining,3.9,0.06,Koramangala 6th Block
1009859,Office Worker,trial_only,26,87271,423.0,Budget,1,0.2,Quick Bites,10.9,0.15,HSR
1009860,Office Worker,regular,24,80102,445.0,Budget,2,0.2,Casual Dining,2.5,0.03,Basavanagudi
1009861,Student,power_user,24,23793,442.0,Budget,1,0.35,Beverage Shop,3.2,0.01,Electronic City
1009862,Office Worker,occasional,40,64665,514.0,Mid-range,2,0.2,Cafe,11.9,0.06,Domlur
1009863,Student,trial_only,18,11564,276.0,Budget,3,0.35,Quick Bites,19.6,0.15,Kalyan Nagar
1009864,Food Explorer,trial_only,30,40162,823.0,Mid-range,1,0.7,Takeaway,28.6,0.15,Marathahalli
1009865,Student,trial_only,20,17896,369.0,Budget,3,0.35,Bakery,13.7,0.15,JP Nagar
1009866,Office Worker,occasional,23,78895,476.0,Budget,1,0.2,Casual Dining,4.5,0.06,Marathahalli
1009867,Student,trial_only,22,10148,274.0,Budget,1,0.35,Dessert Parlor,12.8,0.15,Electronic City
1009868,Couple,regular,42,129928,1082.0,Premium,4,0.3,Cafe,6.3,0.03,Banaswadi
1009869,Student,trial_only,22,16437,214.0,Budget,1,0.35,Beverage Shop,13.8,0.15,Indiranagar
1009870,Food Explorer,occasional,39,47952,645.0,Mid-range,3,0.7,Cafe,11.8,0.06,Koramangala 5th Block
1009871,Student,regular,22,12395,251.0,Budget,1,0.35,Bakery,4.8,0.03,Sarjapur Road
1009872,Couple,occasional,36,118383,1069.0,Premium,2,0.3,Fine Dining,8.6,0.06,Marathahalli
1009873,Family,occasional,54,65377,925.0,Mid-range,5,0.15,Cafe,2.9,0.06,Marathahalli
1009874,Student,regular,22,23153,435.0,Budget,3,0.35,Quick Bites,3.5,0.03,Jayanagar
1009875,Student,regular,23,33373,330.0,Budget,2,0.35,Cafe,6.9,0.03,Brigade Road
1009876,Office Worker,occasional,37,65395,439.0,Budget,1,0.2,Casual Dining,22.6,0.06,Electronic City
1009877,Couple,trial_only,24,83435,1194.0,Premium,2,0.3,Fine Dining,43.3,0.15,Koramangala 3rd Block
1009878,Couple,occasional,40,138936,1541.0,Premium,2,0.3,Fine Dining,20.3,0.06,Whitefield
1009879,Student,regular,23,11823,331.0,Budget,1,0.35,Beverage Shop,1.8,0.03,Indiranagar
1009880,Office Worker,occasional,31,44974,469.0,Budget,3,0.2,Casual Dining,27.8,0.06,Indiranagar
1009881,Student,regular,21,14285,321.0,Budget,3,0.35,Quick Bites,2.7,0.03,Bommanahalli
1009882,Student,regular,23,10329,186.0,Budget,2,0.35,Cafe,3.8,0.03,BTM
1009883,Family,power_user,25,174548,878.0,Mid-range,4,0.15,Dessert Parlor,2.6,0.01,BTM
1009884,Office Worker,occasional,32,42513,362.0,Budget,1,0.2,Quick Bites,26.1,0.06,Ejipura
1009885,Student,regular,23,11832,332.0,Budget,1,0.35,Quick Bites,2.5,0.03,JP Nagar
1009886,Couple,power_user,29,141513,979.0,Mid-range,3,0.3,Cafe,12.9,0.01,Koramangala 4th Block
1009887,Family,regular,29,175454,918.0,Mid-range,3,0.15,Casual Dining,5.1,0.03,Bannerghatta Road
1009888,Couple,occasional,24,71142,1154.0,Premium,1,0.3,Fine Dining,10.6,0.06,Koramangala 5th Block
1009889,Student,regular,20,20045,208.0,Budget,1,0.35,Quick Bites,5.8,0.03,Domlur
1009890,Food Explorer,regular,28,93961,527.0,Mid-range,1,0.7,Cafe,10.3,0.03,Brigade Road
1009891,Family,occasional,54,111280,1241.0,Premium,3,0.15,Casual Dining,20.0,0.06,Koramangala 6th Block
1009892,Office Worker,occasional,24,77381,223.0,Budget,1,0.2,Casual Dining,4.7,0.06,BTM
1009893,Student,trial_only,22,16217,313.0,Budget,2,0.35,Cafe,34.3,0.15,Sarjapur Road
1009894,Couple,occasional,25,131321,897.0,Mid-range,2,0.3,Lounge,17.5,0.06,HSR
1009895,Office Worker,occasional,37,63515,588.0,Mid-range,2,0.2,Cafe,29.5,0.06,Vasanth Nagar
1009896,Couple,trial_only,34,51043,1445.0,Premium,2,0.3,Pub,3.7,0.15,Electronic City
1009897,Family,occasional,35,134474,837.0,Mid-range,2,0.15,Casual Dining,31.7,0.06,Race Course Road
1009898,Couple,occasional,44,50940,1475.0,Premium,4,0.3,Fine Dining,27.0,0.06,Jayanagar
1009899,Family,power_user,46,161533,849.0,Mid-range,2,0.15,Casual Dining,5.0,0.01,Electronic City
1009900,Food Explorer,regular,24,119121,602.0,Mid-range,2,0.7,Kiosk,16.8,0.03,BTM
1009901,Student,regular,19,13856,252.0,Budget,2,0.35,Food Court,12.9,0.03,BTM
1009902,Student,regular,19,23186,271.0,Budget,2,0.35,Bakery,8.6,0.03,Kalyan Nagar
1009903,Family,trial_only,41,100401,707.0,Mid-range,7,0.15,Fine Dining,21.7,0.15,BTM
1009904,Office Worker,regular,37,33822,451.0,Budget,1,0.2,Quick Bites,2.1,0.03,Hennur
1009905,Family,occasional,42,141321,422.0,Budget,5,0.15,Casual Dining,5.8,0.06,Yeshwantpur
1009906,Family,trial_only,34,63217,1006.0,Premium,5,0.15,Casual Dining,65.6,0.15,JP Nagar
1009907,Office Worker,occasional,36,31442,645.0,Mid-range,1,0.2,Casual Dining,9.4,0.06,Rajajinagar
1009908,Couple,regular,40,131077,1070.0,Premium,5,0.3,Lounge,5.0,0.03,Shivajinagar
1009909,Office Worker,trial_only,24,46932,567.0,Mid-range,1,0.2,Quick Bites,32.8,0.15,HSR
1009910,Couple,regular,35,140496,1160.0,Premium,1,0.3,Cafe,4.4,0.03,Church Street
1009911,Student,power_user,22,24856,252.0,Budget,2,0.35,Dessert Parlor,3.2,0.01,Domlur
1009912,Family,regular,41,122939,724.0,Mid-range,4,0.15,Fine Dining,4.9,0.03,Marathahalli
1009913,Couple,regular,29,90921,1226.0,Premium,1,0.3,Fine Dining,6.4,0.03,Richmond Road
1009914,Office Worker,trial_only,25,52303,378.0,Budget,1,0.2,Cafe,32.2,0.15,Whitefield
1009915,Office Worker,regular,28,43497,511.0,Mid-range,1,0.2,Casual Dining,3.5,0.03,Sarjapur Road
1009916,Office Worker,trial_only,29,72142,398.0,Budget,1,0.2,Cafe,32.7,0.15,Koramangala 6th Block
1009917,Family,power_user,53,132737,585.0,Mid-range,1,0.15,Cafe,1.9,0.01,HSR
1009918,Office Worker,trial_only,34,31343,448.0,Budget,3,0.2,Cafe,77.4,0.15,Koramangala 3rd Block
1009919,Student,power_user,23,18088,244.0,Budget,1,0.35,Food Court,0.4,0.01,Kumaraswamy Layout
1009920,Couple,trial_only,24,139892,1102.0,Premium,2,0.3,Cafe,55.6,0.15,Basaveshwara Nagar
1009921,Student,power_user,23,22314,296.0,Budget,2,0.35,Quick Bites,1.9,0.01,Koramangala 7th Block
1009922,Office Worker,trial_only,26,45365,316.0,Budget,1,0.2,Cafe,42.7,0.15,Whitefield
1009923,Family,trial_only,40,87547,1092.0,Premium,6,0.15,Cafe,21.0,0.15,Residency Road
1009924,Student,occasional,20,14772,365.0,Budget,2,0.35,Cafe,18.6,0.06,MG Road
1009925,Student,power_user,24,31528,250.0,Budget,2,0.35,Cafe,3.3,0.01,Old Airport Road
1009926,Food Explorer,occasional,34,64863,595.0,Mid-range,1,0.7,Casual Dining,10.5,0.06,Shivajinagar
1009927,Family,occasional,36,95712,927.0,Mid-range,4,0.15,Casual Dining,6.2,0.06,Whitefield
1009928,Student,occasional,21,11593,317.0,Budget,2,0.35,Quick Bites,2.6,0.06,Sarjapur Road
1009929,Couple,occasional,39,138950,1764.0,Premium,2,0.3,Cafe,17.1,0.06,Bellandur
1009930,Office Worker,trial_only,35,53374,426.0,Budget,2,0.2,Cafe,44.9,0.15,Koramangala 3rd Block
1009931,Student,trial_only,22,27623,395.0,Budget,1,0.35,Cafe,5.7,0.15,Bannerghatta Road
1009932,Family,occasional,46,145770,533.0,Mid-range,3,0.15,Cafe,12.3,0.06,BTM
1009933,Office Worker,power_user,37,51007,332.0,Budget,1,0.2,Casual Dining,0.9,0.01,Koramangala 1st Block
1009934,Student,regular,18,22455,435.0,Budget,1,0.35,Bakery,9.4,0.03,JP Nagar
1009935,Couple,occasional,32,60134,1070.0,Premium,2,0.3,Fine Dining,1.8,0.06,BTM
1009936,Office Worker,trial_only,39,70079,333.0,Budget,1,0.2,Casual Dining,12.3,0.15,Vasanth Nagar
1009937,Office Worker,regular,28,70430,445.0,Budget,1,0.2,Casual Dining,4.4,0.03,Kalyan Nagar
1009938,Office Worker,power_user,37,42826,576.0,Mid-range,1,0.2,Casual Dining,2.8,0.01,HSR
1009939,Couple,regular,36,69543,971.0,Mid-range,3,0.3,Lounge,5.7,0.03,Marathahalli
1009940,Family,regular,29,107747,792.0,Mid-range,2,0.15,Casual Dining,13.1,0.03,Whitefield
1009941,Food Explorer,trial_only,28,95385,136.0,Budget,1,0.7,Sweet Shop,64.3,0.15,Church Street
1009942,Student,occasional,21,22987,262.0,Budget,1,0.35,Cafe,22.8,0.06,Malleshwaram
1009943,Couple,regular,26,56169,1499.0,Premium,3,0.3,Cafe,4.6,0.03,HSR
1009944,Family,regular,31,128707,643.0,Mid-range,5,0.15,Fine Dining,6.1,0.03,BTM
1009945,Office Worker,power_user,35,72423,323.0,Budget,1,0.2,Cafe,1.7,0.01,Church Street
1009946,Student,occasional,24,14660,238.0,Budget,1,0.35,Cafe,10.6,0.06,Koramangala 3rd Block
1009947,Couple,occasional,44,94462,1017.0,Premium,3,0.3,Cafe,31.0,0.06,Infantry Road
1009948,Student,power_user,20,30192,361.0,Budget,1,0.35,Cafe,7.5,0.01,HSR
1009949,Family,regular,48,98962,876.0,Mid-range,3,0.15,Fine Dining,11.7,0.03,Marathahalli
1009950,Office Worker,trial_only,30,35413,507.0,Mid-range,2,0.2,Cafe,32.1,0.15,HSR
1009951,Student,trial_only,23,33133,302.0,Budget,1,0.35,Cafe,26.5,0.15,Thippasandra
1009952,Food Explorer,occasional,39,47863,445.0,Budget,2,0.7,Dessert Parlor,15.0,0.06,Electronic City
1009953,Couple,occasional,33,56146,967.0,Mid-range,3,0.3,Pub,13.7,0.06,Vasanth Nagar
1009954,Office Worker,trial_only,33,44982,493.0,Budget,1,0.2,Quick Bites,50.4,0.15,Electronic City
1009955,Family,occasional,51,150175,1118.0,Premium,4,0.15,Casual Dining,17.2,0.06,BTM
1009956,Office Worker,trial_only,25,69257,356.0,Budget,1,0.2,Cafe,23.5,0.15,Jayanagar
1009957,Family,power_user,28,88227,596.0,Mid-range,7,0.15,Casual Dining,4.3,0.01,"ITPL Main Road, Whitefield"
1009958,Student,regular,22,11927,209.0,Budget,1,0.35,Quick Bites,5.8,0.03,Old Airport Road
1009959,Office Worker,power_user,26,87257,533.0,Mid-range,1,0.2,Quick Bites,1.5,0.01,Brigade Road
1009960,Office Worker,trial_only,37,30463,446.0,Budget,1,0.2,Casual Dining,13.0,0.15,Jayanagar
1009961,Office Worker,occasional,27,85474,506.0,Mid-range,1,0.2,Food Court,2.9,0.06,Koramangala 5th Block
1009962,Office Worker,regular,29,58331,399.0,Budget,3,0.2,Delivery,24.3,0.03,HSR
1009963,Student,trial_only,23,14857,349.0,Budget,1,0.35,Dessert Parlor,36.1,0.15,Koramangala 5th Block
1009964,Food Explorer,trial_only,32,67732,528.0,Mid-range,1,0.7,Food Court,31.1,0.15,Koramangala 7th Block
1009965,Student,regular,23,17760,176.0,Budget,1,0.35,Bakery,2.1,0.03,Malleshwaram
1009966,Student,occasional,22,13918,374.0,Budget,1,0.35,Food Court,5.4,0.06,Indiranagar
1009967,Office Worker,occasional,32,55915,446.0,Budget,1,0.2,Quick Bites,15.4,0.06,CV Raman Nagar
1009968,Family,power_user,38,138711,738.0,Mid-range,2,0.15,Casual Dining,2.2,0.01,Electronic City
1009969,Student,occasional,23,21815,323.0,Budget,3,0.35,Bakery,4.5,0.06,Koramangala 4th Block
1009970,Office Worker,regular,40,68486,306.0,Budget,1,0.2,Delivery,2.7,0.03,Koramangala 7th Block
1009971,Family,trial_only,20,176426,886.0,Mid-range,3,0.15,Dessert Parlor,16.8,0.15,Banaswadi
1009972,Student,trial_only,21,13047,252.0,Budget,1,0.35,Beverage Shop,30.6,0.15,Thippasandra
1009973,Food Explorer,trial_only,36,99109,561.0,Mid-range,1,0.7,Confectionery,15.6,0.15,Shivajinagar
1009974,Office Worker,occasional,34,43788,564.0,Mid-range,1,0.2,Casual Dining,9.2,0.06,Brigade Road
1009975,Family,regular,37,62283,928.0,Mid-range,1,0.15,Casual Dining,0.9,0.03,Kumaraswamy Layout
1009976,Student,regular,23,19124,286.0,Budget,2,0.35,Cafe,7.1,0.03,Bannerghatta Road
1009977,Family,occasional,36,107222,780.0,Mid-range,5,0.15,Casual Dining,7.5,0.06,BTM
1009978,Couple,regular,27,149004,432.0,Budget,1,0.3,Fine Dining,14.4,0.03,HSR
1009979,Student,occasional,19,18610,234.0,Budget,1,0.35,Cafe,29.4,0.06,Hennur
1009980,Student,regular,18,29215,313.0,Budget,3,0.35,Dessert Parlor,7.5,0.03,Kumaraswamy Layout
1009981,Office Worker,regular,35,86104,374.0,Budget,2,0.2,Quick Bites,9.3,0.03,Vasanth Nagar
1009982,Student,occasional,24,18429,194.0,Budget,2,0.35,Bakery,33.6,0.06,Brookefield
1009983,Food Explorer,occasional,29,54323,720.0,Mid-range,1,0.7,Bakery,21.0,0.06,Kalyan Nagar
1009984,Family,occasional,46,175853,1061.0,Premium,3,0.15,Fine Dining,13.9,0.06,Shanti Nagar
1009985,Family,occasional,55,114972,656.0,Mid-range,3,0.15,Dessert Parlor,6.4,0.06,Bellandur
1009986,Food Explorer,regular,29,76395,819.0,Mid-range,1,0.7,Pub,8.0,0.03,Koramangala 6th Block
1009987,Couple,occasional,43,122867,1417.0,Premium,2,0.3,Fine Dining,6.0,0.06,St. Marks Road
1009988,Couple,occasional,24,88033,907.0,Mid-range,2,0.3,Cafe,33.4,0.06,BTM
1009989,Office Worker,occasional,35,62488,377.0,Budget,1,0.2,Quick Bites,5.8,0.06,Koramangala 6th Block
1009990,Office Worker,regular,25,86658,630.0,Mid-range,1,0.2,Cafe,5.1,0.03,Marathahalli
1009991,Office Worker,occasional,37,32916,338.0,Budget,1,0.2,Quick Bites,4.3,0.06,Koramangala 6th Block
1009992,Office Worker,power_user,23,74171,389.0,Budget,1,0.2,Quick Bites,0.5,0.01,Majestic
1009993,Office Worker,occasional,37,53810,647.0,Mid-range,1,0.2,Casual Dining,30.9,0.06,New BEL Road
1009994,Student,regular,20,23696,254.0,Budget,2,0.35,Quick Bites,5.2,0.03,Koramangala 1st Block
1009995,Office Worker,trial_only,27,84609,585.0,Mid-range,2,0.2,Delivery,79.3,0.15,Richmond Road
1009996,Office Worker,trial_only,32,66042,348.0,Budget,1,0.2,Casual Dining,39.8,0.15,Koramangala 6th Block
1009997,Office Worker,occasional,40,55138,464.0,Budget,1,0.2,Delivery,5.3,0.06,JP Nagar
1009998,Student,trial_only,19,34321,387.0,Budget,1,0.35,Quick Bites,107.9,0.15,Electronic City
1009999,Office Worker,occasional,28,66318,403.0,Budget,1,0.2,Food Court,11.9,0.06,HSR
1010000,Office Worker,regular,34,39174,460.0,Budget,1,0.2,Food Court,14.4,0.03,Electronic City
